14:40:30:200  INFO 25108 --- [main] com.hmall.item.ItemApplication           : Starting ItemApplication using Java 17.0.6 on LAPTOP-BFIC8H2P with PID 25108 (D:\Desktop\sprindcloud\2\springcloud\day02-Docker\资料\hmall\item-service\target\classes started by 86132 in D:\Desktop\sprindcloud\2\springcloud\day02-Docker\资料\hmall)
14:40:30:204 DEBUG 25108 --- [main] com.hmall.item.ItemApplication           : Running with Spring Boot v2.7.12, Spring v5.3.27
14:40:30:204  INFO 25108 --- [main] com.hmall.item.ItemApplication           : The following 1 profile is active: "local"
14:40:30:966  INFO 25108 --- [main] o.s.cloud.context.scope.GenericScope     : BeanFactory id=62fb25a4-9c7b-314a-9c49-7e269f34c575
14:40:31:371  INFO 25108 --- [main] o.s.b.w.embedded.tomcat.TomcatWebServer  : Tomcat initialized with port(s): 8081 (http)
14:40:31:380  INFO 25108 --- [main] o.apache.catalina.core.StandardService   : Starting service [Tomcat]
14:40:31:381  INFO 25108 --- [main] org.apache.catalina.core.StandardEngine  : Starting Servlet engine: [Apache Tomcat/9.0.75]
14:40:31:549  INFO 25108 --- [main] o.a.c.c.C.[Tomcat].[localhost].[/]       : Initializing Spring embedded WebApplicationContext
14:40:31:549  INFO 25108 --- [main] w.s.c.ServletWebServerApplicationContext : Root WebApplicationContext: initialization completed in 1303 ms
14:40:32:854  INFO 25108 --- [main] pertySourcedRequestMappingHandlerMapping : Mapped URL path [/v2/api-docs] onto method [springfox.documentation.swagger2.web.Swagger2ControllerWebMvc#getDocumentation(String, HttpServletRequest)]
14:40:33:446  INFO 25108 --- [main] com.alibaba.nacos.common.remote.client   : [RpcClientFactory] create a new rpc client of b4f3762e-45fc-4917-b3c2-722a2114eb03
14:40:33:502  INFO 25108 --- [main] org.reflections.Reflections              : Reflections took 22 ms to scan 1 urls, producing 3 keys and 6 values 
14:40:33:522  INFO 25108 --- [main] org.reflections.Reflections              : Reflections took 6 ms to scan 1 urls, producing 4 keys and 9 values 
14:40:33:530  INFO 25108 --- [main] org.reflections.Reflections              : Reflections took 5 ms to scan 1 urls, producing 3 keys and 10 values 
14:40:33:531  WARN 25108 --- [main] org.reflections.Reflections              : given scan urls are empty. set urls in the configuration
14:40:33:540  INFO 25108 --- [main] org.reflections.Reflections              : Reflections took 8 ms to scan 1 urls, producing 1 keys and 5 values 
14:40:33:551  INFO 25108 --- [main] org.reflections.Reflections              : Reflections took 11 ms to scan 1 urls, producing 1 keys and 7 values 
14:40:33:563  INFO 25108 --- [main] org.reflections.Reflections              : Reflections took 6 ms to scan 1 urls, producing 2 keys and 8 values 
14:40:33:567  WARN 25108 --- [main] org.reflections.Reflections              : given scan urls are empty. set urls in the configuration
14:40:33:570  INFO 25108 --- [main] com.alibaba.nacos.common.remote.client   : [b4f3762e-45fc-4917-b3c2-722a2114eb03] RpcClient init label, labels = {module=naming, source=sdk}
14:40:33:572  INFO 25108 --- [main] com.alibaba.nacos.common.remote.client   : [b4f3762e-45fc-4917-b3c2-722a2114eb03] RpcClient init, ServerListFactory = com.alibaba.nacos.client.naming.core.ServerListManager
14:40:33:572  INFO 25108 --- [main] com.alibaba.nacos.common.remote.client   : [b4f3762e-45fc-4917-b3c2-722a2114eb03] Registry connection listener to current client:com.alibaba.nacos.client.naming.remote.gprc.redo.NamingGrpcRedoService
14:40:33:572  INFO 25108 --- [main] com.alibaba.nacos.common.remote.client   : [b4f3762e-45fc-4917-b3c2-722a2114eb03] Register server push request handler:com.alibaba.nacos.client.naming.remote.gprc.NamingPushRequestHandler
14:40:33:573  INFO 25108 --- [main] com.alibaba.nacos.common.remote.client   : [b4f3762e-45fc-4917-b3c2-722a2114eb03] Try to connect to server on start up, server: {serverIp = '192.168.115.132', server main port = 8848}
14:40:33:763  INFO 14616 --- [main] com.hmall.item.ItemApplication           : Starting ItemApplication using Java 17.0.6 on LAPTOP-BFIC8H2P with PID 14616 (D:\Desktop\sprindcloud\2\springcloud\day02-Docker\资料\hmall\item-service\target\classes started by 86132 in D:\Desktop\sprindcloud\2\springcloud\day02-Docker\资料\hmall)
14:40:33:766 DEBUG 14616 --- [main] com.hmall.item.ItemApplication           : Running with Spring Boot v2.7.12, Spring v5.3.27
14:40:33:766  INFO 14616 --- [main] com.hmall.item.ItemApplication           : The following 1 profile is active: "local"
14:40:34:544  INFO 14616 --- [main] o.s.cloud.context.scope.GenericScope     : BeanFactory id=62fb25a4-9c7b-314a-9c49-7e269f34c575
14:40:34:781  INFO 25108 --- [main] com.alibaba.nacos.common.remote.client   : [b4f3762e-45fc-4917-b3c2-722a2114eb03] Success to connect to server [192.168.115.132:8848] on start up, connectionId = 1737009633739_192.168.115.1_62486
14:40:34:781  INFO 25108 --- [com.alibaba.nacos.client.remote.worker] com.alibaba.nacos.common.remote.client   : [b4f3762e-45fc-4917-b3c2-722a2114eb03] Notify connected event to listeners.
14:40:34:781  INFO 25108 --- [main] com.alibaba.nacos.common.remote.client   : [b4f3762e-45fc-4917-b3c2-722a2114eb03] Register server push request handler:com.alibaba.nacos.common.remote.client.RpcClient$ConnectResetRequestHandler
14:40:34:781  INFO 25108 --- [main] com.alibaba.nacos.common.remote.client   : [b4f3762e-45fc-4917-b3c2-722a2114eb03] Register server push request handler:com.alibaba.nacos.common.remote.client.RpcClient$$Lambda$950/0x0000000801387680
14:40:34:848  INFO 25108 --- [main] o.s.b.w.embedded.tomcat.TomcatWebServer  : Tomcat started on port(s): 8081 (http) with context path ''
14:40:34:862  INFO 25108 --- [main] c.a.c.n.registry.NacosServiceRegistry    : nacos registry, DEFAULT_GROUP item-service 192.168.203.1:8081 register finished
14:40:34:934  INFO 14616 --- [main] o.s.b.w.embedded.tomcat.TomcatWebServer  : Tomcat initialized with port(s): 8083 (http)
14:40:34:943  INFO 14616 --- [main] o.apache.catalina.core.StandardService   : Starting service [Tomcat]
14:40:34:943  INFO 14616 --- [main] org.apache.catalina.core.StandardEngine  : Starting Servlet engine: [Apache Tomcat/9.0.75]
14:40:35:124  INFO 14616 --- [main] o.a.c.c.C.[Tomcat].[localhost].[/]       : Initializing Spring embedded WebApplicationContext
14:40:35:124  INFO 14616 --- [main] w.s.c.ServletWebServerApplicationContext : Root WebApplicationContext: initialization completed in 1318 ms
14:40:35:228  INFO 25108 --- [main] d.s.w.p.DocumentationPluginsBootstrapper : Documentation plugins bootstrapped
14:40:35:231  INFO 25108 --- [main] d.s.w.p.DocumentationPluginsBootstrapper : Found 1 custom documentation plugin(s)
14:40:35:252  INFO 25108 --- [main] s.d.s.w.s.ApiListingReferenceScanner     : Scanning for api listing references
14:40:35:358  INFO 25108 --- [main] com.hmall.item.ItemApplication           : Started ItemApplication in 6.046 seconds (JVM running for 6.81)
14:40:35:363  INFO 25108 --- [nacos-grpc-client-executor-9] com.alibaba.nacos.common.remote.client   : [b4f3762e-45fc-4917-b3c2-722a2114eb03] Receive server push request, request = NotifySubscriberRequest, requestId = 4
14:40:35:366  INFO 25108 --- [nacos-grpc-client-executor-9] com.alibaba.nacos.common.remote.client   : [b4f3762e-45fc-4917-b3c2-722a2114eb03] Ack server push request, request = NotifySubscriberRequest, requestId = 4
14:40:36:336  INFO 14616 --- [main] pertySourcedRequestMappingHandlerMapping : Mapped URL path [/v2/api-docs] onto method [springfox.documentation.swagger2.web.Swagger2ControllerWebMvc#getDocumentation(String, HttpServletRequest)]
14:40:36:875  INFO 14616 --- [main] com.alibaba.nacos.common.remote.client   : [RpcClientFactory] create a new rpc client of 85f78335-7ec5-4c5e-b251-39ff5023c7dd
14:40:36:926  INFO 14616 --- [main] org.reflections.Reflections              : Reflections took 28 ms to scan 1 urls, producing 3 keys and 6 values 
14:40:36:944  INFO 14616 --- [main] org.reflections.Reflections              : Reflections took 6 ms to scan 1 urls, producing 4 keys and 9 values 
14:40:36:960  INFO 14616 --- [main] org.reflections.Reflections              : Reflections took 12 ms to scan 1 urls, producing 3 keys and 10 values 
14:40:36:962  WARN 14616 --- [main] org.reflections.Reflections              : given scan urls are empty. set urls in the configuration
14:40:36:967  INFO 14616 --- [main] org.reflections.Reflections              : Reflections took 4 ms to scan 1 urls, producing 1 keys and 5 values 
14:40:36:975  INFO 14616 --- [main] org.reflections.Reflections              : Reflections took 6 ms to scan 1 urls, producing 1 keys and 7 values 
14:40:36:981  INFO 14616 --- [main] org.reflections.Reflections              : Reflections took 4 ms to scan 1 urls, producing 2 keys and 8 values 
14:40:36:984  WARN 14616 --- [main] org.reflections.Reflections              : given scan urls are empty. set urls in the configuration
14:40:36:985  INFO 14616 --- [main] com.alibaba.nacos.common.remote.client   : [85f78335-7ec5-4c5e-b251-39ff5023c7dd] RpcClient init label, labels = {module=naming, source=sdk}
14:40:36:985  INFO 14616 --- [main] com.alibaba.nacos.common.remote.client   : [85f78335-7ec5-4c5e-b251-39ff5023c7dd] RpcClient init, ServerListFactory = com.alibaba.nacos.client.naming.core.ServerListManager
14:40:36:986  INFO 14616 --- [main] com.alibaba.nacos.common.remote.client   : [85f78335-7ec5-4c5e-b251-39ff5023c7dd] Registry connection listener to current client:com.alibaba.nacos.client.naming.remote.gprc.redo.NamingGrpcRedoService
14:40:36:986  INFO 14616 --- [main] com.alibaba.nacos.common.remote.client   : [85f78335-7ec5-4c5e-b251-39ff5023c7dd] Register server push request handler:com.alibaba.nacos.client.naming.remote.gprc.NamingPushRequestHandler
14:40:36:987  INFO 14616 --- [main] com.alibaba.nacos.common.remote.client   : [85f78335-7ec5-4c5e-b251-39ff5023c7dd] Try to connect to server on start up, server: {serverIp = '192.168.115.132', server main port = 8848}
14:40:38:059  INFO 14616 --- [main] com.alibaba.nacos.common.remote.client   : [85f78335-7ec5-4c5e-b251-39ff5023c7dd] Success to connect to server [192.168.115.132:8848] on start up, connectionId = 1737009637011_192.168.115.1_62508
14:40:38:059  INFO 14616 --- [com.alibaba.nacos.client.remote.worker] com.alibaba.nacos.common.remote.client   : [85f78335-7ec5-4c5e-b251-39ff5023c7dd] Notify connected event to listeners.
14:40:38:059  INFO 14616 --- [main] com.alibaba.nacos.common.remote.client   : [85f78335-7ec5-4c5e-b251-39ff5023c7dd] Register server push request handler:com.alibaba.nacos.common.remote.client.RpcClient$ConnectResetRequestHandler
14:40:38:060  INFO 14616 --- [main] com.alibaba.nacos.common.remote.client   : [85f78335-7ec5-4c5e-b251-39ff5023c7dd] Register server push request handler:com.alibaba.nacos.common.remote.client.RpcClient$$Lambda$950/0x000000080136c6b8
14:40:38:106  INFO 14616 --- [main] o.s.b.w.embedded.tomcat.TomcatWebServer  : Tomcat started on port(s): 8083 (http) with context path ''
14:40:38:114  INFO 14616 --- [main] c.a.c.n.registry.NacosServiceRegistry    : nacos registry, DEFAULT_GROUP item-service 192.168.203.1:8083 register finished
14:40:38:466  INFO 14616 --- [main] d.s.w.p.DocumentationPluginsBootstrapper : Documentation plugins bootstrapped
14:40:38:472  INFO 14616 --- [main] d.s.w.p.DocumentationPluginsBootstrapper : Found 1 custom documentation plugin(s)
14:40:38:496  INFO 14616 --- [main] s.d.s.w.s.ApiListingReferenceScanner     : Scanning for api listing references
14:40:38:600  INFO 14616 --- [main] com.hmall.item.ItemApplication           : Started ItemApplication in 5.599 seconds (JVM running for 6.365)
14:40:38:671  INFO 25108 --- [nacos-grpc-client-executor-11] com.alibaba.nacos.common.remote.client   : [b4f3762e-45fc-4917-b3c2-722a2114eb03] Receive server push request, request = NotifySubscriberRequest, requestId = 5
14:40:38:673  INFO 25108 --- [nacos-grpc-client-executor-11] com.alibaba.nacos.common.remote.client   : [b4f3762e-45fc-4917-b3c2-722a2114eb03] Ack server push request, request = NotifySubscriberRequest, requestId = 5
14:40:38:680  INFO 14616 --- [nacos-grpc-client-executor-9] com.alibaba.nacos.common.remote.client   : [85f78335-7ec5-4c5e-b251-39ff5023c7dd] Receive server push request, request = NotifySubscriberRequest, requestId = 6
14:40:38:682  INFO 14616 --- [nacos-grpc-client-executor-9] com.alibaba.nacos.common.remote.client   : [85f78335-7ec5-4c5e-b251-39ff5023c7dd] Ack server push request, request = NotifySubscriberRequest, requestId = 6
14:41:29:353  INFO 25108 --- [http-nio-8081-exec-1] o.a.c.c.C.[Tomcat].[localhost].[/]       : Initializing Spring DispatcherServlet 'dispatcherServlet'
14:41:29:353  INFO 25108 --- [http-nio-8081-exec-1] o.s.web.servlet.DispatcherServlet        : Initializing Servlet 'dispatcherServlet'
14:41:29:354  INFO 25108 --- [http-nio-8081-exec-1] o.s.web.servlet.DispatcherServlet        : Completed initialization in 1 ms
14:41:29:414  INFO 25108 --- [http-nio-8081-exec-1] com.zaxxer.hikari.HikariDataSource       : HikariPool-1 - Starting...
14:41:29:654  INFO 25108 --- [http-nio-8081-exec-1] com.zaxxer.hikari.HikariDataSource       : HikariPool-1 - Start completed.
14:41:29:661 DEBUG 25108 --- [http-nio-8081-exec-1] c.h.i.mapper.ItemMapper.selectBatchIds   : ==>  Preparing: SELECT id,name,price,stock,image,category,brand,spec,sold,comment_count,isAD,status,create_time,update_time,creater,updater FROM item WHERE id IN ( ? , ? , ? )
14:41:29:680 DEBUG 25108 --- [http-nio-8081-exec-1] c.h.i.mapper.ItemMapper.selectBatchIds   : ==> Parameters: 100000006163(Long), 100001511821(Long), 2120808(Long)
14:41:29:707 DEBUG 25108 --- [http-nio-8081-exec-1] c.h.i.mapper.ItemMapper.selectBatchIds   : <==      Total: 3
14:41:30:217  INFO 14616 --- [http-nio-8083-exec-1] o.a.c.c.C.[Tomcat].[localhost].[/]       : Initializing Spring DispatcherServlet 'dispatcherServlet'
14:41:30:217  INFO 14616 --- [http-nio-8083-exec-1] o.s.web.servlet.DispatcherServlet        : Initializing Servlet 'dispatcherServlet'
14:41:30:218  INFO 14616 --- [http-nio-8083-exec-1] o.s.web.servlet.DispatcherServlet        : Completed initialization in 1 ms
14:41:30:279  INFO 14616 --- [http-nio-8083-exec-1] com.zaxxer.hikari.HikariDataSource       : HikariPool-1 - Starting...
14:41:30:509  INFO 14616 --- [http-nio-8083-exec-1] com.zaxxer.hikari.HikariDataSource       : HikariPool-1 - Start completed.
14:41:30:514 DEBUG 14616 --- [http-nio-8083-exec-1] c.h.i.mapper.ItemMapper.selectBatchIds   : ==>  Preparing: SELECT id,name,price,stock,image,category,brand,spec,sold,comment_count,isAD,status,create_time,update_time,creater,updater FROM item WHERE id IN ( ? , ? , ? )
14:41:30:533 DEBUG 14616 --- [http-nio-8083-exec-1] c.h.i.mapper.ItemMapper.selectBatchIds   : ==> Parameters: 100000006163(Long), 100001511821(Long), 2120808(Long)
14:41:30:552 DEBUG 14616 --- [http-nio-8083-exec-1] c.h.i.mapper.ItemMapper.selectBatchIds   : <==      Total: 3
14:41:36:383 DEBUG 25108 --- [http-nio-8081-exec-2] c.h.i.mapper.ItemMapper.selectBatchIds   : ==>  Preparing: SELECT id,name,price,stock,image,category,brand,spec,sold,comment_count,isAD,status,create_time,update_time,creater,updater FROM item WHERE id IN ( ? , ? , ? )
14:41:36:384 DEBUG 25108 --- [http-nio-8081-exec-2] c.h.i.mapper.ItemMapper.selectBatchIds   : ==> Parameters: 100000006163(Long), 100001511821(Long), 2120808(Long)
14:41:36:387 DEBUG 25108 --- [http-nio-8081-exec-2] c.h.i.mapper.ItemMapper.selectBatchIds   : <==      Total: 3
14:41:37:295 DEBUG 14616 --- [http-nio-8083-exec-3] c.h.i.mapper.ItemMapper.selectBatchIds   : ==>  Preparing: SELECT id,name,price,stock,image,category,brand,spec,sold,comment_count,isAD,status,create_time,update_time,creater,updater FROM item WHERE id IN ( ? , ? , ? )
14:41:37:295 DEBUG 14616 --- [http-nio-8083-exec-3] c.h.i.mapper.ItemMapper.selectBatchIds   : ==> Parameters: 100000006163(Long), 100001511821(Long), 2120808(Long)
14:41:37:298 DEBUG 14616 --- [http-nio-8083-exec-3] c.h.i.mapper.ItemMapper.selectBatchIds   : <==      Total: 3
14:41:38:709 DEBUG 25108 --- [http-nio-8081-exec-4] c.h.i.mapper.ItemMapper.selectBatchIds   : ==>  Preparing: SELECT id,name,price,stock,image,category,brand,spec,sold,comment_count,isAD,status,create_time,update_time,creater,updater FROM item WHERE id IN ( ? , ? , ? )
14:41:38:711 DEBUG 25108 --- [http-nio-8081-exec-4] c.h.i.mapper.ItemMapper.selectBatchIds   : ==> Parameters: 100000006163(Long), 100001511821(Long), 2120808(Long)
14:41:38:714 DEBUG 25108 --- [http-nio-8081-exec-4] c.h.i.mapper.ItemMapper.selectBatchIds   : <==      Total: 3
14:42:24:198 DEBUG 14616 --- [http-nio-8083-exec-2] c.h.i.mapper.ItemMapper.selectBatchIds   : ==>  Preparing: SELECT id,name,price,stock,image,category,brand,spec,sold,comment_count,isAD,status,create_time,update_time,creater,updater FROM item WHERE id IN ( ? , ? )
14:42:24:198 DEBUG 14616 --- [http-nio-8083-exec-2] c.h.i.mapper.ItemMapper.selectBatchIds   : ==> Parameters: 100000006163(Long), 2120808(Long)
14:42:24:200 DEBUG 14616 --- [http-nio-8083-exec-2] c.h.i.mapper.ItemMapper.selectBatchIds   : <==      Total: 2
14:42:28:412 DEBUG 25108 --- [http-nio-8081-exec-3] c.h.i.mapper.ItemMapper.selectBatchIds   : ==>  Preparing: SELECT id,name,price,stock,image,category,brand,spec,sold,comment_count,isAD,status,create_time,update_time,creater,updater FROM item WHERE id IN ( ? , ? )
14:42:28:413 DEBUG 25108 --- [http-nio-8081-exec-3] c.h.i.mapper.ItemMapper.selectBatchIds   : ==> Parameters: 100000006163(Long), 2120808(Long)
14:42:28:414 DEBUG 25108 --- [http-nio-8081-exec-3] c.h.i.mapper.ItemMapper.selectBatchIds   : <==      Total: 2
14:42:30:889  WARN 25108 --- [http-nio-8081-exec-5] c.b.m.c.t.support.ReflectLambdaMeta      : Unable to make field private final java.lang.Class java.lang.invoke.SerializedLambda.capturingClass accessible: module java.base does not "opens java.lang.invoke" to unnamed module @3c41ed1d
14:42:30:932 DEBUG 25108 --- [http-nio-8081-exec-5] c.h.i.m.ItemMapper.selectPage_mpCount    : ==>  Preparing: SELECT COUNT(*) AS total FROM item WHERE (status = ?)
14:42:30:932 DEBUG 25108 --- [http-nio-8081-exec-5] c.h.i.m.ItemMapper.selectPage_mpCount    : ==> Parameters: 1(Integer)
14:42:30:968 DEBUG 25108 --- [http-nio-8081-exec-5] c.h.i.m.ItemMapper.selectPage_mpCount    : <==      Total: 1
14:42:30:973 DEBUG 25108 --- [http-nio-8081-exec-5] c.h.item.mapper.ItemMapper.selectPage    : ==>  Preparing: SELECT id, name, price, stock, image, category, brand, spec, sold, comment_count, isAD, status, create_time, update_time, creater, updater FROM item WHERE (status = ?) ORDER BY update_time DESC LIMIT ?
14:42:30:973 DEBUG 25108 --- [http-nio-8081-exec-5] c.h.item.mapper.ItemMapper.selectPage    : ==> Parameters: 1(Integer), 20(Long)
14:42:30:986 DEBUG 25108 --- [http-nio-8081-exec-5] c.h.item.mapper.ItemMapper.selectPage    : <==      Total: 20
14:42:34:100 DEBUG 14616 --- [http-nio-8083-exec-4] c.h.i.mapper.ItemMapper.selectBatchIds   : ==>  Preparing: SELECT id,name,price,stock,image,category,brand,spec,sold,comment_count,isAD,status,create_time,update_time,creater,updater FROM item WHERE id IN ( ? , ? , ? )
14:42:34:100 DEBUG 14616 --- [http-nio-8083-exec-4] c.h.i.mapper.ItemMapper.selectBatchIds   : ==> Parameters: 100000006163(Long), 100001511821(Long), 2120808(Long)
14:42:34:103 DEBUG 14616 --- [http-nio-8083-exec-4] c.h.i.mapper.ItemMapper.selectBatchIds   : <==      Total: 3
15:01:32:943  WARN 25108 --- [Thread-4] c.a.nacos.common.notify.NotifyCenter     : [NotifyCenter] Start destroying Publisher
15:01:32:943  WARN 25108 --- [Thread-7] c.a.n.common.http.HttpClientBeanHolder   : [HttpClientBeanHolder] Start destroying common HttpClient
15:01:32:944  WARN 25108 --- [Thread-4] c.a.nacos.common.notify.NotifyCenter     : [NotifyCenter] Destruction of the end
15:01:32:944  WARN 25108 --- [Thread-7] c.a.n.common.http.HttpClientBeanHolder   : [HttpClientBeanHolder] Destruction of the end
15:01:32:979  INFO 25108 --- [SpringApplicationShutdownHook] c.a.c.n.registry.NacosServiceRegistry    : De-registering from Nacos Server now...
15:01:32:982  INFO 25108 --- [SpringApplicationShutdownHook] c.a.c.n.registry.NacosServiceRegistry    : De-registration finished.
15:01:33:310  INFO 25108 --- [SpringApplicationShutdownHook] com.alibaba.nacos.common.remote.client   : Shutdown rpc client, set status to shutdown
15:01:33:311  INFO 25108 --- [SpringApplicationShutdownHook] com.alibaba.nacos.common.remote.client   : Shutdown client event executor java.util.concurrent.ScheduledThreadPoolExecutor@74597f98[Running, pool size = 2, active threads = 2, queued tasks = 0, completed tasks = 0]
15:01:33:311  INFO 25108 --- [SpringApplicationShutdownHook] com.alibaba.nacos.common.remote.client   : Close current connection 1737009633739_192.168.115.1_62486
15:01:33:312  INFO 25108 --- [nacos-grpc-client-executor-271] c.a.n.c.remote.client.grpc.GrpcClient    : [1737009633739_192.168.115.1_62486]Ignore complete event,isRunning:false,isAbandon=false
15:01:33:316  INFO 25108 --- [SpringApplicationShutdownHook] c.a.n.c.remote.client.grpc.GrpcClient    : Shutdown grpc executor java.util.concurrent.ThreadPoolExecutor@734108a9[Running, pool size = 5, active threads = 0, queued tasks = 0, completed tasks = 272]
15:01:33:319  INFO 25108 --- [SpringApplicationShutdownHook] com.zaxxer.hikari.HikariDataSource       : HikariPool-1 - Shutdown initiated...
15:01:33:327  INFO 25108 --- [SpringApplicationShutdownHook] com.zaxxer.hikari.HikariDataSource       : HikariPool-1 - Shutdown completed.
15:01:33:519  INFO 14616 --- [nacos-grpc-client-executor-263] com.alibaba.nacos.common.remote.client   : [85f78335-7ec5-4c5e-b251-39ff5023c7dd] Receive server push request, request = NotifySubscriberRequest, requestId = 16
15:01:33:521  INFO 14616 --- [nacos-grpc-client-executor-263] com.alibaba.nacos.common.remote.client   : [85f78335-7ec5-4c5e-b251-39ff5023c7dd] Ack server push request, request = NotifySubscriberRequest, requestId = 16
15:01:42:402  INFO 24416 --- [main] com.hmall.item.ItemApplication           : The following 1 profile is active: "local"
15:01:43:021  INFO 24416 --- [main] o.s.cloud.context.scope.GenericScope     : BeanFactory id=9a55da7a-cc95-31f9-8e5c-10901d67ae51
15:01:43:445  INFO 24416 --- [main] o.s.b.w.embedded.tomcat.TomcatWebServer  : Tomcat initialized with port(s): 8081 (http)
15:01:43:452  INFO 24416 --- [main] o.apache.catalina.core.StandardService   : Starting service [Tomcat]
15:01:43:452  INFO 24416 --- [main] org.apache.catalina.core.StandardEngine  : Starting Servlet engine: [Apache Tomcat/9.0.75]
15:01:43:595  INFO 24416 --- [main] o.a.c.c.C.[Tomcat].[localhost].[/]       : Initializing Spring embedded WebApplicationContext
15:01:43:595  INFO 24416 --- [main] w.s.c.ServletWebServerApplicationContext : Root WebApplicationContext: initialization completed in 1182 ms
15:01:44:105  INFO 24416 --- [main] c.a.c.sentinel.SentinelWebMvcConfigurer  : [Sentinel Starter] register SentinelWebInterceptor with urlPatterns: [/**].
15:01:44:679  INFO 24416 --- [main] pertySourcedRequestMappingHandlerMapping : Mapped URL path [/v2/api-docs] onto method [springfox.documentation.swagger2.web.Swagger2ControllerWebMvc#getDocumentation(String, HttpServletRequest)]
15:01:45:173  INFO 24416 --- [main] com.alibaba.nacos.common.remote.client   : [RpcClientFactory] create a new rpc client of f5a1fe53-ed9f-4822-894d-d1322584032f
15:01:45:173  INFO 24416 --- [main] com.alibaba.nacos.common.remote.client   : [f5a1fe53-ed9f-4822-894d-d1322584032f] RpcClient init label, labels = {module=naming, source=sdk}
15:01:45:175  INFO 24416 --- [main] com.alibaba.nacos.common.remote.client   : [f5a1fe53-ed9f-4822-894d-d1322584032f] RpcClient init, ServerListFactory = com.alibaba.nacos.client.naming.core.ServerListManager
15:01:45:175  INFO 24416 --- [main] com.alibaba.nacos.common.remote.client   : [f5a1fe53-ed9f-4822-894d-d1322584032f] Registry connection listener to current client:com.alibaba.nacos.client.naming.remote.gprc.redo.NamingGrpcRedoService
15:01:45:175  INFO 24416 --- [main] com.alibaba.nacos.common.remote.client   : [f5a1fe53-ed9f-4822-894d-d1322584032f] Register server push request handler:com.alibaba.nacos.client.naming.remote.gprc.NamingPushRequestHandler
15:01:45:176  INFO 24416 --- [main] com.alibaba.nacos.common.remote.client   : [f5a1fe53-ed9f-4822-894d-d1322584032f] Try to connect to server on start up, server: {serverIp = '192.168.115.132', server main port = 8848}
15:01:45:302  INFO 24416 --- [main] com.alibaba.nacos.common.remote.client   : [f5a1fe53-ed9f-4822-894d-d1322584032f] Success to connect to server [192.168.115.132:8848] on start up, connectionId = 1737010904291_192.168.115.1_65149
15:01:45:302  INFO 24416 --- [main] com.alibaba.nacos.common.remote.client   : [f5a1fe53-ed9f-4822-894d-d1322584032f] Register server push request handler:com.alibaba.nacos.common.remote.client.RpcClient$ConnectResetRequestHandler
15:01:45:302  INFO 24416 --- [main] com.alibaba.nacos.common.remote.client   : [f5a1fe53-ed9f-4822-894d-d1322584032f] Register server push request handler:com.alibaba.nacos.common.remote.client.RpcClient$$Lambda$483/0x00000008010e69a8
15:01:45:302  INFO 24416 --- [com.alibaba.nacos.client.remote.worker] com.alibaba.nacos.common.remote.client   : [f5a1fe53-ed9f-4822-894d-d1322584032f] Notify connected event to listeners.
15:01:45:335  INFO 24416 --- [main] o.s.b.w.embedded.tomcat.TomcatWebServer  : Tomcat started on port(s): 8081 (http) with context path ''
15:01:45:342  INFO 24416 --- [main] c.a.c.n.registry.NacosServiceRegistry    : nacos registry, DEFAULT_GROUP item-service 192.168.203.1:8081 register finished
15:01:45:681  INFO 24416 --- [main] d.s.w.p.DocumentationPluginsBootstrapper : Documentation plugins bootstrapped
15:01:45:683  INFO 24416 --- [main] d.s.w.p.DocumentationPluginsBootstrapper : Found 1 custom documentation plugin(s)
15:01:45:703  INFO 24416 --- [main] s.d.s.w.s.ApiListingReferenceScanner     : Scanning for api listing references
15:01:45:786  INFO 24416 --- [main] com.hmall.item.ItemApplication           : Started ItemApplication in 6.034 seconds (JVM running for 6.713)
15:01:45:790  INFO 24416 --- [main] c.a.c.n.refresh.NacosContextRefresher    : [Nacos Config] Listening config: dataId=item-service.yaml, group=DEFAULT_GROUP
15:01:45:791  INFO 24416 --- [main] c.a.c.n.refresh.NacosContextRefresher    : [Nacos Config] Listening config: dataId=item-service-local.yaml, group=DEFAULT_GROUP
15:01:45:791  INFO 24416 --- [main] c.a.c.n.refresh.NacosContextRefresher    : [Nacos Config] Listening config: dataId=item-service, group=DEFAULT_GROUP
15:01:45:876  INFO 14616 --- [nacos-grpc-client-executor-266] com.alibaba.nacos.common.remote.client   : [85f78335-7ec5-4c5e-b251-39ff5023c7dd] Receive server push request, request = NotifySubscriberRequest, requestId = 20
15:01:45:877  INFO 14616 --- [nacos-grpc-client-executor-266] com.alibaba.nacos.common.remote.client   : [85f78335-7ec5-4c5e-b251-39ff5023c7dd] Ack server push request, request = NotifySubscriberRequest, requestId = 20
15:01:45:889  INFO 24416 --- [nacos-grpc-client-executor-7] com.alibaba.nacos.common.remote.client   : [f5a1fe53-ed9f-4822-894d-d1322584032f] Receive server push request, request = NotifySubscriberRequest, requestId = 18
15:01:45:890  INFO 24416 --- [nacos-grpc-client-executor-7] com.alibaba.nacos.common.remote.client   : [f5a1fe53-ed9f-4822-894d-d1322584032f] Ack server push request, request = NotifySubscriberRequest, requestId = 18
15:01:49:997  WARN 14616 --- [Thread-4] c.a.nacos.common.notify.NotifyCenter     : [NotifyCenter] Start destroying Publisher
15:01:49:997  WARN 14616 --- [Thread-7] c.a.n.common.http.HttpClientBeanHolder   : [HttpClientBeanHolder] Start destroying common HttpClient
15:01:49:997  WARN 14616 --- [Thread-4] c.a.nacos.common.notify.NotifyCenter     : [NotifyCenter] Destruction of the end
15:01:49:997  WARN 14616 --- [Thread-7] c.a.n.common.http.HttpClientBeanHolder   : [HttpClientBeanHolder] Destruction of the end
15:01:50:031  INFO 14616 --- [SpringApplicationShutdownHook] c.a.c.n.registry.NacosServiceRegistry    : De-registering from Nacos Server now...
15:01:50:035  INFO 14616 --- [SpringApplicationShutdownHook] c.a.c.n.registry.NacosServiceRegistry    : De-registration finished.
15:01:50:359  INFO 14616 --- [SpringApplicationShutdownHook] com.alibaba.nacos.common.remote.client   : Shutdown rpc client, set status to shutdown
15:01:50:359  INFO 14616 --- [SpringApplicationShutdownHook] com.alibaba.nacos.common.remote.client   : Shutdown client event executor java.util.concurrent.ScheduledThreadPoolExecutor@2923645a[Running, pool size = 2, active threads = 2, queued tasks = 0, completed tasks = 0]
15:01:50:359  INFO 14616 --- [SpringApplicationShutdownHook] com.alibaba.nacos.common.remote.client   : Close current connection 1737009637011_192.168.115.1_62508
15:01:50:361  INFO 14616 --- [nacos-grpc-client-executor-269] c.a.n.c.remote.client.grpc.GrpcClient    : [1737009637011_192.168.115.1_62508]Ignore complete event,isRunning:false,isAbandon=false
15:01:50:363  INFO 14616 --- [SpringApplicationShutdownHook] c.a.n.c.remote.client.grpc.GrpcClient    : Shutdown grpc executor java.util.concurrent.ThreadPoolExecutor@32074175[Running, pool size = 5, active threads = 0, queued tasks = 0, completed tasks = 270]
15:01:50:368  INFO 14616 --- [SpringApplicationShutdownHook] com.zaxxer.hikari.HikariDataSource       : HikariPool-1 - Shutdown initiated...
15:01:50:375  INFO 14616 --- [SpringApplicationShutdownHook] com.zaxxer.hikari.HikariDataSource       : HikariPool-1 - Shutdown completed.
15:01:50:595  INFO 24416 --- [nacos-grpc-client-executor-9] com.alibaba.nacos.common.remote.client   : [f5a1fe53-ed9f-4822-894d-d1322584032f] Receive server push request, request = NotifySubscriberRequest, requestId = 22
15:01:50:600  INFO 24416 --- [nacos-grpc-client-executor-9] com.alibaba.nacos.common.remote.client   : [f5a1fe53-ed9f-4822-894d-d1322584032f] Ack server push request, request = NotifySubscriberRequest, requestId = 22
15:01:55:069  INFO 16784 --- [main] com.hmall.item.ItemApplication           : The following 1 profile is active: "local"
15:01:55:693  INFO 16784 --- [main] o.s.cloud.context.scope.GenericScope     : BeanFactory id=9a55da7a-cc95-31f9-8e5c-10901d67ae51
15:01:56:107  INFO 16784 --- [main] o.s.b.w.embedded.tomcat.TomcatWebServer  : Tomcat initialized with port(s): 8083 (http)
15:01:56:115  INFO 16784 --- [main] o.apache.catalina.core.StandardService   : Starting service [Tomcat]
15:01:56:115  INFO 16784 --- [main] org.apache.catalina.core.StandardEngine  : Starting Servlet engine: [Apache Tomcat/9.0.75]
15:01:56:271  INFO 16784 --- [main] o.a.c.c.C.[Tomcat].[localhost].[/]       : Initializing Spring embedded WebApplicationContext
15:01:56:271  INFO 16784 --- [main] w.s.c.ServletWebServerApplicationContext : Root WebApplicationContext: initialization completed in 1192 ms
15:01:56:766  INFO 16784 --- [main] c.a.c.sentinel.SentinelWebMvcConfigurer  : [Sentinel Starter] register SentinelWebInterceptor with urlPatterns: [/**].
15:01:57:341  INFO 16784 --- [main] pertySourcedRequestMappingHandlerMapping : Mapped URL path [/v2/api-docs] onto method [springfox.documentation.swagger2.web.Swagger2ControllerWebMvc#getDocumentation(String, HttpServletRequest)]
15:01:57:818  INFO 16784 --- [main] com.alibaba.nacos.common.remote.client   : [RpcClientFactory] create a new rpc client of 0dd00996-e027-4e99-be39-527c891731bc
15:01:57:819  INFO 16784 --- [main] com.alibaba.nacos.common.remote.client   : [0dd00996-e027-4e99-be39-527c891731bc] RpcClient init label, labels = {module=naming, source=sdk}
15:01:57:820  INFO 16784 --- [main] com.alibaba.nacos.common.remote.client   : [0dd00996-e027-4e99-be39-527c891731bc] RpcClient init, ServerListFactory = com.alibaba.nacos.client.naming.core.ServerListManager
15:01:57:820  INFO 16784 --- [main] com.alibaba.nacos.common.remote.client   : [0dd00996-e027-4e99-be39-527c891731bc] Registry connection listener to current client:com.alibaba.nacos.client.naming.remote.gprc.redo.NamingGrpcRedoService
15:01:57:820  INFO 16784 --- [main] com.alibaba.nacos.common.remote.client   : [0dd00996-e027-4e99-be39-527c891731bc] Register server push request handler:com.alibaba.nacos.client.naming.remote.gprc.NamingPushRequestHandler
15:01:57:821  INFO 16784 --- [main] com.alibaba.nacos.common.remote.client   : [0dd00996-e027-4e99-be39-527c891731bc] Try to connect to server on start up, server: {serverIp = '192.168.115.132', server main port = 8848}
15:01:57:936  INFO 16784 --- [main] com.alibaba.nacos.common.remote.client   : [0dd00996-e027-4e99-be39-527c891731bc] Success to connect to server [192.168.115.132:8848] on start up, connectionId = 1737010916935_192.168.115.1_65181
15:01:57:936  INFO 16784 --- [main] com.alibaba.nacos.common.remote.client   : [0dd00996-e027-4e99-be39-527c891731bc] Register server push request handler:com.alibaba.nacos.common.remote.client.RpcClient$ConnectResetRequestHandler
15:01:57:936  INFO 16784 --- [main] com.alibaba.nacos.common.remote.client   : [0dd00996-e027-4e99-be39-527c891731bc] Register server push request handler:com.alibaba.nacos.common.remote.client.RpcClient$$Lambda$483/0x00000008010e7010
15:01:57:936  INFO 16784 --- [com.alibaba.nacos.client.remote.worker] com.alibaba.nacos.common.remote.client   : [0dd00996-e027-4e99-be39-527c891731bc] Notify connected event to listeners.
15:01:57:968  INFO 16784 --- [main] o.s.b.w.embedded.tomcat.TomcatWebServer  : Tomcat started on port(s): 8083 (http) with context path ''
15:01:57:974  INFO 16784 --- [main] c.a.c.n.registry.NacosServiceRegistry    : nacos registry, DEFAULT_GROUP item-service 192.168.203.1:8083 register finished
15:01:58:281  INFO 16784 --- [main] d.s.w.p.DocumentationPluginsBootstrapper : Documentation plugins bootstrapped
15:01:58:284  INFO 16784 --- [main] d.s.w.p.DocumentationPluginsBootstrapper : Found 1 custom documentation plugin(s)
15:01:58:304  INFO 16784 --- [main] s.d.s.w.s.ApiListingReferenceScanner     : Scanning for api listing references
15:01:58:387  INFO 16784 --- [main] com.hmall.item.ItemApplication           : Started ItemApplication in 5.934 seconds (JVM running for 6.663)
15:01:58:391  INFO 16784 --- [main] c.a.c.n.refresh.NacosContextRefresher    : [Nacos Config] Listening config: dataId=item-service.yaml, group=DEFAULT_GROUP
15:01:58:391  INFO 16784 --- [main] c.a.c.n.refresh.NacosContextRefresher    : [Nacos Config] Listening config: dataId=item-service-local.yaml, group=DEFAULT_GROUP
15:01:58:392  INFO 16784 --- [main] c.a.c.n.refresh.NacosContextRefresher    : [Nacos Config] Listening config: dataId=item-service, group=DEFAULT_GROUP
15:01:58:529  INFO 24416 --- [nacos-grpc-client-executor-10] com.alibaba.nacos.common.remote.client   : [f5a1fe53-ed9f-4822-894d-d1322584032f] Receive server push request, request = NotifySubscriberRequest, requestId = 26
15:01:58:532  INFO 24416 --- [nacos-grpc-client-executor-10] com.alibaba.nacos.common.remote.client   : [f5a1fe53-ed9f-4822-894d-d1322584032f] Ack server push request, request = NotifySubscriberRequest, requestId = 26
15:01:58:541  INFO 16784 --- [nacos-grpc-client-executor-6] com.alibaba.nacos.common.remote.client   : [0dd00996-e027-4e99-be39-527c891731bc] Receive server push request, request = NotifySubscriberRequest, requestId = 25
15:01:58:543  INFO 16784 --- [nacos-grpc-client-executor-6] com.alibaba.nacos.common.remote.client   : [0dd00996-e027-4e99-be39-527c891731bc] Ack server push request, request = NotifySubscriberRequest, requestId = 25
15:04:17:557  INFO 16784 --- [http-nio-8083-exec-1] o.a.c.c.C.[Tomcat].[localhost].[/]       : Initializing Spring DispatcherServlet 'dispatcherServlet'
15:04:17:557  INFO 16784 --- [http-nio-8083-exec-1] o.s.web.servlet.DispatcherServlet        : Initializing Servlet 'dispatcherServlet'
15:04:17:558  INFO 16784 --- [http-nio-8083-exec-1] o.s.web.servlet.DispatcherServlet        : Completed initialization in 1 ms
15:04:17:717  WARN 16784 --- [http-nio-8083-exec-1] c.b.m.c.t.support.ReflectLambdaMeta      : Unable to make field private final java.lang.Class java.lang.invoke.SerializedLambda.capturingClass accessible: module java.base does not "opens java.lang.invoke" to unnamed module @5dda768f
15:04:17:762  INFO 16784 --- [http-nio-8083-exec-1] com.zaxxer.hikari.HikariDataSource       : HikariPool-1 - Starting...
15:04:18:008  INFO 16784 --- [http-nio-8083-exec-1] com.zaxxer.hikari.HikariDataSource       : HikariPool-1 - Start completed.
15:04:18:013 DEBUG 16784 --- [http-nio-8083-exec-1] c.h.i.m.ItemMapper.selectPage_mpCount    : ==>  Preparing: SELECT COUNT(*) AS total FROM item WHERE (status = ?)
15:04:18:032 DEBUG 16784 --- [http-nio-8083-exec-1] c.h.i.m.ItemMapper.selectPage_mpCount    : ==> Parameters: 1(Integer)
15:04:18:059 DEBUG 16784 --- [http-nio-8083-exec-1] c.h.i.m.ItemMapper.selectPage_mpCount    : <==      Total: 1
15:04:18:067 DEBUG 16784 --- [http-nio-8083-exec-1] c.h.item.mapper.ItemMapper.selectPage    : ==>  Preparing: SELECT id, name, price, stock, image, category, brand, spec, sold, comment_count, isAD, status, create_time, update_time, creater, updater FROM item WHERE (status = ?) ORDER BY update_time DESC LIMIT ?
15:04:18:067 DEBUG 16784 --- [http-nio-8083-exec-1] c.h.item.mapper.ItemMapper.selectPage    : ==> Parameters: 1(Integer), 20(Long)
15:04:18:077 DEBUG 16784 --- [http-nio-8083-exec-1] c.h.item.mapper.ItemMapper.selectPage    : <==      Total: 20
15:04:19:907  INFO 24416 --- [http-nio-8081-exec-1] o.a.c.c.C.[Tomcat].[localhost].[/]       : Initializing Spring DispatcherServlet 'dispatcherServlet'
15:04:19:907  INFO 24416 --- [http-nio-8081-exec-1] o.s.web.servlet.DispatcherServlet        : Initializing Servlet 'dispatcherServlet'
15:04:19:915  INFO 24416 --- [http-nio-8081-exec-1] o.s.web.servlet.DispatcherServlet        : Completed initialization in 8 ms
15:04:20:085  WARN 24416 --- [http-nio-8081-exec-1] c.b.m.c.t.support.ReflectLambdaMeta      : Unable to make field private final java.lang.Class java.lang.invoke.SerializedLambda.capturingClass accessible: module java.base does not "opens java.lang.invoke" to unnamed module @5dda768f
15:04:20:134  INFO 24416 --- [http-nio-8081-exec-1] com.zaxxer.hikari.HikariDataSource       : HikariPool-1 - Starting...
15:04:20:349  INFO 24416 --- [http-nio-8081-exec-1] com.zaxxer.hikari.HikariDataSource       : HikariPool-1 - Start completed.
15:04:20:355 DEBUG 24416 --- [http-nio-8081-exec-1] c.h.i.m.ItemMapper.selectPage_mpCount    : ==>  Preparing: SELECT COUNT(*) AS total FROM item WHERE (status = ?)
15:04:20:373 DEBUG 24416 --- [http-nio-8081-exec-1] c.h.i.m.ItemMapper.selectPage_mpCount    : ==> Parameters: 1(Integer)
15:04:20:402 DEBUG 24416 --- [http-nio-8081-exec-1] c.h.i.m.ItemMapper.selectPage_mpCount    : <==      Total: 1
15:04:20:410 DEBUG 24416 --- [http-nio-8081-exec-1] c.h.item.mapper.ItemMapper.selectPage    : ==>  Preparing: SELECT id, name, price, stock, image, category, brand, spec, sold, comment_count, isAD, status, create_time, update_time, creater, updater FROM item WHERE (status = ?) ORDER BY update_time DESC LIMIT ?
15:04:20:411 DEBUG 24416 --- [http-nio-8081-exec-1] c.h.item.mapper.ItemMapper.selectPage    : ==> Parameters: 1(Integer), 20(Long)
15:04:20:421 DEBUG 24416 --- [http-nio-8081-exec-1] c.h.item.mapper.ItemMapper.selectPage    : <==      Total: 20
15:04:21:476 DEBUG 16784 --- [http-nio-8083-exec-2] c.h.i.m.ItemMapper.selectPage_mpCount    : ==>  Preparing: SELECT COUNT(*) AS total FROM item WHERE (status = ?)
15:04:21:477 DEBUG 16784 --- [http-nio-8083-exec-2] c.h.i.m.ItemMapper.selectPage_mpCount    : ==> Parameters: 1(Integer)
15:04:21:487 DEBUG 16784 --- [http-nio-8083-exec-2] c.h.i.m.ItemMapper.selectPage_mpCount    : <==      Total: 1
15:04:21:489 DEBUG 16784 --- [http-nio-8083-exec-2] c.h.item.mapper.ItemMapper.selectPage    : ==>  Preparing: SELECT id, name, price, stock, image, category, brand, spec, sold, comment_count, isAD, status, create_time, update_time, creater, updater FROM item WHERE (status = ?) ORDER BY update_time DESC LIMIT ?
15:04:21:489 DEBUG 16784 --- [http-nio-8083-exec-2] c.h.item.mapper.ItemMapper.selectPage    : ==> Parameters: 1(Integer), 20(Long)
15:04:21:492 DEBUG 16784 --- [http-nio-8083-exec-2] c.h.item.mapper.ItemMapper.selectPage    : <==      Total: 20
15:04:22:331 DEBUG 24416 --- [http-nio-8081-exec-2] c.h.i.m.ItemMapper.selectPage_mpCount    : ==>  Preparing: SELECT COUNT(*) AS total FROM item WHERE (status = ?)
15:04:22:332 DEBUG 24416 --- [http-nio-8081-exec-2] c.h.i.m.ItemMapper.selectPage_mpCount    : ==> Parameters: 1(Integer)
15:04:22:343 DEBUG 24416 --- [http-nio-8081-exec-2] c.h.i.m.ItemMapper.selectPage_mpCount    : <==      Total: 1
15:04:22:345 DEBUG 24416 --- [http-nio-8081-exec-2] c.h.item.mapper.ItemMapper.selectPage    : ==>  Preparing: SELECT id, name, price, stock, image, category, brand, spec, sold, comment_count, isAD, status, create_time, update_time, creater, updater FROM item WHERE (status = ?) ORDER BY update_time DESC LIMIT ?
15:04:22:345 DEBUG 24416 --- [http-nio-8081-exec-2] c.h.item.mapper.ItemMapper.selectPage    : ==> Parameters: 1(Integer), 20(Long)
15:04:22:349 DEBUG 24416 --- [http-nio-8081-exec-2] c.h.item.mapper.ItemMapper.selectPage    : <==      Total: 20
15:04:23:106 DEBUG 16784 --- [http-nio-8083-exec-3] c.h.i.m.ItemMapper.selectPage_mpCount    : ==>  Preparing: SELECT COUNT(*) AS total FROM item WHERE (status = ?)
15:04:23:106 DEBUG 16784 --- [http-nio-8083-exec-3] c.h.i.m.ItemMapper.selectPage_mpCount    : ==> Parameters: 1(Integer)
15:04:23:117 DEBUG 16784 --- [http-nio-8083-exec-3] c.h.i.m.ItemMapper.selectPage_mpCount    : <==      Total: 1
15:04:23:119 DEBUG 16784 --- [http-nio-8083-exec-3] c.h.item.mapper.ItemMapper.selectPage    : ==>  Preparing: SELECT id, name, price, stock, image, category, brand, spec, sold, comment_count, isAD, status, create_time, update_time, creater, updater FROM item WHERE (status = ?) ORDER BY update_time DESC LIMIT ?
15:04:23:119 DEBUG 16784 --- [http-nio-8083-exec-3] c.h.item.mapper.ItemMapper.selectPage    : ==> Parameters: 1(Integer), 20(Long)
15:04:23:122 DEBUG 16784 --- [http-nio-8083-exec-3] c.h.item.mapper.ItemMapper.selectPage    : <==      Total: 20
15:04:23:828 DEBUG 24416 --- [http-nio-8081-exec-4] c.h.i.m.ItemMapper.selectPage_mpCount    : ==>  Preparing: SELECT COUNT(*) AS total FROM item WHERE (status = ?)
15:04:23:828 DEBUG 24416 --- [http-nio-8081-exec-4] c.h.i.m.ItemMapper.selectPage_mpCount    : ==> Parameters: 1(Integer)
15:04:23:839 DEBUG 24416 --- [http-nio-8081-exec-4] c.h.i.m.ItemMapper.selectPage_mpCount    : <==      Total: 1
15:04:23:841 DEBUG 24416 --- [http-nio-8081-exec-4] c.h.item.mapper.ItemMapper.selectPage    : ==>  Preparing: SELECT id, name, price, stock, image, category, brand, spec, sold, comment_count, isAD, status, create_time, update_time, creater, updater FROM item WHERE (status = ?) ORDER BY update_time DESC LIMIT ?
15:04:23:841 DEBUG 24416 --- [http-nio-8081-exec-4] c.h.item.mapper.ItemMapper.selectPage    : ==> Parameters: 1(Integer), 20(Long)
15:04:23:843 DEBUG 24416 --- [http-nio-8081-exec-4] c.h.item.mapper.ItemMapper.selectPage    : <==      Total: 20
15:06:20:112  WARN 24416 --- [Thread-5] c.a.nacos.common.notify.NotifyCenter     : [NotifyCenter] Start destroying Publisher
15:06:20:112  WARN 24416 --- [Thread-1] c.a.n.common.http.HttpClientBeanHolder   : [HttpClientBeanHolder] Start destroying common HttpClient
15:06:20:112  WARN 24416 --- [Thread-5] c.a.nacos.common.notify.NotifyCenter     : [NotifyCenter] Destruction of the end
15:06:20:112  WARN 24416 --- [Thread-1] c.a.n.common.http.HttpClientBeanHolder   : [HttpClientBeanHolder] Destruction of the end
15:06:20:147  INFO 24416 --- [SpringApplicationShutdownHook] c.a.c.n.registry.NacosServiceRegistry    : De-registering from Nacos Server now...
15:06:20:150  INFO 24416 --- [SpringApplicationShutdownHook] c.a.c.n.registry.NacosServiceRegistry    : De-registration finished.
15:06:20:483  INFO 24416 --- [SpringApplicationShutdownHook] com.alibaba.nacos.common.remote.client   : Shutdown rpc client, set status to shutdown
15:06:20:483  INFO 24416 --- [SpringApplicationShutdownHook] com.alibaba.nacos.common.remote.client   : Shutdown client event executor java.util.concurrent.ScheduledThreadPoolExecutor@1a7ef605[Running, pool size = 2, active threads = 2, queued tasks = 0, completed tasks = 0]
15:06:20:483  INFO 24416 --- [SpringApplicationShutdownHook] com.alibaba.nacos.common.remote.client   : Close current connection 1737010904291_192.168.115.1_65149
15:06:20:485  INFO 24416 --- [nacos-grpc-client-executor-65] c.a.n.c.remote.client.grpc.GrpcClient    : [1737010904291_192.168.115.1_65149]Ignore complete event,isRunning:false,isAbandon=false
15:06:20:487  INFO 24416 --- [SpringApplicationShutdownHook] c.a.n.c.remote.client.grpc.GrpcClient    : Shutdown grpc executor java.util.concurrent.ThreadPoolExecutor@5f9b294d[Running, pool size = 5, active threads = 0, queued tasks = 0, completed tasks = 66]
15:06:20:490  INFO 24416 --- [SpringApplicationShutdownHook] com.zaxxer.hikari.HikariDataSource       : HikariPool-1 - Shutdown initiated...
15:06:20:496  INFO 24416 --- [SpringApplicationShutdownHook] com.zaxxer.hikari.HikariDataSource       : HikariPool-1 - Shutdown completed.
15:06:20:680  INFO 16784 --- [nacos-grpc-client-executor-59] com.alibaba.nacos.common.remote.client   : [0dd00996-e027-4e99-be39-527c891731bc] Receive server push request, request = NotifySubscriberRequest, requestId = 29
15:06:20:681  INFO 16784 --- [nacos-grpc-client-executor-59] com.alibaba.nacos.common.remote.client   : [0dd00996-e027-4e99-be39-527c891731bc] Ack server push request, request = NotifySubscriberRequest, requestId = 29
15:06:26:598  WARN 16784 --- [Thread-1] c.a.n.common.http.HttpClientBeanHolder   : [HttpClientBeanHolder] Start destroying common HttpClient
15:06:26:599  WARN 16784 --- [Thread-5] c.a.nacos.common.notify.NotifyCenter     : [NotifyCenter] Start destroying Publisher
15:06:26:599  WARN 16784 --- [Thread-5] c.a.nacos.common.notify.NotifyCenter     : [NotifyCenter] Destruction of the end
15:06:26:599  WARN 16784 --- [Thread-1] c.a.n.common.http.HttpClientBeanHolder   : [HttpClientBeanHolder] Destruction of the end
15:06:26:632  INFO 16784 --- [SpringApplicationShutdownHook] c.a.c.n.registry.NacosServiceRegistry    : De-registering from Nacos Server now...
15:06:26:636  INFO 16784 --- [SpringApplicationShutdownHook] c.a.c.n.registry.NacosServiceRegistry    : De-registration finished.
15:06:26:655  INFO 24476 --- [main] com.hmall.item.ItemApplication           : The following 1 profile is active: "local"
15:06:26:959  INFO 16784 --- [SpringApplicationShutdownHook] com.alibaba.nacos.common.remote.client   : Shutdown rpc client, set status to shutdown
15:06:26:959  INFO 16784 --- [SpringApplicationShutdownHook] com.alibaba.nacos.common.remote.client   : Shutdown client event executor java.util.concurrent.ScheduledThreadPoolExecutor@7dc29b35[Running, pool size = 2, active threads = 2, queued tasks = 0, completed tasks = 0]
15:06:26:959  INFO 16784 --- [SpringApplicationShutdownHook] com.alibaba.nacos.common.remote.client   : Close current connection 1737010916935_192.168.115.1_65181
15:06:26:960  INFO 16784 --- [nacos-grpc-client-executor-62] c.a.n.c.remote.client.grpc.GrpcClient    : [1737010916935_192.168.115.1_65181]Ignore complete event,isRunning:false,isAbandon=false
15:06:26:962  INFO 16784 --- [SpringApplicationShutdownHook] c.a.n.c.remote.client.grpc.GrpcClient    : Shutdown grpc executor java.util.concurrent.ThreadPoolExecutor@3dc23452[Running, pool size = 5, active threads = 0, queued tasks = 0, completed tasks = 63]
15:06:26:965  INFO 16784 --- [SpringApplicationShutdownHook] com.zaxxer.hikari.HikariDataSource       : HikariPool-1 - Shutdown initiated...
15:06:26:974  INFO 16784 --- [SpringApplicationShutdownHook] com.zaxxer.hikari.HikariDataSource       : HikariPool-1 - Shutdown completed.
15:06:27:313  INFO 24476 --- [main] o.s.cloud.context.scope.GenericScope     : BeanFactory id=9a55da7a-cc95-31f9-8e5c-10901d67ae51
15:06:27:813  INFO 24476 --- [main] o.s.b.w.embedded.tomcat.TomcatWebServer  : Tomcat initialized with port(s): 8081 (http)
15:06:27:821  INFO 24476 --- [main] o.apache.catalina.core.StandardService   : Starting service [Tomcat]
15:06:27:821  INFO 24476 --- [main] org.apache.catalina.core.StandardEngine  : Starting Servlet engine: [Apache Tomcat/9.0.75]
15:06:27:991  INFO 24476 --- [main] o.a.c.c.C.[Tomcat].[localhost].[/]       : Initializing Spring embedded WebApplicationContext
15:06:27:991  INFO 24476 --- [main] w.s.c.ServletWebServerApplicationContext : Root WebApplicationContext: initialization completed in 1323 ms
15:06:28:655  INFO 24476 --- [main] c.a.c.sentinel.SentinelWebMvcConfigurer  : [Sentinel Starter] register SentinelWebInterceptor with urlPatterns: [/**].
15:06:29:391  INFO 24476 --- [main] pertySourcedRequestMappingHandlerMapping : Mapped URL path [/v2/api-docs] onto method [springfox.documentation.swagger2.web.Swagger2ControllerWebMvc#getDocumentation(String, HttpServletRequest)]
15:06:29:892  INFO 24476 --- [main] com.alibaba.nacos.common.remote.client   : [RpcClientFactory] create a new rpc client of 5da4914e-5f74-45eb-bc93-800a9fb8f56d
15:06:29:892  INFO 24476 --- [main] com.alibaba.nacos.common.remote.client   : [5da4914e-5f74-45eb-bc93-800a9fb8f56d] RpcClient init label, labels = {module=naming, source=sdk}
15:06:29:893  INFO 24476 --- [main] com.alibaba.nacos.common.remote.client   : [5da4914e-5f74-45eb-bc93-800a9fb8f56d] RpcClient init, ServerListFactory = com.alibaba.nacos.client.naming.core.ServerListManager
15:06:29:893  INFO 24476 --- [main] com.alibaba.nacos.common.remote.client   : [5da4914e-5f74-45eb-bc93-800a9fb8f56d] Registry connection listener to current client:com.alibaba.nacos.client.naming.remote.gprc.redo.NamingGrpcRedoService
15:06:29:895  INFO 24476 --- [main] com.alibaba.nacos.common.remote.client   : [5da4914e-5f74-45eb-bc93-800a9fb8f56d] Register server push request handler:com.alibaba.nacos.client.naming.remote.gprc.NamingPushRequestHandler
15:06:29:895  INFO 24476 --- [main] com.alibaba.nacos.common.remote.client   : [5da4914e-5f74-45eb-bc93-800a9fb8f56d] Try to connect to server on start up, server: {serverIp = '192.168.115.132', server main port = 8848}
15:06:30:018  INFO 24476 --- [main] com.alibaba.nacos.common.remote.client   : [5da4914e-5f74-45eb-bc93-800a9fb8f56d] Success to connect to server [192.168.115.132:8848] on start up, connectionId = 1737011189002_192.168.115.1_49670
15:06:30:018  INFO 24476 --- [main] com.alibaba.nacos.common.remote.client   : [5da4914e-5f74-45eb-bc93-800a9fb8f56d] Register server push request handler:com.alibaba.nacos.common.remote.client.RpcClient$ConnectResetRequestHandler
15:06:30:018  INFO 24476 --- [com.alibaba.nacos.client.remote.worker] com.alibaba.nacos.common.remote.client   : [5da4914e-5f74-45eb-bc93-800a9fb8f56d] Notify connected event to listeners.
15:06:30:019  INFO 24476 --- [main] com.alibaba.nacos.common.remote.client   : [5da4914e-5f74-45eb-bc93-800a9fb8f56d] Register server push request handler:com.alibaba.nacos.common.remote.client.RpcClient$$Lambda$483/0x00000008010e88c8
15:06:30:049  INFO 24476 --- [main] o.s.b.w.embedded.tomcat.TomcatWebServer  : Tomcat started on port(s): 8081 (http) with context path ''
15:06:30:056  INFO 24476 --- [main] c.a.c.n.registry.NacosServiceRegistry    : nacos registry, DEFAULT_GROUP item-service 192.168.203.1:8081 register finished
15:06:30:403  INFO 24476 --- [main] d.s.w.p.DocumentationPluginsBootstrapper : Documentation plugins bootstrapped
15:06:30:405  INFO 24476 --- [main] d.s.w.p.DocumentationPluginsBootstrapper : Found 1 custom documentation plugin(s)
15:06:30:422  INFO 24476 --- [main] s.d.s.w.s.ApiListingReferenceScanner     : Scanning for api listing references
15:06:30:519  INFO 24476 --- [main] com.hmall.item.ItemApplication           : Started ItemApplication in 6.384 seconds (JVM running for 7.069)
15:06:30:525  INFO 24476 --- [main] c.a.c.n.refresh.NacosContextRefresher    : [Nacos Config] Listening config: dataId=item-service.yaml, group=DEFAULT_GROUP
15:06:30:525  INFO 24476 --- [main] c.a.c.n.refresh.NacosContextRefresher    : [Nacos Config] Listening config: dataId=item-service-local.yaml, group=DEFAULT_GROUP
15:06:30:525  INFO 24476 --- [main] c.a.c.n.refresh.NacosContextRefresher    : [Nacos Config] Listening config: dataId=item-service, group=DEFAULT_GROUP
15:06:30:637  INFO 24476 --- [nacos-grpc-client-executor-6] com.alibaba.nacos.common.remote.client   : [5da4914e-5f74-45eb-bc93-800a9fb8f56d] Receive server push request, request = NotifySubscriberRequest, requestId = 34
15:06:30:639  INFO 24476 --- [nacos-grpc-client-executor-6] com.alibaba.nacos.common.remote.client   : [5da4914e-5f74-45eb-bc93-800a9fb8f56d] Ack server push request, request = NotifySubscriberRequest, requestId = 34
15:06:31:618  INFO 25524 --- [main] com.hmall.item.ItemApplication           : The following 1 profile is active: "local"
15:06:32:282  INFO 25524 --- [main] o.s.cloud.context.scope.GenericScope     : BeanFactory id=9a55da7a-cc95-31f9-8e5c-10901d67ae51
15:06:32:696  INFO 25524 --- [main] o.s.b.w.embedded.tomcat.TomcatWebServer  : Tomcat initialized with port(s): 8083 (http)
15:06:32:701  INFO 25524 --- [main] o.apache.catalina.core.StandardService   : Starting service [Tomcat]
15:06:32:703  INFO 25524 --- [main] org.apache.catalina.core.StandardEngine  : Starting Servlet engine: [Apache Tomcat/9.0.75]
15:06:32:841  INFO 25524 --- [main] o.a.c.c.C.[Tomcat].[localhost].[/]       : Initializing Spring embedded WebApplicationContext
15:06:32:841  INFO 25524 --- [main] w.s.c.ServletWebServerApplicationContext : Root WebApplicationContext: initialization completed in 1210 ms
15:06:33:351  INFO 25524 --- [main] c.a.c.sentinel.SentinelWebMvcConfigurer  : [Sentinel Starter] register SentinelWebInterceptor with urlPatterns: [/**].
15:06:33:898  INFO 25524 --- [main] pertySourcedRequestMappingHandlerMapping : Mapped URL path [/v2/api-docs] onto method [springfox.documentation.swagger2.web.Swagger2ControllerWebMvc#getDocumentation(String, HttpServletRequest)]
15:06:34:354  INFO 25524 --- [main] com.alibaba.nacos.common.remote.client   : [RpcClientFactory] create a new rpc client of 844dad25-ca2d-44d1-906b-256296a5fc26
15:06:34:354  INFO 25524 --- [main] com.alibaba.nacos.common.remote.client   : [844dad25-ca2d-44d1-906b-256296a5fc26] RpcClient init label, labels = {module=naming, source=sdk}
15:06:34:356  INFO 25524 --- [main] com.alibaba.nacos.common.remote.client   : [844dad25-ca2d-44d1-906b-256296a5fc26] RpcClient init, ServerListFactory = com.alibaba.nacos.client.naming.core.ServerListManager
15:06:34:356  INFO 25524 --- [main] com.alibaba.nacos.common.remote.client   : [844dad25-ca2d-44d1-906b-256296a5fc26] Registry connection listener to current client:com.alibaba.nacos.client.naming.remote.gprc.redo.NamingGrpcRedoService
15:06:34:356  INFO 25524 --- [main] com.alibaba.nacos.common.remote.client   : [844dad25-ca2d-44d1-906b-256296a5fc26] Register server push request handler:com.alibaba.nacos.client.naming.remote.gprc.NamingPushRequestHandler
15:06:34:356  INFO 25524 --- [main] com.alibaba.nacos.common.remote.client   : [844dad25-ca2d-44d1-906b-256296a5fc26] Try to connect to server on start up, server: {serverIp = '192.168.115.132', server main port = 8848}
15:06:34:479  INFO 25524 --- [main] com.alibaba.nacos.common.remote.client   : [844dad25-ca2d-44d1-906b-256296a5fc26] Success to connect to server [192.168.115.132:8848] on start up, connectionId = 1737011193462_192.168.115.1_49683
15:06:34:479  INFO 25524 --- [main] com.alibaba.nacos.common.remote.client   : [844dad25-ca2d-44d1-906b-256296a5fc26] Register server push request handler:com.alibaba.nacos.common.remote.client.RpcClient$ConnectResetRequestHandler
15:06:34:479  INFO 25524 --- [com.alibaba.nacos.client.remote.worker] com.alibaba.nacos.common.remote.client   : [844dad25-ca2d-44d1-906b-256296a5fc26] Notify connected event to listeners.
15:06:34:479  INFO 25524 --- [main] com.alibaba.nacos.common.remote.client   : [844dad25-ca2d-44d1-906b-256296a5fc26] Register server push request handler:com.alibaba.nacos.common.remote.client.RpcClient$$Lambda$483/0x00000008010e70d8
15:06:34:510  INFO 25524 --- [main] o.s.b.w.embedded.tomcat.TomcatWebServer  : Tomcat started on port(s): 8083 (http) with context path ''
15:06:34:516  INFO 25524 --- [main] c.a.c.n.registry.NacosServiceRegistry    : nacos registry, DEFAULT_GROUP item-service 192.168.203.1:8083 register finished
15:06:34:816  INFO 25524 --- [main] d.s.w.p.DocumentationPluginsBootstrapper : Documentation plugins bootstrapped
15:06:34:818  INFO 25524 --- [main] d.s.w.p.DocumentationPluginsBootstrapper : Found 1 custom documentation plugin(s)
15:06:34:835  INFO 25524 --- [main] s.d.s.w.s.ApiListingReferenceScanner     : Scanning for api listing references
15:06:34:920  INFO 25524 --- [main] com.hmall.item.ItemApplication           : Started ItemApplication in 5.954 seconds (JVM running for 6.73)
15:06:34:924  INFO 25524 --- [main] c.a.c.n.refresh.NacosContextRefresher    : [Nacos Config] Listening config: dataId=item-service.yaml, group=DEFAULT_GROUP
15:06:34:924  INFO 25524 --- [main] c.a.c.n.refresh.NacosContextRefresher    : [Nacos Config] Listening config: dataId=item-service-local.yaml, group=DEFAULT_GROUP
15:06:34:925  INFO 25524 --- [main] c.a.c.n.refresh.NacosContextRefresher    : [Nacos Config] Listening config: dataId=item-service, group=DEFAULT_GROUP
15:06:35:047  INFO 24476 --- [nacos-grpc-client-executor-8] com.alibaba.nacos.common.remote.client   : [5da4914e-5f74-45eb-bc93-800a9fb8f56d] Receive server push request, request = NotifySubscriberRequest, requestId = 38
15:06:35:049  INFO 24476 --- [nacos-grpc-client-executor-8] com.alibaba.nacos.common.remote.client   : [5da4914e-5f74-45eb-bc93-800a9fb8f56d] Ack server push request, request = NotifySubscriberRequest, requestId = 38
15:06:35:058  INFO 25524 --- [nacos-grpc-client-executor-6] com.alibaba.nacos.common.remote.client   : [844dad25-ca2d-44d1-906b-256296a5fc26] Receive server push request, request = NotifySubscriberRequest, requestId = 36
15:06:35:059  INFO 25524 --- [nacos-grpc-client-executor-6] com.alibaba.nacos.common.remote.client   : [844dad25-ca2d-44d1-906b-256296a5fc26] Ack server push request, request = NotifySubscriberRequest, requestId = 36
15:06:52:834  INFO 25524 --- [http-nio-8083-exec-1] o.a.c.c.C.[Tomcat].[localhost].[/]       : Initializing Spring DispatcherServlet 'dispatcherServlet'
15:06:52:834  INFO 25524 --- [http-nio-8083-exec-1] o.s.web.servlet.DispatcherServlet        : Initializing Servlet 'dispatcherServlet'
15:06:52:835  INFO 25524 --- [http-nio-8083-exec-1] o.s.web.servlet.DispatcherServlet        : Completed initialization in 0 ms
15:06:53:027  WARN 25524 --- [http-nio-8083-exec-1] c.b.m.c.t.support.ReflectLambdaMeta      : Unable to make field private final java.lang.Class java.lang.invoke.SerializedLambda.capturingClass accessible: module java.base does not "opens java.lang.invoke" to unnamed module @5dda768f
15:06:53:076  INFO 25524 --- [http-nio-8083-exec-1] com.zaxxer.hikari.HikariDataSource       : HikariPool-1 - Starting...
15:06:53:293  INFO 25524 --- [http-nio-8083-exec-1] com.zaxxer.hikari.HikariDataSource       : HikariPool-1 - Start completed.
15:06:53:299 DEBUG 25524 --- [http-nio-8083-exec-1] c.h.i.m.ItemMapper.selectPage_mpCount    : ==>  Preparing: SELECT COUNT(*) AS total FROM item WHERE (status = ?)
15:06:53:320 DEBUG 25524 --- [http-nio-8083-exec-1] c.h.i.m.ItemMapper.selectPage_mpCount    : ==> Parameters: 1(Integer)
15:06:53:349 DEBUG 25524 --- [http-nio-8083-exec-1] c.h.i.m.ItemMapper.selectPage_mpCount    : <==      Total: 1
15:06:53:358 DEBUG 25524 --- [http-nio-8083-exec-1] c.h.item.mapper.ItemMapper.selectPage    : ==>  Preparing: SELECT id, name, price, stock, image, category, brand, spec, sold, comment_count, isAD, status, create_time, update_time, creater, updater FROM item WHERE (status = ?) ORDER BY update_time DESC LIMIT ?
15:06:53:358 DEBUG 25524 --- [http-nio-8083-exec-1] c.h.item.mapper.ItemMapper.selectPage    : ==> Parameters: 1(Integer), 20(Long)
15:06:53:369 DEBUG 25524 --- [http-nio-8083-exec-1] c.h.item.mapper.ItemMapper.selectPage    : <==      Total: 20
15:06:55:030  INFO 24476 --- [http-nio-8081-exec-1] o.a.c.c.C.[Tomcat].[localhost].[/]       : Initializing Spring DispatcherServlet 'dispatcherServlet'
15:06:55:030  INFO 24476 --- [http-nio-8081-exec-1] o.s.web.servlet.DispatcherServlet        : Initializing Servlet 'dispatcherServlet'
15:06:55:031  INFO 24476 --- [http-nio-8081-exec-1] o.s.web.servlet.DispatcherServlet        : Completed initialization in 1 ms
15:06:55:231  WARN 24476 --- [http-nio-8081-exec-1] c.b.m.c.t.support.ReflectLambdaMeta      : Unable to make field private final java.lang.Class java.lang.invoke.SerializedLambda.capturingClass accessible: module java.base does not "opens java.lang.invoke" to unnamed module @5dda768f
15:06:55:281  INFO 24476 --- [http-nio-8081-exec-1] com.zaxxer.hikari.HikariDataSource       : HikariPool-1 - Starting...
15:06:55:522  INFO 24476 --- [http-nio-8081-exec-1] com.zaxxer.hikari.HikariDataSource       : HikariPool-1 - Start completed.
15:06:55:528 DEBUG 24476 --- [http-nio-8081-exec-1] c.h.i.m.ItemMapper.selectPage_mpCount    : ==>  Preparing: SELECT COUNT(*) AS total FROM item WHERE (status = ?)
15:06:55:548 DEBUG 24476 --- [http-nio-8081-exec-1] c.h.i.m.ItemMapper.selectPage_mpCount    : ==> Parameters: 1(Integer)
15:06:55:577 DEBUG 24476 --- [http-nio-8081-exec-1] c.h.i.m.ItemMapper.selectPage_mpCount    : <==      Total: 1
15:06:55:586 DEBUG 24476 --- [http-nio-8081-exec-1] c.h.item.mapper.ItemMapper.selectPage    : ==>  Preparing: SELECT id, name, price, stock, image, category, brand, spec, sold, comment_count, isAD, status, create_time, update_time, creater, updater FROM item WHERE (status = ?) ORDER BY update_time DESC LIMIT ?
15:06:55:586 DEBUG 24476 --- [http-nio-8081-exec-1] c.h.item.mapper.ItemMapper.selectPage    : ==> Parameters: 1(Integer), 20(Long)
15:06:55:596 DEBUG 24476 --- [http-nio-8081-exec-1] c.h.item.mapper.ItemMapper.selectPage    : <==      Total: 20
15:06:56:610 DEBUG 25524 --- [http-nio-8083-exec-2] c.h.i.m.ItemMapper.selectPage_mpCount    : ==>  Preparing: SELECT COUNT(*) AS total FROM item WHERE (status = ?)
15:06:56:610 DEBUG 25524 --- [http-nio-8083-exec-2] c.h.i.m.ItemMapper.selectPage_mpCount    : ==> Parameters: 1(Integer)
15:06:56:627 DEBUG 25524 --- [http-nio-8083-exec-2] c.h.i.m.ItemMapper.selectPage_mpCount    : <==      Total: 1
15:06:56:629 DEBUG 25524 --- [http-nio-8083-exec-2] c.h.item.mapper.ItemMapper.selectPage    : ==>  Preparing: SELECT id, name, price, stock, image, category, brand, spec, sold, comment_count, isAD, status, create_time, update_time, creater, updater FROM item WHERE (status = ?) ORDER BY update_time DESC LIMIT ?
15:06:56:630 DEBUG 25524 --- [http-nio-8083-exec-2] c.h.item.mapper.ItemMapper.selectPage    : ==> Parameters: 1(Integer), 20(Long)
15:06:56:633 DEBUG 25524 --- [http-nio-8083-exec-2] c.h.item.mapper.ItemMapper.selectPage    : <==      Total: 20
15:06:57:424 DEBUG 24476 --- [http-nio-8081-exec-2] c.h.i.m.ItemMapper.selectPage_mpCount    : ==>  Preparing: SELECT COUNT(*) AS total FROM item WHERE (status = ?)
15:06:57:424 DEBUG 24476 --- [http-nio-8081-exec-2] c.h.i.m.ItemMapper.selectPage_mpCount    : ==> Parameters: 1(Integer)
15:06:57:439 DEBUG 24476 --- [http-nio-8081-exec-2] c.h.i.m.ItemMapper.selectPage_mpCount    : <==      Total: 1
15:06:57:441 DEBUG 24476 --- [http-nio-8081-exec-2] c.h.item.mapper.ItemMapper.selectPage    : ==>  Preparing: SELECT id, name, price, stock, image, category, brand, spec, sold, comment_count, isAD, status, create_time, update_time, creater, updater FROM item WHERE (status = ?) ORDER BY update_time DESC LIMIT ?
15:06:57:442 DEBUG 24476 --- [http-nio-8081-exec-2] c.h.item.mapper.ItemMapper.selectPage    : ==> Parameters: 1(Integer), 20(Long)
15:06:57:446 DEBUG 24476 --- [http-nio-8081-exec-2] c.h.item.mapper.ItemMapper.selectPage    : <==      Total: 20
15:06:57:986 DEBUG 25524 --- [http-nio-8083-exec-3] c.h.i.m.ItemMapper.selectPage_mpCount    : ==>  Preparing: SELECT COUNT(*) AS total FROM item WHERE (status = ?)
15:06:57:986 DEBUG 25524 --- [http-nio-8083-exec-3] c.h.i.m.ItemMapper.selectPage_mpCount    : ==> Parameters: 1(Integer)
15:06:57:996 DEBUG 25524 --- [http-nio-8083-exec-3] c.h.i.m.ItemMapper.selectPage_mpCount    : <==      Total: 1
15:06:57:998 DEBUG 25524 --- [http-nio-8083-exec-3] c.h.item.mapper.ItemMapper.selectPage    : ==>  Preparing: SELECT id, name, price, stock, image, category, brand, spec, sold, comment_count, isAD, status, create_time, update_time, creater, updater FROM item WHERE (status = ?) ORDER BY update_time DESC LIMIT ?
15:06:57:998 DEBUG 25524 --- [http-nio-8083-exec-3] c.h.item.mapper.ItemMapper.selectPage    : ==> Parameters: 1(Integer), 20(Long)
15:06:58:001 DEBUG 25524 --- [http-nio-8083-exec-3] c.h.item.mapper.ItemMapper.selectPage    : <==      Total: 20
15:29:28:591 DEBUG 24476 --- [http-nio-8081-exec-4] c.h.i.m.ItemMapper.selectPage_mpCount    : ==>  Preparing: SELECT COUNT(*) AS total FROM item WHERE (status = ?)
15:29:28:591 DEBUG 24476 --- [http-nio-8081-exec-4] c.h.i.m.ItemMapper.selectPage_mpCount    : ==> Parameters: 1(Integer)
15:29:28:602 DEBUG 24476 --- [http-nio-8081-exec-4] c.h.i.m.ItemMapper.selectPage_mpCount    : <==      Total: 1
15:29:28:604 DEBUG 24476 --- [http-nio-8081-exec-4] c.h.item.mapper.ItemMapper.selectPage    : ==>  Preparing: SELECT id, name, price, stock, image, category, brand, spec, sold, comment_count, isAD, status, create_time, update_time, creater, updater FROM item WHERE (status = ?) ORDER BY update_time DESC LIMIT ?
15:29:28:604 DEBUG 24476 --- [http-nio-8081-exec-4] c.h.item.mapper.ItemMapper.selectPage    : ==> Parameters: 1(Integer), 20(Long)
15:29:28:607 DEBUG 24476 --- [http-nio-8081-exec-4] c.h.item.mapper.ItemMapper.selectPage    : <==      Total: 20
15:29:35:661 DEBUG 25524 --- [http-nio-8083-exec-6] c.h.i.m.ItemMapper.selectPage_mpCount    : ==>  Preparing: SELECT COUNT(*) AS total FROM item WHERE (status = ?)
15:29:35:661 DEBUG 25524 --- [http-nio-8083-exec-6] c.h.i.m.ItemMapper.selectPage_mpCount    : ==> Parameters: 1(Integer)
15:29:35:671 DEBUG 25524 --- [http-nio-8083-exec-6] c.h.i.m.ItemMapper.selectPage_mpCount    : <==      Total: 1
15:29:35:674 DEBUG 25524 --- [http-nio-8083-exec-6] c.h.item.mapper.ItemMapper.selectPage    : ==>  Preparing: SELECT id, name, price, stock, image, category, brand, spec, sold, comment_count, isAD, status, create_time, update_time, creater, updater FROM item WHERE (status = ?) ORDER BY update_time DESC LIMIT ?
15:29:35:675 DEBUG 25524 --- [http-nio-8083-exec-6] c.h.item.mapper.ItemMapper.selectPage    : ==> Parameters: 1(Integer), 20(Long)
15:29:35:677 DEBUG 25524 --- [http-nio-8083-exec-6] c.h.item.mapper.ItemMapper.selectPage    : <==      Total: 20
16:41:25:233 DEBUG 24476 --- [http-nio-8081-exec-7] c.h.i.mapper.ItemMapper.selectBatchIds   : ==>  Preparing: SELECT id,name,price,stock,image,category,brand,spec,sold,comment_count,isAD,status,create_time,update_time,creater,updater FROM item WHERE id IN ( ? , ? , ? )
16:41:25:233 DEBUG 24476 --- [http-nio-8081-exec-8] c.h.i.mapper.ItemMapper.selectBatchIds   : ==>  Preparing: SELECT id,name,price,stock,image,category,brand,spec,sold,comment_count,isAD,status,create_time,update_time,creater,updater FROM item WHERE id IN ( ? , ? , ? )
16:41:25:235 DEBUG 24476 --- [http-nio-8081-exec-7] c.h.i.mapper.ItemMapper.selectBatchIds   : ==> Parameters: 100000006163(Long), 100001511821(Long), 2120808(Long)
16:41:25:235 DEBUG 24476 --- [http-nio-8081-exec-8] c.h.i.mapper.ItemMapper.selectBatchIds   : ==> Parameters: 100000006163(Long), 100001511821(Long), 2120808(Long)
16:41:25:241 DEBUG 24476 --- [http-nio-8081-exec-8] c.h.i.mapper.ItemMapper.selectBatchIds   : <==      Total: 3
16:41:25:241 DEBUG 24476 --- [http-nio-8081-exec-7] c.h.i.mapper.ItemMapper.selectBatchIds   : <==      Total: 3
16:41:25:250 DEBUG 25524 --- [http-nio-8083-exec-8] c.h.i.mapper.ItemMapper.selectBatchIds   : ==>  Preparing: SELECT id,name,price,stock,image,category,brand,spec,sold,comment_count,isAD,status,create_time,update_time,creater,updater FROM item WHERE id IN ( ? , ? , ? )
16:41:25:250 DEBUG 25524 --- [http-nio-8083-exec-9] c.h.i.mapper.ItemMapper.selectBatchIds   : ==>  Preparing: SELECT id,name,price,stock,image,category,brand,spec,sold,comment_count,isAD,status,create_time,update_time,creater,updater FROM item WHERE id IN ( ? , ? , ? )
16:41:25:252 DEBUG 25524 --- [http-nio-8083-exec-8] c.h.i.mapper.ItemMapper.selectBatchIds   : ==> Parameters: 100000006163(Long), 100001511821(Long), 2120808(Long)
16:41:25:252 DEBUG 25524 --- [http-nio-8083-exec-9] c.h.i.mapper.ItemMapper.selectBatchIds   : ==> Parameters: 100000006163(Long), 100001511821(Long), 2120808(Long)
16:41:25:257 DEBUG 25524 --- [http-nio-8083-exec-8] c.h.i.mapper.ItemMapper.selectBatchIds   : <==      Total: 3
16:41:25:257 DEBUG 25524 --- [http-nio-8083-exec-9] c.h.i.mapper.ItemMapper.selectBatchIds   : <==      Total: 3
16:41:25:301 DEBUG 24476 --- [http-nio-8081-exec-9] c.h.i.mapper.ItemMapper.selectBatchIds   : ==>  Preparing: SELECT id,name,price,stock,image,category,brand,spec,sold,comment_count,isAD,status,create_time,update_time,creater,updater FROM item WHERE id IN ( ? , ? , ? )
16:41:25:303 DEBUG 24476 --- [http-nio-8081-exec-9] c.h.i.mapper.ItemMapper.selectBatchIds   : ==> Parameters: 100000006163(Long), 100001511821(Long), 2120808(Long)
16:41:25:305 DEBUG 24476 --- [http-nio-8081-exec-9] c.h.i.mapper.ItemMapper.selectBatchIds   : <==      Total: 3
16:41:25:405 DEBUG 25524 --- [http-nio-8083-exec-7] c.h.i.mapper.ItemMapper.selectBatchIds   : ==>  Preparing: SELECT id,name,price,stock,image,category,brand,spec,sold,comment_count,isAD,status,create_time,update_time,creater,updater FROM item WHERE id IN ( ? , ? , ? )
16:41:25:405 DEBUG 25524 --- [http-nio-8083-exec-7] c.h.i.mapper.ItemMapper.selectBatchIds   : ==> Parameters: 100000006163(Long), 100001511821(Long), 2120808(Long)
16:41:25:407 DEBUG 25524 --- [http-nio-8083-exec-7] c.h.i.mapper.ItemMapper.selectBatchIds   : <==      Total: 3
16:41:26:099 DEBUG 24476 --- [http-nio-8081-exec-10] c.h.i.mapper.ItemMapper.selectBatchIds   : ==>  Preparing: SELECT id,name,price,stock,image,category,brand,spec,sold,comment_count,isAD,status,create_time,update_time,creater,updater FROM item WHERE id IN ( ? , ? , ? )
16:41:26:100 DEBUG 24476 --- [http-nio-8081-exec-10] c.h.i.mapper.ItemMapper.selectBatchIds   : ==> Parameters: 100000006163(Long), 100001511821(Long), 2120808(Long)
16:41:26:101 DEBUG 24476 --- [http-nio-8081-exec-10] c.h.i.mapper.ItemMapper.selectBatchIds   : <==      Total: 3
16:41:26:202 DEBUG 25524 --- [http-nio-8083-exec-10] c.h.i.mapper.ItemMapper.selectBatchIds   : ==>  Preparing: SELECT id,name,price,stock,image,category,brand,spec,sold,comment_count,isAD,status,create_time,update_time,creater,updater FROM item WHERE id IN ( ? , ? , ? )
16:41:26:203 DEBUG 25524 --- [http-nio-8083-exec-10] c.h.i.mapper.ItemMapper.selectBatchIds   : ==> Parameters: 100000006163(Long), 100001511821(Long), 2120808(Long)
16:41:26:205 DEBUG 25524 --- [http-nio-8083-exec-10] c.h.i.mapper.ItemMapper.selectBatchIds   : <==      Total: 3
16:41:26:297 DEBUG 24476 --- [http-nio-8081-exec-1] c.h.i.mapper.ItemMapper.selectBatchIds   : ==>  Preparing: SELECT id,name,price,stock,image,category,brand,spec,sold,comment_count,isAD,status,create_time,update_time,creater,updater FROM item WHERE id IN ( ? , ? , ? )
16:41:26:298 DEBUG 24476 --- [http-nio-8081-exec-1] c.h.i.mapper.ItemMapper.selectBatchIds   : ==> Parameters: 100000006163(Long), 100001511821(Long), 2120808(Long)
16:41:26:300 DEBUG 24476 --- [http-nio-8081-exec-1] c.h.i.mapper.ItemMapper.selectBatchIds   : <==      Total: 3
16:41:26:401 DEBUG 25524 --- [http-nio-8083-exec-1] c.h.i.mapper.ItemMapper.selectBatchIds   : ==>  Preparing: SELECT id,name,price,stock,image,category,brand,spec,sold,comment_count,isAD,status,create_time,update_time,creater,updater FROM item WHERE id IN ( ? , ? , ? )
16:41:26:401 DEBUG 25524 --- [http-nio-8083-exec-1] c.h.i.mapper.ItemMapper.selectBatchIds   : ==> Parameters: 100000006163(Long), 100001511821(Long), 2120808(Long)
16:41:26:403 DEBUG 25524 --- [http-nio-8083-exec-1] c.h.i.mapper.ItemMapper.selectBatchIds   : <==      Total: 3
16:41:26:500 DEBUG 24476 --- [http-nio-8081-exec-2] c.h.i.mapper.ItemMapper.selectBatchIds   : ==>  Preparing: SELECT id,name,price,stock,image,category,brand,spec,sold,comment_count,isAD,status,create_time,update_time,creater,updater FROM item WHERE id IN ( ? , ? , ? )
16:41:26:500 DEBUG 24476 --- [http-nio-8081-exec-2] c.h.i.mapper.ItemMapper.selectBatchIds   : ==> Parameters: 100000006163(Long), 100001511821(Long), 2120808(Long)
16:41:26:502 DEBUG 24476 --- [http-nio-8081-exec-2] c.h.i.mapper.ItemMapper.selectBatchIds   : <==      Total: 3
16:41:26:598 DEBUG 25524 --- [http-nio-8083-exec-2] c.h.i.mapper.ItemMapper.selectBatchIds   : ==>  Preparing: SELECT id,name,price,stock,image,category,brand,spec,sold,comment_count,isAD,status,create_time,update_time,creater,updater FROM item WHERE id IN ( ? , ? , ? )
16:41:26:598 DEBUG 25524 --- [http-nio-8083-exec-2] c.h.i.mapper.ItemMapper.selectBatchIds   : ==> Parameters: 100000006163(Long), 100001511821(Long), 2120808(Long)
16:41:26:600 DEBUG 25524 --- [http-nio-8083-exec-2] c.h.i.mapper.ItemMapper.selectBatchIds   : <==      Total: 3
16:41:27:098 DEBUG 24476 --- [http-nio-8081-exec-3] c.h.i.mapper.ItemMapper.selectBatchIds   : ==>  Preparing: SELECT id,name,price,stock,image,category,brand,spec,sold,comment_count,isAD,status,create_time,update_time,creater,updater FROM item WHERE id IN ( ? , ? , ? )
16:41:27:098 DEBUG 24476 --- [http-nio-8081-exec-3] c.h.i.mapper.ItemMapper.selectBatchIds   : ==> Parameters: 100000006163(Long), 100001511821(Long), 2120808(Long)
16:41:27:100 DEBUG 24476 --- [http-nio-8081-exec-3] c.h.i.mapper.ItemMapper.selectBatchIds   : <==      Total: 3
16:41:27:198 DEBUG 25524 --- [http-nio-8083-exec-3] c.h.i.mapper.ItemMapper.selectBatchIds   : ==>  Preparing: SELECT id,name,price,stock,image,category,brand,spec,sold,comment_count,isAD,status,create_time,update_time,creater,updater FROM item WHERE id IN ( ? , ? , ? )
16:41:27:198 DEBUG 25524 --- [http-nio-8083-exec-3] c.h.i.mapper.ItemMapper.selectBatchIds   : ==> Parameters: 100000006163(Long), 100001511821(Long), 2120808(Long)
16:41:27:200 DEBUG 25524 --- [http-nio-8083-exec-3] c.h.i.mapper.ItemMapper.selectBatchIds   : <==      Total: 3
16:41:27:297 DEBUG 24476 --- [http-nio-8081-exec-4] c.h.i.mapper.ItemMapper.selectBatchIds   : ==>  Preparing: SELECT id,name,price,stock,image,category,brand,spec,sold,comment_count,isAD,status,create_time,update_time,creater,updater FROM item WHERE id IN ( ? , ? , ? )
16:41:27:298 DEBUG 24476 --- [http-nio-8081-exec-4] c.h.i.mapper.ItemMapper.selectBatchIds   : ==> Parameters: 100000006163(Long), 100001511821(Long), 2120808(Long)
16:41:27:300 DEBUG 24476 --- [http-nio-8081-exec-4] c.h.i.mapper.ItemMapper.selectBatchIds   : <==      Total: 3
16:41:27:400 DEBUG 25524 --- [http-nio-8083-exec-4] c.h.i.mapper.ItemMapper.selectBatchIds   : ==>  Preparing: SELECT id,name,price,stock,image,category,brand,spec,sold,comment_count,isAD,status,create_time,update_time,creater,updater FROM item WHERE id IN ( ? , ? , ? )
16:41:27:402 DEBUG 25524 --- [http-nio-8083-exec-4] c.h.i.mapper.ItemMapper.selectBatchIds   : ==> Parameters: 100000006163(Long), 100001511821(Long), 2120808(Long)
16:41:27:405 DEBUG 25524 --- [http-nio-8083-exec-4] c.h.i.mapper.ItemMapper.selectBatchIds   : <==      Total: 3
16:41:27:498 DEBUG 24476 --- [http-nio-8081-exec-5] c.h.i.mapper.ItemMapper.selectBatchIds   : ==>  Preparing: SELECT id,name,price,stock,image,category,brand,spec,sold,comment_count,isAD,status,create_time,update_time,creater,updater FROM item WHERE id IN ( ? , ? , ? )
16:41:27:498 DEBUG 24476 --- [http-nio-8081-exec-5] c.h.i.mapper.ItemMapper.selectBatchIds   : ==> Parameters: 100000006163(Long), 100001511821(Long), 2120808(Long)
16:41:27:499 DEBUG 24476 --- [http-nio-8081-exec-5] c.h.i.mapper.ItemMapper.selectBatchIds   : <==      Total: 3
16:41:27:597 DEBUG 25524 --- [http-nio-8083-exec-6] c.h.i.mapper.ItemMapper.selectBatchIds   : ==>  Preparing: SELECT id,name,price,stock,image,category,brand,spec,sold,comment_count,isAD,status,create_time,update_time,creater,updater FROM item WHERE id IN ( ? , ? , ? )
16:41:27:599 DEBUG 25524 --- [http-nio-8083-exec-6] c.h.i.mapper.ItemMapper.selectBatchIds   : ==> Parameters: 100000006163(Long), 100001511821(Long), 2120808(Long)
16:41:27:601 DEBUG 25524 --- [http-nio-8083-exec-6] c.h.i.mapper.ItemMapper.selectBatchIds   : <==      Total: 3
16:41:28:099 DEBUG 24476 --- [http-nio-8081-exec-6] c.h.i.mapper.ItemMapper.selectBatchIds   : ==>  Preparing: SELECT id,name,price,stock,image,category,brand,spec,sold,comment_count,isAD,status,create_time,update_time,creater,updater FROM item WHERE id IN ( ? , ? , ? )
16:41:28:100 DEBUG 24476 --- [http-nio-8081-exec-6] c.h.i.mapper.ItemMapper.selectBatchIds   : ==> Parameters: 100000006163(Long), 100001511821(Long), 2120808(Long)
16:41:28:104 DEBUG 24476 --- [http-nio-8081-exec-6] c.h.i.mapper.ItemMapper.selectBatchIds   : <==      Total: 3
16:41:28:198 DEBUG 25524 --- [http-nio-8083-exec-5] c.h.i.mapper.ItemMapper.selectBatchIds   : ==>  Preparing: SELECT id,name,price,stock,image,category,brand,spec,sold,comment_count,isAD,status,create_time,update_time,creater,updater FROM item WHERE id IN ( ? , ? , ? )
16:41:28:198 DEBUG 25524 --- [http-nio-8083-exec-5] c.h.i.mapper.ItemMapper.selectBatchIds   : ==> Parameters: 100000006163(Long), 100001511821(Long), 2120808(Long)
16:41:28:199 DEBUG 25524 --- [http-nio-8083-exec-5] c.h.i.mapper.ItemMapper.selectBatchIds   : <==      Total: 3
16:41:28:299 DEBUG 24476 --- [http-nio-8081-exec-7] c.h.i.mapper.ItemMapper.selectBatchIds   : ==>  Preparing: SELECT id,name,price,stock,image,category,brand,spec,sold,comment_count,isAD,status,create_time,update_time,creater,updater FROM item WHERE id IN ( ? , ? , ? )
16:41:28:299 DEBUG 24476 --- [http-nio-8081-exec-7] c.h.i.mapper.ItemMapper.selectBatchIds   : ==> Parameters: 100000006163(Long), 100001511821(Long), 2120808(Long)
16:41:28:301 DEBUG 24476 --- [http-nio-8081-exec-7] c.h.i.mapper.ItemMapper.selectBatchIds   : <==      Total: 3
16:41:28:403 DEBUG 25524 --- [http-nio-8083-exec-9] c.h.i.mapper.ItemMapper.selectBatchIds   : ==>  Preparing: SELECT id,name,price,stock,image,category,brand,spec,sold,comment_count,isAD,status,create_time,update_time,creater,updater FROM item WHERE id IN ( ? , ? , ? )
16:41:28:403 DEBUG 25524 --- [http-nio-8083-exec-9] c.h.i.mapper.ItemMapper.selectBatchIds   : ==> Parameters: 100000006163(Long), 100001511821(Long), 2120808(Long)
16:41:28:404 DEBUG 25524 --- [http-nio-8083-exec-9] c.h.i.mapper.ItemMapper.selectBatchIds   : <==      Total: 3
16:41:28:498 DEBUG 24476 --- [http-nio-8081-exec-8] c.h.i.mapper.ItemMapper.selectBatchIds   : ==>  Preparing: SELECT id,name,price,stock,image,category,brand,spec,sold,comment_count,isAD,status,create_time,update_time,creater,updater FROM item WHERE id IN ( ? , ? , ? )
16:41:28:499 DEBUG 24476 --- [http-nio-8081-exec-8] c.h.i.mapper.ItemMapper.selectBatchIds   : ==> Parameters: 100000006163(Long), 100001511821(Long), 2120808(Long)
16:41:28:501 DEBUG 24476 --- [http-nio-8081-exec-8] c.h.i.mapper.ItemMapper.selectBatchIds   : <==      Total: 3
16:41:28:597 DEBUG 25524 --- [http-nio-8083-exec-8] c.h.i.mapper.ItemMapper.selectBatchIds   : ==>  Preparing: SELECT id,name,price,stock,image,category,brand,spec,sold,comment_count,isAD,status,create_time,update_time,creater,updater FROM item WHERE id IN ( ? , ? , ? )
16:41:28:597 DEBUG 25524 --- [http-nio-8083-exec-8] c.h.i.mapper.ItemMapper.selectBatchIds   : ==> Parameters: 100000006163(Long), 100001511821(Long), 2120808(Long)
16:41:28:598 DEBUG 25524 --- [http-nio-8083-exec-8] c.h.i.mapper.ItemMapper.selectBatchIds   : <==      Total: 3
16:41:29:099 DEBUG 24476 --- [http-nio-8081-exec-9] c.h.i.mapper.ItemMapper.selectBatchIds   : ==>  Preparing: SELECT id,name,price,stock,image,category,brand,spec,sold,comment_count,isAD,status,create_time,update_time,creater,updater FROM item WHERE id IN ( ? , ? , ? )
16:41:29:100 DEBUG 24476 --- [http-nio-8081-exec-9] c.h.i.mapper.ItemMapper.selectBatchIds   : ==> Parameters: 100000006163(Long), 100001511821(Long), 2120808(Long)
16:41:29:102 DEBUG 24476 --- [http-nio-8081-exec-9] c.h.i.mapper.ItemMapper.selectBatchIds   : <==      Total: 3
16:41:29:198 DEBUG 25524 --- [http-nio-8083-exec-7] c.h.i.mapper.ItemMapper.selectBatchIds   : ==>  Preparing: SELECT id,name,price,stock,image,category,brand,spec,sold,comment_count,isAD,status,create_time,update_time,creater,updater FROM item WHERE id IN ( ? , ? , ? )
16:41:29:198 DEBUG 25524 --- [http-nio-8083-exec-7] c.h.i.mapper.ItemMapper.selectBatchIds   : ==> Parameters: 100000006163(Long), 100001511821(Long), 2120808(Long)
16:41:29:199 DEBUG 25524 --- [http-nio-8083-exec-7] c.h.i.mapper.ItemMapper.selectBatchIds   : <==      Total: 3
16:41:29:298 DEBUG 24476 --- [http-nio-8081-exec-10] c.h.i.mapper.ItemMapper.selectBatchIds   : ==>  Preparing: SELECT id,name,price,stock,image,category,brand,spec,sold,comment_count,isAD,status,create_time,update_time,creater,updater FROM item WHERE id IN ( ? , ? , ? )
16:41:29:299 DEBUG 24476 --- [http-nio-8081-exec-10] c.h.i.mapper.ItemMapper.selectBatchIds   : ==> Parameters: 100000006163(Long), 100001511821(Long), 2120808(Long)
16:41:29:300 DEBUG 24476 --- [http-nio-8081-exec-10] c.h.i.mapper.ItemMapper.selectBatchIds   : <==      Total: 3
16:41:29:399 DEBUG 25524 --- [http-nio-8083-exec-10] c.h.i.mapper.ItemMapper.selectBatchIds   : ==>  Preparing: SELECT id,name,price,stock,image,category,brand,spec,sold,comment_count,isAD,status,create_time,update_time,creater,updater FROM item WHERE id IN ( ? , ? , ? )
16:41:29:399 DEBUG 25524 --- [http-nio-8083-exec-10] c.h.i.mapper.ItemMapper.selectBatchIds   : ==> Parameters: 100000006163(Long), 100001511821(Long), 2120808(Long)
16:41:29:401 DEBUG 25524 --- [http-nio-8083-exec-10] c.h.i.mapper.ItemMapper.selectBatchIds   : <==      Total: 3
16:41:29:500 DEBUG 24476 --- [http-nio-8081-exec-1] c.h.i.mapper.ItemMapper.selectBatchIds   : ==>  Preparing: SELECT id,name,price,stock,image,category,brand,spec,sold,comment_count,isAD,status,create_time,update_time,creater,updater FROM item WHERE id IN ( ? , ? , ? )
16:41:29:500 DEBUG 24476 --- [http-nio-8081-exec-1] c.h.i.mapper.ItemMapper.selectBatchIds   : ==> Parameters: 100000006163(Long), 100001511821(Long), 2120808(Long)
16:41:29:501 DEBUG 24476 --- [http-nio-8081-exec-1] c.h.i.mapper.ItemMapper.selectBatchIds   : <==      Total: 3
16:41:29:597 DEBUG 25524 --- [http-nio-8083-exec-1] c.h.i.mapper.ItemMapper.selectBatchIds   : ==>  Preparing: SELECT id,name,price,stock,image,category,brand,spec,sold,comment_count,isAD,status,create_time,update_time,creater,updater FROM item WHERE id IN ( ? , ? , ? )
16:41:29:598 DEBUG 25524 --- [http-nio-8083-exec-1] c.h.i.mapper.ItemMapper.selectBatchIds   : ==> Parameters: 100000006163(Long), 100001511821(Long), 2120808(Long)
16:41:29:599 DEBUG 25524 --- [http-nio-8083-exec-1] c.h.i.mapper.ItemMapper.selectBatchIds   : <==      Total: 3
16:41:30:099 DEBUG 24476 --- [http-nio-8081-exec-2] c.h.i.mapper.ItemMapper.selectBatchIds   : ==>  Preparing: SELECT id,name,price,stock,image,category,brand,spec,sold,comment_count,isAD,status,create_time,update_time,creater,updater FROM item WHERE id IN ( ? , ? , ? )
16:41:30:099 DEBUG 24476 --- [http-nio-8081-exec-2] c.h.i.mapper.ItemMapper.selectBatchIds   : ==> Parameters: 100000006163(Long), 100001511821(Long), 2120808(Long)
16:41:30:101 DEBUG 24476 --- [http-nio-8081-exec-2] c.h.i.mapper.ItemMapper.selectBatchIds   : <==      Total: 3
16:41:30:199 DEBUG 25524 --- [http-nio-8083-exec-2] c.h.i.mapper.ItemMapper.selectBatchIds   : ==>  Preparing: SELECT id,name,price,stock,image,category,brand,spec,sold,comment_count,isAD,status,create_time,update_time,creater,updater FROM item WHERE id IN ( ? , ? , ? )
16:41:30:200 DEBUG 25524 --- [http-nio-8083-exec-2] c.h.i.mapper.ItemMapper.selectBatchIds   : ==> Parameters: 100000006163(Long), 100001511821(Long), 2120808(Long)
16:41:30:202 DEBUG 25524 --- [http-nio-8083-exec-2] c.h.i.mapper.ItemMapper.selectBatchIds   : <==      Total: 3
16:41:30:299 DEBUG 24476 --- [http-nio-8081-exec-3] c.h.i.mapper.ItemMapper.selectBatchIds   : ==>  Preparing: SELECT id,name,price,stock,image,category,brand,spec,sold,comment_count,isAD,status,create_time,update_time,creater,updater FROM item WHERE id IN ( ? , ? , ? )
16:41:30:300 DEBUG 24476 --- [http-nio-8081-exec-3] c.h.i.mapper.ItemMapper.selectBatchIds   : ==> Parameters: 100000006163(Long), 100001511821(Long), 2120808(Long)
16:41:30:301 DEBUG 24476 --- [http-nio-8081-exec-3] c.h.i.mapper.ItemMapper.selectBatchIds   : <==      Total: 3
16:41:30:398 DEBUG 25524 --- [http-nio-8083-exec-3] c.h.i.mapper.ItemMapper.selectBatchIds   : ==>  Preparing: SELECT id,name,price,stock,image,category,brand,spec,sold,comment_count,isAD,status,create_time,update_time,creater,updater FROM item WHERE id IN ( ? , ? , ? )
16:41:30:398 DEBUG 25524 --- [http-nio-8083-exec-3] c.h.i.mapper.ItemMapper.selectBatchIds   : ==> Parameters: 100000006163(Long), 100001511821(Long), 2120808(Long)
16:41:30:401 DEBUG 25524 --- [http-nio-8083-exec-3] c.h.i.mapper.ItemMapper.selectBatchIds   : <==      Total: 3
16:41:30:498 DEBUG 24476 --- [http-nio-8081-exec-4] c.h.i.mapper.ItemMapper.selectBatchIds   : ==>  Preparing: SELECT id,name,price,stock,image,category,brand,spec,sold,comment_count,isAD,status,create_time,update_time,creater,updater FROM item WHERE id IN ( ? , ? , ? )
16:41:30:498 DEBUG 24476 --- [http-nio-8081-exec-4] c.h.i.mapper.ItemMapper.selectBatchIds   : ==> Parameters: 100000006163(Long), 100001511821(Long), 2120808(Long)
16:41:30:500 DEBUG 24476 --- [http-nio-8081-exec-4] c.h.i.mapper.ItemMapper.selectBatchIds   : <==      Total: 3
16:41:30:600 DEBUG 25524 --- [http-nio-8083-exec-4] c.h.i.mapper.ItemMapper.selectBatchIds   : ==>  Preparing: SELECT id,name,price,stock,image,category,brand,spec,sold,comment_count,isAD,status,create_time,update_time,creater,updater FROM item WHERE id IN ( ? , ? , ? )
16:41:30:600 DEBUG 25524 --- [http-nio-8083-exec-4] c.h.i.mapper.ItemMapper.selectBatchIds   : ==> Parameters: 100000006163(Long), 100001511821(Long), 2120808(Long)
16:41:30:603 DEBUG 25524 --- [http-nio-8083-exec-4] c.h.i.mapper.ItemMapper.selectBatchIds   : <==      Total: 3
16:41:31:099 DEBUG 24476 --- [http-nio-8081-exec-5] c.h.i.mapper.ItemMapper.selectBatchIds   : ==>  Preparing: SELECT id,name,price,stock,image,category,brand,spec,sold,comment_count,isAD,status,create_time,update_time,creater,updater FROM item WHERE id IN ( ? , ? , ? )
16:41:31:099 DEBUG 24476 --- [http-nio-8081-exec-5] c.h.i.mapper.ItemMapper.selectBatchIds   : ==> Parameters: 100000006163(Long), 100001511821(Long), 2120808(Long)
16:41:31:099 DEBUG 24476 --- [http-nio-8081-exec-5] c.h.i.mapper.ItemMapper.selectBatchIds   : <==      Total: 3
16:41:31:200 DEBUG 25524 --- [http-nio-8083-exec-6] c.h.i.mapper.ItemMapper.selectBatchIds   : ==>  Preparing: SELECT id,name,price,stock,image,category,brand,spec,sold,comment_count,isAD,status,create_time,update_time,creater,updater FROM item WHERE id IN ( ? , ? , ? )
16:41:31:200 DEBUG 25524 --- [http-nio-8083-exec-6] c.h.i.mapper.ItemMapper.selectBatchIds   : ==> Parameters: 100000006163(Long), 100001511821(Long), 2120808(Long)
16:41:31:201 DEBUG 25524 --- [http-nio-8083-exec-6] c.h.i.mapper.ItemMapper.selectBatchIds   : <==      Total: 3
16:41:31:299 DEBUG 24476 --- [http-nio-8081-exec-6] c.h.i.mapper.ItemMapper.selectBatchIds   : ==>  Preparing: SELECT id,name,price,stock,image,category,brand,spec,sold,comment_count,isAD,status,create_time,update_time,creater,updater FROM item WHERE id IN ( ? , ? , ? )
16:41:31:299 DEBUG 24476 --- [http-nio-8081-exec-6] c.h.i.mapper.ItemMapper.selectBatchIds   : ==> Parameters: 100000006163(Long), 100001511821(Long), 2120808(Long)
16:41:31:301 DEBUG 24476 --- [http-nio-8081-exec-6] c.h.i.mapper.ItemMapper.selectBatchIds   : <==      Total: 3
16:41:31:399 DEBUG 25524 --- [http-nio-8083-exec-5] c.h.i.mapper.ItemMapper.selectBatchIds   : ==>  Preparing: SELECT id,name,price,stock,image,category,brand,spec,sold,comment_count,isAD,status,create_time,update_time,creater,updater FROM item WHERE id IN ( ? , ? , ? )
16:41:31:399 DEBUG 25524 --- [http-nio-8083-exec-5] c.h.i.mapper.ItemMapper.selectBatchIds   : ==> Parameters: 100000006163(Long), 100001511821(Long), 2120808(Long)
16:41:31:401 DEBUG 25524 --- [http-nio-8083-exec-5] c.h.i.mapper.ItemMapper.selectBatchIds   : <==      Total: 3
16:41:31:499 DEBUG 24476 --- [http-nio-8081-exec-7] c.h.i.mapper.ItemMapper.selectBatchIds   : ==>  Preparing: SELECT id,name,price,stock,image,category,brand,spec,sold,comment_count,isAD,status,create_time,update_time,creater,updater FROM item WHERE id IN ( ? , ? , ? )
16:41:31:499 DEBUG 24476 --- [http-nio-8081-exec-7] c.h.i.mapper.ItemMapper.selectBatchIds   : ==> Parameters: 100000006163(Long), 100001511821(Long), 2120808(Long)
16:41:31:500 DEBUG 24476 --- [http-nio-8081-exec-7] c.h.i.mapper.ItemMapper.selectBatchIds   : <==      Total: 3
16:41:31:598 DEBUG 25524 --- [http-nio-8083-exec-9] c.h.i.mapper.ItemMapper.selectBatchIds   : ==>  Preparing: SELECT id,name,price,stock,image,category,brand,spec,sold,comment_count,isAD,status,create_time,update_time,creater,updater FROM item WHERE id IN ( ? , ? , ? )
16:41:31:598 DEBUG 25524 --- [http-nio-8083-exec-9] c.h.i.mapper.ItemMapper.selectBatchIds   : ==> Parameters: 100000006163(Long), 100001511821(Long), 2120808(Long)
16:41:31:599 DEBUG 25524 --- [http-nio-8083-exec-9] c.h.i.mapper.ItemMapper.selectBatchIds   : <==      Total: 3
16:41:32:097 DEBUG 24476 --- [http-nio-8081-exec-8] c.h.i.mapper.ItemMapper.selectBatchIds   : ==>  Preparing: SELECT id,name,price,stock,image,category,brand,spec,sold,comment_count,isAD,status,create_time,update_time,creater,updater FROM item WHERE id IN ( ? , ? , ? )
16:41:32:097 DEBUG 24476 --- [http-nio-8081-exec-8] c.h.i.mapper.ItemMapper.selectBatchIds   : ==> Parameters: 100000006163(Long), 100001511821(Long), 2120808(Long)
16:41:32:099 DEBUG 24476 --- [http-nio-8081-exec-8] c.h.i.mapper.ItemMapper.selectBatchIds   : <==      Total: 3
16:41:32:197 DEBUG 25524 --- [http-nio-8083-exec-8] c.h.i.mapper.ItemMapper.selectBatchIds   : ==>  Preparing: SELECT id,name,price,stock,image,category,brand,spec,sold,comment_count,isAD,status,create_time,update_time,creater,updater FROM item WHERE id IN ( ? , ? , ? )
16:41:32:198 DEBUG 25524 --- [http-nio-8083-exec-8] c.h.i.mapper.ItemMapper.selectBatchIds   : ==> Parameters: 100000006163(Long), 100001511821(Long), 2120808(Long)
16:41:32:199 DEBUG 25524 --- [http-nio-8083-exec-8] c.h.i.mapper.ItemMapper.selectBatchIds   : <==      Total: 3
16:41:32:297 DEBUG 24476 --- [http-nio-8081-exec-9] c.h.i.mapper.ItemMapper.selectBatchIds   : ==>  Preparing: SELECT id,name,price,stock,image,category,brand,spec,sold,comment_count,isAD,status,create_time,update_time,creater,updater FROM item WHERE id IN ( ? , ? , ? )
16:41:32:297 DEBUG 24476 --- [http-nio-8081-exec-9] c.h.i.mapper.ItemMapper.selectBatchIds   : ==> Parameters: 100000006163(Long), 100001511821(Long), 2120808(Long)
16:41:32:299 DEBUG 24476 --- [http-nio-8081-exec-9] c.h.i.mapper.ItemMapper.selectBatchIds   : <==      Total: 3
16:41:32:397 DEBUG 25524 --- [http-nio-8083-exec-7] c.h.i.mapper.ItemMapper.selectBatchIds   : ==>  Preparing: SELECT id,name,price,stock,image,category,brand,spec,sold,comment_count,isAD,status,create_time,update_time,creater,updater FROM item WHERE id IN ( ? , ? , ? )
16:41:32:397 DEBUG 25524 --- [http-nio-8083-exec-7] c.h.i.mapper.ItemMapper.selectBatchIds   : ==> Parameters: 100000006163(Long), 100001511821(Long), 2120808(Long)
16:41:32:398 DEBUG 25524 --- [http-nio-8083-exec-7] c.h.i.mapper.ItemMapper.selectBatchIds   : <==      Total: 3
16:41:32:498 DEBUG 24476 --- [http-nio-8081-exec-10] c.h.i.mapper.ItemMapper.selectBatchIds   : ==>  Preparing: SELECT id,name,price,stock,image,category,brand,spec,sold,comment_count,isAD,status,create_time,update_time,creater,updater FROM item WHERE id IN ( ? , ? , ? )
16:41:32:499 DEBUG 24476 --- [http-nio-8081-exec-10] c.h.i.mapper.ItemMapper.selectBatchIds   : ==> Parameters: 100000006163(Long), 100001511821(Long), 2120808(Long)
16:41:32:501 DEBUG 24476 --- [http-nio-8081-exec-10] c.h.i.mapper.ItemMapper.selectBatchIds   : <==      Total: 3
16:41:32:596 DEBUG 25524 --- [http-nio-8083-exec-10] c.h.i.mapper.ItemMapper.selectBatchIds   : ==>  Preparing: SELECT id,name,price,stock,image,category,brand,spec,sold,comment_count,isAD,status,create_time,update_time,creater,updater FROM item WHERE id IN ( ? , ? , ? )
16:41:32:596 DEBUG 25524 --- [http-nio-8083-exec-10] c.h.i.mapper.ItemMapper.selectBatchIds   : ==> Parameters: 100000006163(Long), 100001511821(Long), 2120808(Long)
16:41:32:598 DEBUG 25524 --- [http-nio-8083-exec-10] c.h.i.mapper.ItemMapper.selectBatchIds   : <==      Total: 3
16:41:33:097 DEBUG 24476 --- [http-nio-8081-exec-1] c.h.i.mapper.ItemMapper.selectBatchIds   : ==>  Preparing: SELECT id,name,price,stock,image,category,brand,spec,sold,comment_count,isAD,status,create_time,update_time,creater,updater FROM item WHERE id IN ( ? , ? , ? )
16:41:33:097 DEBUG 24476 --- [http-nio-8081-exec-1] c.h.i.mapper.ItemMapper.selectBatchIds   : ==> Parameters: 100000006163(Long), 100001511821(Long), 2120808(Long)
16:41:33:098 DEBUG 24476 --- [http-nio-8081-exec-1] c.h.i.mapper.ItemMapper.selectBatchIds   : <==      Total: 3
16:41:33:196 DEBUG 25524 --- [http-nio-8083-exec-1] c.h.i.mapper.ItemMapper.selectBatchIds   : ==>  Preparing: SELECT id,name,price,stock,image,category,brand,spec,sold,comment_count,isAD,status,create_time,update_time,creater,updater FROM item WHERE id IN ( ? , ? , ? )
16:41:33:197 DEBUG 25524 --- [http-nio-8083-exec-1] c.h.i.mapper.ItemMapper.selectBatchIds   : ==> Parameters: 100000006163(Long), 100001511821(Long), 2120808(Long)
16:41:33:198 DEBUG 25524 --- [http-nio-8083-exec-1] c.h.i.mapper.ItemMapper.selectBatchIds   : <==      Total: 3
16:41:33:301 DEBUG 24476 --- [http-nio-8081-exec-2] c.h.i.mapper.ItemMapper.selectBatchIds   : ==>  Preparing: SELECT id,name,price,stock,image,category,brand,spec,sold,comment_count,isAD,status,create_time,update_time,creater,updater FROM item WHERE id IN ( ? , ? , ? )
16:41:33:301 DEBUG 24476 --- [http-nio-8081-exec-2] c.h.i.mapper.ItemMapper.selectBatchIds   : ==> Parameters: 100000006163(Long), 100001511821(Long), 2120808(Long)
16:41:33:303 DEBUG 24476 --- [http-nio-8081-exec-2] c.h.i.mapper.ItemMapper.selectBatchIds   : <==      Total: 3
16:41:33:398 DEBUG 25524 --- [http-nio-8083-exec-2] c.h.i.mapper.ItemMapper.selectBatchIds   : ==>  Preparing: SELECT id,name,price,stock,image,category,brand,spec,sold,comment_count,isAD,status,create_time,update_time,creater,updater FROM item WHERE id IN ( ? , ? , ? )
16:41:33:399 DEBUG 25524 --- [http-nio-8083-exec-2] c.h.i.mapper.ItemMapper.selectBatchIds   : ==> Parameters: 100000006163(Long), 100001511821(Long), 2120808(Long)
16:41:33:400 DEBUG 25524 --- [http-nio-8083-exec-2] c.h.i.mapper.ItemMapper.selectBatchIds   : <==      Total: 3
16:41:33:497 DEBUG 24476 --- [http-nio-8081-exec-3] c.h.i.mapper.ItemMapper.selectBatchIds   : ==>  Preparing: SELECT id,name,price,stock,image,category,brand,spec,sold,comment_count,isAD,status,create_time,update_time,creater,updater FROM item WHERE id IN ( ? , ? , ? )
16:41:33:497 DEBUG 24476 --- [http-nio-8081-exec-3] c.h.i.mapper.ItemMapper.selectBatchIds   : ==> Parameters: 100000006163(Long), 100001511821(Long), 2120808(Long)
16:41:33:500 DEBUG 24476 --- [http-nio-8081-exec-3] c.h.i.mapper.ItemMapper.selectBatchIds   : <==      Total: 3
16:41:33:598 DEBUG 25524 --- [http-nio-8083-exec-3] c.h.i.mapper.ItemMapper.selectBatchIds   : ==>  Preparing: SELECT id,name,price,stock,image,category,brand,spec,sold,comment_count,isAD,status,create_time,update_time,creater,updater FROM item WHERE id IN ( ? , ? , ? )
16:41:33:598 DEBUG 25524 --- [http-nio-8083-exec-3] c.h.i.mapper.ItemMapper.selectBatchIds   : ==> Parameters: 100000006163(Long), 100001511821(Long), 2120808(Long)
16:41:33:600 DEBUG 25524 --- [http-nio-8083-exec-3] c.h.i.mapper.ItemMapper.selectBatchIds   : <==      Total: 3
16:41:34:098 DEBUG 24476 --- [http-nio-8081-exec-4] c.h.i.mapper.ItemMapper.selectBatchIds   : ==>  Preparing: SELECT id,name,price,stock,image,category,brand,spec,sold,comment_count,isAD,status,create_time,update_time,creater,updater FROM item WHERE id IN ( ? , ? , ? )
16:41:34:098 DEBUG 24476 --- [http-nio-8081-exec-4] c.h.i.mapper.ItemMapper.selectBatchIds   : ==> Parameters: 100000006163(Long), 100001511821(Long), 2120808(Long)
16:41:34:101 DEBUG 24476 --- [http-nio-8081-exec-4] c.h.i.mapper.ItemMapper.selectBatchIds   : <==      Total: 3
16:41:34:199 DEBUG 25524 --- [http-nio-8083-exec-4] c.h.i.mapper.ItemMapper.selectBatchIds   : ==>  Preparing: SELECT id,name,price,stock,image,category,brand,spec,sold,comment_count,isAD,status,create_time,update_time,creater,updater FROM item WHERE id IN ( ? , ? , ? )
16:41:34:199 DEBUG 25524 --- [http-nio-8083-exec-4] c.h.i.mapper.ItemMapper.selectBatchIds   : ==> Parameters: 100000006163(Long), 100001511821(Long), 2120808(Long)
16:41:34:200 DEBUG 25524 --- [http-nio-8083-exec-4] c.h.i.mapper.ItemMapper.selectBatchIds   : <==      Total: 3
16:41:34:296 DEBUG 24476 --- [http-nio-8081-exec-5] c.h.i.mapper.ItemMapper.selectBatchIds   : ==>  Preparing: SELECT id,name,price,stock,image,category,brand,spec,sold,comment_count,isAD,status,create_time,update_time,creater,updater FROM item WHERE id IN ( ? , ? , ? )
16:41:34:296 DEBUG 24476 --- [http-nio-8081-exec-5] c.h.i.mapper.ItemMapper.selectBatchIds   : ==> Parameters: 100000006163(Long), 100001511821(Long), 2120808(Long)
16:41:34:298 DEBUG 24476 --- [http-nio-8081-exec-5] c.h.i.mapper.ItemMapper.selectBatchIds   : <==      Total: 3
16:41:34:399 DEBUG 25524 --- [http-nio-8083-exec-6] c.h.i.mapper.ItemMapper.selectBatchIds   : ==>  Preparing: SELECT id,name,price,stock,image,category,brand,spec,sold,comment_count,isAD,status,create_time,update_time,creater,updater FROM item WHERE id IN ( ? , ? , ? )
16:41:34:400 DEBUG 25524 --- [http-nio-8083-exec-6] c.h.i.mapper.ItemMapper.selectBatchIds   : ==> Parameters: 100000006163(Long), 100001511821(Long), 2120808(Long)
16:41:34:401 DEBUG 25524 --- [http-nio-8083-exec-6] c.h.i.mapper.ItemMapper.selectBatchIds   : <==      Total: 3
16:41:34:500 DEBUG 24476 --- [http-nio-8081-exec-6] c.h.i.mapper.ItemMapper.selectBatchIds   : ==>  Preparing: SELECT id,name,price,stock,image,category,brand,spec,sold,comment_count,isAD,status,create_time,update_time,creater,updater FROM item WHERE id IN ( ? , ? , ? )
16:41:34:500 DEBUG 24476 --- [http-nio-8081-exec-6] c.h.i.mapper.ItemMapper.selectBatchIds   : ==> Parameters: 100000006163(Long), 100001511821(Long), 2120808(Long)
16:41:34:501 DEBUG 24476 --- [http-nio-8081-exec-6] c.h.i.mapper.ItemMapper.selectBatchIds   : <==      Total: 3
16:41:34:596 DEBUG 25524 --- [http-nio-8083-exec-5] c.h.i.mapper.ItemMapper.selectBatchIds   : ==>  Preparing: SELECT id,name,price,stock,image,category,brand,spec,sold,comment_count,isAD,status,create_time,update_time,creater,updater FROM item WHERE id IN ( ? , ? , ? )
16:41:34:596 DEBUG 25524 --- [http-nio-8083-exec-5] c.h.i.mapper.ItemMapper.selectBatchIds   : ==> Parameters: 100000006163(Long), 100001511821(Long), 2120808(Long)
16:41:34:597 DEBUG 25524 --- [http-nio-8083-exec-5] c.h.i.mapper.ItemMapper.selectBatchIds   : <==      Total: 3
16:41:35:098 DEBUG 24476 --- [http-nio-8081-exec-7] c.h.i.mapper.ItemMapper.selectBatchIds   : ==>  Preparing: SELECT id,name,price,stock,image,category,brand,spec,sold,comment_count,isAD,status,create_time,update_time,creater,updater FROM item WHERE id IN ( ? , ? , ? )
16:41:35:098 DEBUG 24476 --- [http-nio-8081-exec-7] c.h.i.mapper.ItemMapper.selectBatchIds   : ==> Parameters: 100000006163(Long), 100001511821(Long), 2120808(Long)
16:41:35:099 DEBUG 24476 --- [http-nio-8081-exec-7] c.h.i.mapper.ItemMapper.selectBatchIds   : <==      Total: 3
16:41:35:197 DEBUG 25524 --- [http-nio-8083-exec-9] c.h.i.mapper.ItemMapper.selectBatchIds   : ==>  Preparing: SELECT id,name,price,stock,image,category,brand,spec,sold,comment_count,isAD,status,create_time,update_time,creater,updater FROM item WHERE id IN ( ? , ? , ? )
16:41:35:198 DEBUG 25524 --- [http-nio-8083-exec-9] c.h.i.mapper.ItemMapper.selectBatchIds   : ==> Parameters: 100000006163(Long), 100001511821(Long), 2120808(Long)
16:41:35:199 DEBUG 25524 --- [http-nio-8083-exec-9] c.h.i.mapper.ItemMapper.selectBatchIds   : <==      Total: 3
16:41:35:297 DEBUG 24476 --- [http-nio-8081-exec-8] c.h.i.mapper.ItemMapper.selectBatchIds   : ==>  Preparing: SELECT id,name,price,stock,image,category,brand,spec,sold,comment_count,isAD,status,create_time,update_time,creater,updater FROM item WHERE id IN ( ? , ? , ? )
16:41:35:297 DEBUG 24476 --- [http-nio-8081-exec-8] c.h.i.mapper.ItemMapper.selectBatchIds   : ==> Parameters: 100000006163(Long), 100001511821(Long), 2120808(Long)
16:41:35:299 DEBUG 24476 --- [http-nio-8081-exec-8] c.h.i.mapper.ItemMapper.selectBatchIds   : <==      Total: 3
16:41:35:397 DEBUG 25524 --- [http-nio-8083-exec-8] c.h.i.mapper.ItemMapper.selectBatchIds   : ==>  Preparing: SELECT id,name,price,stock,image,category,brand,spec,sold,comment_count,isAD,status,create_time,update_time,creater,updater FROM item WHERE id IN ( ? , ? , ? )
16:41:35:398 DEBUG 25524 --- [http-nio-8083-exec-8] c.h.i.mapper.ItemMapper.selectBatchIds   : ==> Parameters: 100000006163(Long), 100001511821(Long), 2120808(Long)
16:41:35:398 DEBUG 25524 --- [http-nio-8083-exec-8] c.h.i.mapper.ItemMapper.selectBatchIds   : <==      Total: 3
16:41:35:495 DEBUG 24476 --- [http-nio-8081-exec-9] c.h.i.mapper.ItemMapper.selectBatchIds   : ==>  Preparing: SELECT id,name,price,stock,image,category,brand,spec,sold,comment_count,isAD,status,create_time,update_time,creater,updater FROM item WHERE id IN ( ? , ? , ? )
16:41:35:495 DEBUG 24476 --- [http-nio-8081-exec-9] c.h.i.mapper.ItemMapper.selectBatchIds   : ==> Parameters: 100000006163(Long), 100001511821(Long), 2120808(Long)
16:41:35:498 DEBUG 24476 --- [http-nio-8081-exec-9] c.h.i.mapper.ItemMapper.selectBatchIds   : <==      Total: 3
16:41:35:597 DEBUG 25524 --- [http-nio-8083-exec-7] c.h.i.mapper.ItemMapper.selectBatchIds   : ==>  Preparing: SELECT id,name,price,stock,image,category,brand,spec,sold,comment_count,isAD,status,create_time,update_time,creater,updater FROM item WHERE id IN ( ? , ? , ? )
16:41:35:597 DEBUG 25524 --- [http-nio-8083-exec-7] c.h.i.mapper.ItemMapper.selectBatchIds   : ==> Parameters: 100000006163(Long), 100001511821(Long), 2120808(Long)
16:41:35:599 DEBUG 25524 --- [http-nio-8083-exec-7] c.h.i.mapper.ItemMapper.selectBatchIds   : <==      Total: 3
16:41:36:097 DEBUG 24476 --- [http-nio-8081-exec-10] c.h.i.mapper.ItemMapper.selectBatchIds   : ==>  Preparing: SELECT id,name,price,stock,image,category,brand,spec,sold,comment_count,isAD,status,create_time,update_time,creater,updater FROM item WHERE id IN ( ? , ? , ? )
16:41:36:097 DEBUG 24476 --- [http-nio-8081-exec-10] c.h.i.mapper.ItemMapper.selectBatchIds   : ==> Parameters: 100000006163(Long), 100001511821(Long), 2120808(Long)
16:41:36:099 DEBUG 24476 --- [http-nio-8081-exec-10] c.h.i.mapper.ItemMapper.selectBatchIds   : <==      Total: 3
16:41:36:198 DEBUG 25524 --- [http-nio-8083-exec-10] c.h.i.mapper.ItemMapper.selectBatchIds   : ==>  Preparing: SELECT id,name,price,stock,image,category,brand,spec,sold,comment_count,isAD,status,create_time,update_time,creater,updater FROM item WHERE id IN ( ? , ? , ? )
16:41:36:198 DEBUG 25524 --- [http-nio-8083-exec-10] c.h.i.mapper.ItemMapper.selectBatchIds   : ==> Parameters: 100000006163(Long), 100001511821(Long), 2120808(Long)
16:41:36:199 DEBUG 25524 --- [http-nio-8083-exec-10] c.h.i.mapper.ItemMapper.selectBatchIds   : <==      Total: 3
16:41:36:296 DEBUG 24476 --- [http-nio-8081-exec-1] c.h.i.mapper.ItemMapper.selectBatchIds   : ==>  Preparing: SELECT id,name,price,stock,image,category,brand,spec,sold,comment_count,isAD,status,create_time,update_time,creater,updater FROM item WHERE id IN ( ? , ? , ? )
16:41:36:296 DEBUG 24476 --- [http-nio-8081-exec-1] c.h.i.mapper.ItemMapper.selectBatchIds   : ==> Parameters: 100000006163(Long), 100001511821(Long), 2120808(Long)
16:41:36:298 DEBUG 24476 --- [http-nio-8081-exec-1] c.h.i.mapper.ItemMapper.selectBatchIds   : <==      Total: 3
16:41:36:398 DEBUG 25524 --- [http-nio-8083-exec-1] c.h.i.mapper.ItemMapper.selectBatchIds   : ==>  Preparing: SELECT id,name,price,stock,image,category,brand,spec,sold,comment_count,isAD,status,create_time,update_time,creater,updater FROM item WHERE id IN ( ? , ? , ? )
16:41:36:398 DEBUG 25524 --- [http-nio-8083-exec-1] c.h.i.mapper.ItemMapper.selectBatchIds   : ==> Parameters: 100000006163(Long), 100001511821(Long), 2120808(Long)
16:41:36:399 DEBUG 25524 --- [http-nio-8083-exec-1] c.h.i.mapper.ItemMapper.selectBatchIds   : <==      Total: 3
16:41:36:497 DEBUG 24476 --- [http-nio-8081-exec-2] c.h.i.mapper.ItemMapper.selectBatchIds   : ==>  Preparing: SELECT id,name,price,stock,image,category,brand,spec,sold,comment_count,isAD,status,create_time,update_time,creater,updater FROM item WHERE id IN ( ? , ? , ? )
16:41:36:498 DEBUG 24476 --- [http-nio-8081-exec-2] c.h.i.mapper.ItemMapper.selectBatchIds   : ==> Parameters: 100000006163(Long), 100001511821(Long), 2120808(Long)
16:41:36:499 DEBUG 24476 --- [http-nio-8081-exec-2] c.h.i.mapper.ItemMapper.selectBatchIds   : <==      Total: 3
16:41:36:598 DEBUG 25524 --- [http-nio-8083-exec-2] c.h.i.mapper.ItemMapper.selectBatchIds   : ==>  Preparing: SELECT id,name,price,stock,image,category,brand,spec,sold,comment_count,isAD,status,create_time,update_time,creater,updater FROM item WHERE id IN ( ? , ? , ? )
16:41:36:598 DEBUG 25524 --- [http-nio-8083-exec-2] c.h.i.mapper.ItemMapper.selectBatchIds   : ==> Parameters: 100000006163(Long), 100001511821(Long), 2120808(Long)
16:41:36:600 DEBUG 25524 --- [http-nio-8083-exec-2] c.h.i.mapper.ItemMapper.selectBatchIds   : <==      Total: 3
16:41:37:098 DEBUG 24476 --- [http-nio-8081-exec-3] c.h.i.mapper.ItemMapper.selectBatchIds   : ==>  Preparing: SELECT id,name,price,stock,image,category,brand,spec,sold,comment_count,isAD,status,create_time,update_time,creater,updater FROM item WHERE id IN ( ? , ? , ? )
16:41:37:100 DEBUG 24476 --- [http-nio-8081-exec-3] c.h.i.mapper.ItemMapper.selectBatchIds   : ==> Parameters: 100000006163(Long), 100001511821(Long), 2120808(Long)
16:41:37:101 DEBUG 24476 --- [http-nio-8081-exec-3] c.h.i.mapper.ItemMapper.selectBatchIds   : <==      Total: 3
16:41:37:199 DEBUG 25524 --- [http-nio-8083-exec-3] c.h.i.mapper.ItemMapper.selectBatchIds   : ==>  Preparing: SELECT id,name,price,stock,image,category,brand,spec,sold,comment_count,isAD,status,create_time,update_time,creater,updater FROM item WHERE id IN ( ? , ? , ? )
16:41:37:199 DEBUG 25524 --- [http-nio-8083-exec-3] c.h.i.mapper.ItemMapper.selectBatchIds   : ==> Parameters: 100000006163(Long), 100001511821(Long), 2120808(Long)
16:41:37:200 DEBUG 25524 --- [http-nio-8083-exec-3] c.h.i.mapper.ItemMapper.selectBatchIds   : <==      Total: 3
16:41:37:297 DEBUG 24476 --- [http-nio-8081-exec-4] c.h.i.mapper.ItemMapper.selectBatchIds   : ==>  Preparing: SELECT id,name,price,stock,image,category,brand,spec,sold,comment_count,isAD,status,create_time,update_time,creater,updater FROM item WHERE id IN ( ? , ? , ? )
16:41:37:297 DEBUG 24476 --- [http-nio-8081-exec-4] c.h.i.mapper.ItemMapper.selectBatchIds   : ==> Parameters: 100000006163(Long), 100001511821(Long), 2120808(Long)
16:41:37:299 DEBUG 24476 --- [http-nio-8081-exec-4] c.h.i.mapper.ItemMapper.selectBatchIds   : <==      Total: 3
16:41:37:410 DEBUG 25524 --- [http-nio-8083-exec-4] c.h.i.mapper.ItemMapper.selectBatchIds   : ==>  Preparing: SELECT id,name,price,stock,image,category,brand,spec,sold,comment_count,isAD,status,create_time,update_time,creater,updater FROM item WHERE id IN ( ? , ? , ? )
16:41:37:410 DEBUG 25524 --- [http-nio-8083-exec-4] c.h.i.mapper.ItemMapper.selectBatchIds   : ==> Parameters: 100000006163(Long), 100001511821(Long), 2120808(Long)
16:41:37:412 DEBUG 25524 --- [http-nio-8083-exec-4] c.h.i.mapper.ItemMapper.selectBatchIds   : <==      Total: 3
16:41:37:496 DEBUG 24476 --- [http-nio-8081-exec-5] c.h.i.mapper.ItemMapper.selectBatchIds   : ==>  Preparing: SELECT id,name,price,stock,image,category,brand,spec,sold,comment_count,isAD,status,create_time,update_time,creater,updater FROM item WHERE id IN ( ? , ? , ? )
16:41:37:496 DEBUG 24476 --- [http-nio-8081-exec-5] c.h.i.mapper.ItemMapper.selectBatchIds   : ==> Parameters: 100000006163(Long), 100001511821(Long), 2120808(Long)
16:41:37:497 DEBUG 24476 --- [http-nio-8081-exec-5] c.h.i.mapper.ItemMapper.selectBatchIds   : <==      Total: 3
16:41:37:599 DEBUG 25524 --- [http-nio-8083-exec-6] c.h.i.mapper.ItemMapper.selectBatchIds   : ==>  Preparing: SELECT id,name,price,stock,image,category,brand,spec,sold,comment_count,isAD,status,create_time,update_time,creater,updater FROM item WHERE id IN ( ? , ? , ? )
16:41:37:599 DEBUG 25524 --- [http-nio-8083-exec-6] c.h.i.mapper.ItemMapper.selectBatchIds   : ==> Parameters: 100000006163(Long), 100001511821(Long), 2120808(Long)
16:41:37:600 DEBUG 25524 --- [http-nio-8083-exec-6] c.h.i.mapper.ItemMapper.selectBatchIds   : <==      Total: 3
16:41:38:097 DEBUG 24476 --- [http-nio-8081-exec-6] c.h.i.mapper.ItemMapper.selectBatchIds   : ==>  Preparing: SELECT id,name,price,stock,image,category,brand,spec,sold,comment_count,isAD,status,create_time,update_time,creater,updater FROM item WHERE id IN ( ? , ? , ? )
16:41:38:097 DEBUG 24476 --- [http-nio-8081-exec-6] c.h.i.mapper.ItemMapper.selectBatchIds   : ==> Parameters: 100000006163(Long), 100001511821(Long), 2120808(Long)
16:41:38:099 DEBUG 24476 --- [http-nio-8081-exec-6] c.h.i.mapper.ItemMapper.selectBatchIds   : <==      Total: 3
16:41:38:198 DEBUG 25524 --- [http-nio-8083-exec-5] c.h.i.mapper.ItemMapper.selectBatchIds   : ==>  Preparing: SELECT id,name,price,stock,image,category,brand,spec,sold,comment_count,isAD,status,create_time,update_time,creater,updater FROM item WHERE id IN ( ? , ? , ? )
16:41:38:198 DEBUG 25524 --- [http-nio-8083-exec-5] c.h.i.mapper.ItemMapper.selectBatchIds   : ==> Parameters: 100000006163(Long), 100001511821(Long), 2120808(Long)
16:41:38:199 DEBUG 25524 --- [http-nio-8083-exec-5] c.h.i.mapper.ItemMapper.selectBatchIds   : <==      Total: 3
16:41:38:297 DEBUG 24476 --- [http-nio-8081-exec-7] c.h.i.mapper.ItemMapper.selectBatchIds   : ==>  Preparing: SELECT id,name,price,stock,image,category,brand,spec,sold,comment_count,isAD,status,create_time,update_time,creater,updater FROM item WHERE id IN ( ? , ? , ? )
16:41:38:297 DEBUG 24476 --- [http-nio-8081-exec-7] c.h.i.mapper.ItemMapper.selectBatchIds   : ==> Parameters: 100000006163(Long), 100001511821(Long), 2120808(Long)
16:41:38:299 DEBUG 24476 --- [http-nio-8081-exec-7] c.h.i.mapper.ItemMapper.selectBatchIds   : <==      Total: 3
16:41:38:396 DEBUG 25524 --- [http-nio-8083-exec-9] c.h.i.mapper.ItemMapper.selectBatchIds   : ==>  Preparing: SELECT id,name,price,stock,image,category,brand,spec,sold,comment_count,isAD,status,create_time,update_time,creater,updater FROM item WHERE id IN ( ? , ? , ? )
16:41:38:396 DEBUG 25524 --- [http-nio-8083-exec-9] c.h.i.mapper.ItemMapper.selectBatchIds   : ==> Parameters: 100000006163(Long), 100001511821(Long), 2120808(Long)
16:41:38:397 DEBUG 25524 --- [http-nio-8083-exec-9] c.h.i.mapper.ItemMapper.selectBatchIds   : <==      Total: 3
16:41:38:496 DEBUG 24476 --- [http-nio-8081-exec-8] c.h.i.mapper.ItemMapper.selectBatchIds   : ==>  Preparing: SELECT id,name,price,stock,image,category,brand,spec,sold,comment_count,isAD,status,create_time,update_time,creater,updater FROM item WHERE id IN ( ? , ? , ? )
16:41:38:497 DEBUG 24476 --- [http-nio-8081-exec-8] c.h.i.mapper.ItemMapper.selectBatchIds   : ==> Parameters: 100000006163(Long), 100001511821(Long), 2120808(Long)
16:41:38:498 DEBUG 24476 --- [http-nio-8081-exec-8] c.h.i.mapper.ItemMapper.selectBatchIds   : <==      Total: 3
16:41:38:597 DEBUG 25524 --- [http-nio-8083-exec-8] c.h.i.mapper.ItemMapper.selectBatchIds   : ==>  Preparing: SELECT id,name,price,stock,image,category,brand,spec,sold,comment_count,isAD,status,create_time,update_time,creater,updater FROM item WHERE id IN ( ? , ? , ? )
16:41:38:597 DEBUG 25524 --- [http-nio-8083-exec-8] c.h.i.mapper.ItemMapper.selectBatchIds   : ==> Parameters: 100000006163(Long), 100001511821(Long), 2120808(Long)
16:41:38:600 DEBUG 25524 --- [http-nio-8083-exec-8] c.h.i.mapper.ItemMapper.selectBatchIds   : <==      Total: 3
16:41:39:096 DEBUG 24476 --- [http-nio-8081-exec-9] c.h.i.mapper.ItemMapper.selectBatchIds   : ==>  Preparing: SELECT id,name,price,stock,image,category,brand,spec,sold,comment_count,isAD,status,create_time,update_time,creater,updater FROM item WHERE id IN ( ? , ? , ? )
16:41:39:096 DEBUG 24476 --- [http-nio-8081-exec-9] c.h.i.mapper.ItemMapper.selectBatchIds   : ==> Parameters: 100000006163(Long), 100001511821(Long), 2120808(Long)
16:41:39:097 DEBUG 24476 --- [http-nio-8081-exec-9] c.h.i.mapper.ItemMapper.selectBatchIds   : <==      Total: 3
16:41:39:197 DEBUG 25524 --- [http-nio-8083-exec-7] c.h.i.mapper.ItemMapper.selectBatchIds   : ==>  Preparing: SELECT id,name,price,stock,image,category,brand,spec,sold,comment_count,isAD,status,create_time,update_time,creater,updater FROM item WHERE id IN ( ? , ? , ? )
16:41:39:197 DEBUG 25524 --- [http-nio-8083-exec-7] c.h.i.mapper.ItemMapper.selectBatchIds   : ==> Parameters: 100000006163(Long), 100001511821(Long), 2120808(Long)
16:41:39:199 DEBUG 25524 --- [http-nio-8083-exec-7] c.h.i.mapper.ItemMapper.selectBatchIds   : <==      Total: 3
16:41:39:296 DEBUG 24476 --- [http-nio-8081-exec-10] c.h.i.mapper.ItemMapper.selectBatchIds   : ==>  Preparing: SELECT id,name,price,stock,image,category,brand,spec,sold,comment_count,isAD,status,create_time,update_time,creater,updater FROM item WHERE id IN ( ? , ? , ? )
16:41:39:297 DEBUG 24476 --- [http-nio-8081-exec-10] c.h.i.mapper.ItemMapper.selectBatchIds   : ==> Parameters: 100000006163(Long), 100001511821(Long), 2120808(Long)
16:41:39:298 DEBUG 24476 --- [http-nio-8081-exec-10] c.h.i.mapper.ItemMapper.selectBatchIds   : <==      Total: 3
16:41:39:395 DEBUG 25524 --- [http-nio-8083-exec-10] c.h.i.mapper.ItemMapper.selectBatchIds   : ==>  Preparing: SELECT id,name,price,stock,image,category,brand,spec,sold,comment_count,isAD,status,create_time,update_time,creater,updater FROM item WHERE id IN ( ? , ? , ? )
16:41:39:395 DEBUG 25524 --- [http-nio-8083-exec-10] c.h.i.mapper.ItemMapper.selectBatchIds   : ==> Parameters: 100000006163(Long), 100001511821(Long), 2120808(Long)
16:41:39:398 DEBUG 25524 --- [http-nio-8083-exec-10] c.h.i.mapper.ItemMapper.selectBatchIds   : <==      Total: 3
16:41:39:497 DEBUG 24476 --- [http-nio-8081-exec-1] c.h.i.mapper.ItemMapper.selectBatchIds   : ==>  Preparing: SELECT id,name,price,stock,image,category,brand,spec,sold,comment_count,isAD,status,create_time,update_time,creater,updater FROM item WHERE id IN ( ? , ? , ? )
16:41:39:497 DEBUG 24476 --- [http-nio-8081-exec-1] c.h.i.mapper.ItemMapper.selectBatchIds   : ==> Parameters: 100000006163(Long), 100001511821(Long), 2120808(Long)
16:41:39:498 DEBUG 24476 --- [http-nio-8081-exec-1] c.h.i.mapper.ItemMapper.selectBatchIds   : <==      Total: 3
16:41:39:596 DEBUG 25524 --- [http-nio-8083-exec-1] c.h.i.mapper.ItemMapper.selectBatchIds   : ==>  Preparing: SELECT id,name,price,stock,image,category,brand,spec,sold,comment_count,isAD,status,create_time,update_time,creater,updater FROM item WHERE id IN ( ? , ? , ? )
16:41:39:597 DEBUG 25524 --- [http-nio-8083-exec-1] c.h.i.mapper.ItemMapper.selectBatchIds   : ==> Parameters: 100000006163(Long), 100001511821(Long), 2120808(Long)
16:41:39:598 DEBUG 25524 --- [http-nio-8083-exec-1] c.h.i.mapper.ItemMapper.selectBatchIds   : <==      Total: 3
16:41:40:097 DEBUG 24476 --- [http-nio-8081-exec-2] c.h.i.mapper.ItemMapper.selectBatchIds   : ==>  Preparing: SELECT id,name,price,stock,image,category,brand,spec,sold,comment_count,isAD,status,create_time,update_time,creater,updater FROM item WHERE id IN ( ? , ? , ? )
16:41:40:097 DEBUG 24476 --- [http-nio-8081-exec-2] c.h.i.mapper.ItemMapper.selectBatchIds   : ==> Parameters: 100000006163(Long), 100001511821(Long), 2120808(Long)
16:41:40:098 DEBUG 24476 --- [http-nio-8081-exec-2] c.h.i.mapper.ItemMapper.selectBatchIds   : <==      Total: 3
16:41:40:198 DEBUG 25524 --- [http-nio-8083-exec-2] c.h.i.mapper.ItemMapper.selectBatchIds   : ==>  Preparing: SELECT id,name,price,stock,image,category,brand,spec,sold,comment_count,isAD,status,create_time,update_time,creater,updater FROM item WHERE id IN ( ? , ? , ? )
16:41:40:198 DEBUG 25524 --- [http-nio-8083-exec-2] c.h.i.mapper.ItemMapper.selectBatchIds   : ==> Parameters: 100000006163(Long), 100001511821(Long), 2120808(Long)
16:41:40:200 DEBUG 25524 --- [http-nio-8083-exec-2] c.h.i.mapper.ItemMapper.selectBatchIds   : <==      Total: 3
16:41:40:297 DEBUG 24476 --- [http-nio-8081-exec-3] c.h.i.mapper.ItemMapper.selectBatchIds   : ==>  Preparing: SELECT id,name,price,stock,image,category,brand,spec,sold,comment_count,isAD,status,create_time,update_time,creater,updater FROM item WHERE id IN ( ? , ? , ? )
16:41:40:297 DEBUG 24476 --- [http-nio-8081-exec-3] c.h.i.mapper.ItemMapper.selectBatchIds   : ==> Parameters: 100000006163(Long), 100001511821(Long), 2120808(Long)
16:41:40:299 DEBUG 24476 --- [http-nio-8081-exec-3] c.h.i.mapper.ItemMapper.selectBatchIds   : <==      Total: 3
16:41:40:399 DEBUG 25524 --- [http-nio-8083-exec-3] c.h.i.mapper.ItemMapper.selectBatchIds   : ==>  Preparing: SELECT id,name,price,stock,image,category,brand,spec,sold,comment_count,isAD,status,create_time,update_time,creater,updater FROM item WHERE id IN ( ? , ? , ? )
16:41:40:399 DEBUG 25524 --- [http-nio-8083-exec-3] c.h.i.mapper.ItemMapper.selectBatchIds   : ==> Parameters: 100000006163(Long), 100001511821(Long), 2120808(Long)
16:41:40:401 DEBUG 25524 --- [http-nio-8083-exec-3] c.h.i.mapper.ItemMapper.selectBatchIds   : <==      Total: 3
16:41:40:495 DEBUG 24476 --- [http-nio-8081-exec-4] c.h.i.mapper.ItemMapper.selectBatchIds   : ==>  Preparing: SELECT id,name,price,stock,image,category,brand,spec,sold,comment_count,isAD,status,create_time,update_time,creater,updater FROM item WHERE id IN ( ? , ? , ? )
16:41:40:496 DEBUG 24476 --- [http-nio-8081-exec-4] c.h.i.mapper.ItemMapper.selectBatchIds   : ==> Parameters: 100000006163(Long), 100001511821(Long), 2120808(Long)
16:41:40:497 DEBUG 24476 --- [http-nio-8081-exec-4] c.h.i.mapper.ItemMapper.selectBatchIds   : <==      Total: 3
16:41:40:597 DEBUG 25524 --- [http-nio-8083-exec-4] c.h.i.mapper.ItemMapper.selectBatchIds   : ==>  Preparing: SELECT id,name,price,stock,image,category,brand,spec,sold,comment_count,isAD,status,create_time,update_time,creater,updater FROM item WHERE id IN ( ? , ? , ? )
16:41:40:598 DEBUG 25524 --- [http-nio-8083-exec-4] c.h.i.mapper.ItemMapper.selectBatchIds   : ==> Parameters: 100000006163(Long), 100001511821(Long), 2120808(Long)
16:41:40:599 DEBUG 25524 --- [http-nio-8083-exec-4] c.h.i.mapper.ItemMapper.selectBatchIds   : <==      Total: 3
16:41:41:010 DEBUG 24476 --- [http-nio-8081-exec-5] c.h.i.mapper.ItemMapper.selectBatchIds   : ==>  Preparing: SELECT id,name,price,stock,image,category,brand,spec,sold,comment_count,isAD,status,create_time,update_time,creater,updater FROM item WHERE id IN ( ? , ? , ? )
16:41:41:010 DEBUG 24476 --- [http-nio-8081-exec-5] c.h.i.mapper.ItemMapper.selectBatchIds   : ==> Parameters: 100000006163(Long), 100001511821(Long), 2120808(Long)
16:41:41:012 DEBUG 24476 --- [http-nio-8081-exec-5] c.h.i.mapper.ItemMapper.selectBatchIds   : <==      Total: 3
16:41:41:096 DEBUG 25524 --- [http-nio-8083-exec-6] c.h.i.mapper.ItemMapper.selectBatchIds   : ==>  Preparing: SELECT id,name,price,stock,image,category,brand,spec,sold,comment_count,isAD,status,create_time,update_time,creater,updater FROM item WHERE id IN ( ? , ? , ? )
16:41:41:097 DEBUG 25524 --- [http-nio-8083-exec-6] c.h.i.mapper.ItemMapper.selectBatchIds   : ==> Parameters: 100000006163(Long), 100001511821(Long), 2120808(Long)
16:41:41:097 DEBUG 25524 --- [http-nio-8083-exec-6] c.h.i.mapper.ItemMapper.selectBatchIds   : <==      Total: 3
16:41:41:198 DEBUG 24476 --- [http-nio-8081-exec-6] c.h.i.mapper.ItemMapper.selectBatchIds   : ==>  Preparing: SELECT id,name,price,stock,image,category,brand,spec,sold,comment_count,isAD,status,create_time,update_time,creater,updater FROM item WHERE id IN ( ? , ? , ? )
16:41:41:198 DEBUG 24476 --- [http-nio-8081-exec-6] c.h.i.mapper.ItemMapper.selectBatchIds   : ==> Parameters: 100000006163(Long), 100001511821(Long), 2120808(Long)
16:41:41:199 DEBUG 24476 --- [http-nio-8081-exec-6] c.h.i.mapper.ItemMapper.selectBatchIds   : <==      Total: 3
16:41:41:297 DEBUG 25524 --- [http-nio-8083-exec-5] c.h.i.mapper.ItemMapper.selectBatchIds   : ==>  Preparing: SELECT id,name,price,stock,image,category,brand,spec,sold,comment_count,isAD,status,create_time,update_time,creater,updater FROM item WHERE id IN ( ? , ? , ? )
16:41:41:297 DEBUG 25524 --- [http-nio-8083-exec-5] c.h.i.mapper.ItemMapper.selectBatchIds   : ==> Parameters: 100000006163(Long), 100001511821(Long), 2120808(Long)
16:41:41:298 DEBUG 25524 --- [http-nio-8083-exec-5] c.h.i.mapper.ItemMapper.selectBatchIds   : <==      Total: 3
16:41:41:410 DEBUG 24476 --- [http-nio-8081-exec-7] c.h.i.mapper.ItemMapper.selectBatchIds   : ==>  Preparing: SELECT id,name,price,stock,image,category,brand,spec,sold,comment_count,isAD,status,create_time,update_time,creater,updater FROM item WHERE id IN ( ? , ? , ? )
16:41:41:410 DEBUG 24476 --- [http-nio-8081-exec-7] c.h.i.mapper.ItemMapper.selectBatchIds   : ==> Parameters: 100000006163(Long), 100001511821(Long), 2120808(Long)
16:41:41:411 DEBUG 24476 --- [http-nio-8081-exec-7] c.h.i.mapper.ItemMapper.selectBatchIds   : <==      Total: 3
16:41:41:506 DEBUG 25524 --- [http-nio-8083-exec-9] c.h.i.mapper.ItemMapper.selectBatchIds   : ==>  Preparing: SELECT id,name,price,stock,image,category,brand,spec,sold,comment_count,isAD,status,create_time,update_time,creater,updater FROM item WHERE id IN ( ? , ? , ? )
16:41:41:506 DEBUG 25524 --- [http-nio-8083-exec-9] c.h.i.mapper.ItemMapper.selectBatchIds   : ==> Parameters: 100000006163(Long), 100001511821(Long), 2120808(Long)
16:41:41:507 DEBUG 25524 --- [http-nio-8083-exec-9] c.h.i.mapper.ItemMapper.selectBatchIds   : <==      Total: 3
16:41:42:100 DEBUG 24476 --- [http-nio-8081-exec-8] c.h.i.mapper.ItemMapper.selectBatchIds   : ==>  Preparing: SELECT id,name,price,stock,image,category,brand,spec,sold,comment_count,isAD,status,create_time,update_time,creater,updater FROM item WHERE id IN ( ? , ? , ? )
16:41:42:101 DEBUG 24476 --- [http-nio-8081-exec-8] c.h.i.mapper.ItemMapper.selectBatchIds   : ==> Parameters: 100000006163(Long), 100001511821(Long), 2120808(Long)
16:41:42:102 DEBUG 24476 --- [http-nio-8081-exec-8] c.h.i.mapper.ItemMapper.selectBatchIds   : <==      Total: 3
16:41:42:199 DEBUG 25524 --- [http-nio-8083-exec-8] c.h.i.mapper.ItemMapper.selectBatchIds   : ==>  Preparing: SELECT id,name,price,stock,image,category,brand,spec,sold,comment_count,isAD,status,create_time,update_time,creater,updater FROM item WHERE id IN ( ? , ? , ? )
16:41:42:199 DEBUG 25524 --- [http-nio-8083-exec-8] c.h.i.mapper.ItemMapper.selectBatchIds   : ==> Parameters: 100000006163(Long), 100001511821(Long), 2120808(Long)
16:41:42:200 DEBUG 25524 --- [http-nio-8083-exec-8] c.h.i.mapper.ItemMapper.selectBatchIds   : <==      Total: 3
16:41:42:296 DEBUG 24476 --- [http-nio-8081-exec-9] c.h.i.mapper.ItemMapper.selectBatchIds   : ==>  Preparing: SELECT id,name,price,stock,image,category,brand,spec,sold,comment_count,isAD,status,create_time,update_time,creater,updater FROM item WHERE id IN ( ? , ? , ? )
16:41:42:296 DEBUG 24476 --- [http-nio-8081-exec-9] c.h.i.mapper.ItemMapper.selectBatchIds   : ==> Parameters: 100000006163(Long), 100001511821(Long), 2120808(Long)
16:41:42:298 DEBUG 24476 --- [http-nio-8081-exec-9] c.h.i.mapper.ItemMapper.selectBatchIds   : <==      Total: 3
16:41:42:397 DEBUG 25524 --- [http-nio-8083-exec-7] c.h.i.mapper.ItemMapper.selectBatchIds   : ==>  Preparing: SELECT id,name,price,stock,image,category,brand,spec,sold,comment_count,isAD,status,create_time,update_time,creater,updater FROM item WHERE id IN ( ? , ? , ? )
16:41:42:397 DEBUG 25524 --- [http-nio-8083-exec-7] c.h.i.mapper.ItemMapper.selectBatchIds   : ==> Parameters: 100000006163(Long), 100001511821(Long), 2120808(Long)
16:41:42:399 DEBUG 25524 --- [http-nio-8083-exec-7] c.h.i.mapper.ItemMapper.selectBatchIds   : <==      Total: 3
16:41:42:496 DEBUG 24476 --- [http-nio-8081-exec-10] c.h.i.mapper.ItemMapper.selectBatchIds   : ==>  Preparing: SELECT id,name,price,stock,image,category,brand,spec,sold,comment_count,isAD,status,create_time,update_time,creater,updater FROM item WHERE id IN ( ? , ? , ? )
16:41:42:496 DEBUG 24476 --- [http-nio-8081-exec-10] c.h.i.mapper.ItemMapper.selectBatchIds   : ==> Parameters: 100000006163(Long), 100001511821(Long), 2120808(Long)
16:41:42:498 DEBUG 24476 --- [http-nio-8081-exec-10] c.h.i.mapper.ItemMapper.selectBatchIds   : <==      Total: 3
16:41:42:597 DEBUG 25524 --- [http-nio-8083-exec-10] c.h.i.mapper.ItemMapper.selectBatchIds   : ==>  Preparing: SELECT id,name,price,stock,image,category,brand,spec,sold,comment_count,isAD,status,create_time,update_time,creater,updater FROM item WHERE id IN ( ? , ? , ? )
16:41:42:597 DEBUG 25524 --- [http-nio-8083-exec-10] c.h.i.mapper.ItemMapper.selectBatchIds   : ==> Parameters: 100000006163(Long), 100001511821(Long), 2120808(Long)
16:41:42:598 DEBUG 25524 --- [http-nio-8083-exec-10] c.h.i.mapper.ItemMapper.selectBatchIds   : <==      Total: 3
16:41:43:098 DEBUG 24476 --- [http-nio-8081-exec-1] c.h.i.mapper.ItemMapper.selectBatchIds   : ==>  Preparing: SELECT id,name,price,stock,image,category,brand,spec,sold,comment_count,isAD,status,create_time,update_time,creater,updater FROM item WHERE id IN ( ? , ? , ? )
16:41:43:098 DEBUG 24476 --- [http-nio-8081-exec-1] c.h.i.mapper.ItemMapper.selectBatchIds   : ==> Parameters: 100000006163(Long), 100001511821(Long), 2120808(Long)
16:41:43:099 DEBUG 24476 --- [http-nio-8081-exec-1] c.h.i.mapper.ItemMapper.selectBatchIds   : <==      Total: 3
16:41:43:196 DEBUG 25524 --- [http-nio-8083-exec-1] c.h.i.mapper.ItemMapper.selectBatchIds   : ==>  Preparing: SELECT id,name,price,stock,image,category,brand,spec,sold,comment_count,isAD,status,create_time,update_time,creater,updater FROM item WHERE id IN ( ? , ? , ? )
16:41:43:196 DEBUG 25524 --- [http-nio-8083-exec-1] c.h.i.mapper.ItemMapper.selectBatchIds   : ==> Parameters: 100000006163(Long), 100001511821(Long), 2120808(Long)
16:41:43:199 DEBUG 25524 --- [http-nio-8083-exec-1] c.h.i.mapper.ItemMapper.selectBatchIds   : <==      Total: 3
16:41:43:298 DEBUG 24476 --- [http-nio-8081-exec-2] c.h.i.mapper.ItemMapper.selectBatchIds   : ==>  Preparing: SELECT id,name,price,stock,image,category,brand,spec,sold,comment_count,isAD,status,create_time,update_time,creater,updater FROM item WHERE id IN ( ? , ? , ? )
16:41:43:298 DEBUG 24476 --- [http-nio-8081-exec-2] c.h.i.mapper.ItemMapper.selectBatchIds   : ==> Parameters: 100000006163(Long), 100001511821(Long), 2120808(Long)
16:41:43:300 DEBUG 24476 --- [http-nio-8081-exec-2] c.h.i.mapper.ItemMapper.selectBatchIds   : <==      Total: 3
16:41:43:397 DEBUG 25524 --- [http-nio-8083-exec-2] c.h.i.mapper.ItemMapper.selectBatchIds   : ==>  Preparing: SELECT id,name,price,stock,image,category,brand,spec,sold,comment_count,isAD,status,create_time,update_time,creater,updater FROM item WHERE id IN ( ? , ? , ? )
16:41:43:397 DEBUG 25524 --- [http-nio-8083-exec-2] c.h.i.mapper.ItemMapper.selectBatchIds   : ==> Parameters: 100000006163(Long), 100001511821(Long), 2120808(Long)
16:41:43:399 DEBUG 25524 --- [http-nio-8083-exec-2] c.h.i.mapper.ItemMapper.selectBatchIds   : <==      Total: 3
16:41:43:498 DEBUG 24476 --- [http-nio-8081-exec-3] c.h.i.mapper.ItemMapper.selectBatchIds   : ==>  Preparing: SELECT id,name,price,stock,image,category,brand,spec,sold,comment_count,isAD,status,create_time,update_time,creater,updater FROM item WHERE id IN ( ? , ? , ? )
16:41:43:498 DEBUG 24476 --- [http-nio-8081-exec-3] c.h.i.mapper.ItemMapper.selectBatchIds   : ==> Parameters: 100000006163(Long), 100001511821(Long), 2120808(Long)
16:41:43:500 DEBUG 24476 --- [http-nio-8081-exec-3] c.h.i.mapper.ItemMapper.selectBatchIds   : <==      Total: 3
16:41:43:596 DEBUG 25524 --- [http-nio-8083-exec-3] c.h.i.mapper.ItemMapper.selectBatchIds   : ==>  Preparing: SELECT id,name,price,stock,image,category,brand,spec,sold,comment_count,isAD,status,create_time,update_time,creater,updater FROM item WHERE id IN ( ? , ? , ? )
16:41:43:596 DEBUG 25524 --- [http-nio-8083-exec-3] c.h.i.mapper.ItemMapper.selectBatchIds   : ==> Parameters: 100000006163(Long), 100001511821(Long), 2120808(Long)
16:41:43:598 DEBUG 25524 --- [http-nio-8083-exec-3] c.h.i.mapper.ItemMapper.selectBatchIds   : <==      Total: 3
16:41:44:096 DEBUG 24476 --- [http-nio-8081-exec-4] c.h.i.mapper.ItemMapper.selectBatchIds   : ==>  Preparing: SELECT id,name,price,stock,image,category,brand,spec,sold,comment_count,isAD,status,create_time,update_time,creater,updater FROM item WHERE id IN ( ? , ? , ? )
16:41:44:096 DEBUG 24476 --- [http-nio-8081-exec-4] c.h.i.mapper.ItemMapper.selectBatchIds   : ==> Parameters: 100000006163(Long), 100001511821(Long), 2120808(Long)
16:41:44:098 DEBUG 24476 --- [http-nio-8081-exec-4] c.h.i.mapper.ItemMapper.selectBatchIds   : <==      Total: 3
16:41:44:197 DEBUG 25524 --- [http-nio-8083-exec-4] c.h.i.mapper.ItemMapper.selectBatchIds   : ==>  Preparing: SELECT id,name,price,stock,image,category,brand,spec,sold,comment_count,isAD,status,create_time,update_time,creater,updater FROM item WHERE id IN ( ? , ? , ? )
16:41:44:198 DEBUG 25524 --- [http-nio-8083-exec-4] c.h.i.mapper.ItemMapper.selectBatchIds   : ==> Parameters: 100000006163(Long), 100001511821(Long), 2120808(Long)
16:41:44:198 DEBUG 25524 --- [http-nio-8083-exec-4] c.h.i.mapper.ItemMapper.selectBatchIds   : <==      Total: 3
16:41:44:297 DEBUG 24476 --- [http-nio-8081-exec-5] c.h.i.mapper.ItemMapper.selectBatchIds   : ==>  Preparing: SELECT id,name,price,stock,image,category,brand,spec,sold,comment_count,isAD,status,create_time,update_time,creater,updater FROM item WHERE id IN ( ? , ? , ? )
16:41:44:297 DEBUG 24476 --- [http-nio-8081-exec-5] c.h.i.mapper.ItemMapper.selectBatchIds   : ==> Parameters: 100000006163(Long), 100001511821(Long), 2120808(Long)
16:41:44:298 DEBUG 24476 --- [http-nio-8081-exec-5] c.h.i.mapper.ItemMapper.selectBatchIds   : <==      Total: 3
16:41:44:398 DEBUG 25524 --- [http-nio-8083-exec-6] c.h.i.mapper.ItemMapper.selectBatchIds   : ==>  Preparing: SELECT id,name,price,stock,image,category,brand,spec,sold,comment_count,isAD,status,create_time,update_time,creater,updater FROM item WHERE id IN ( ? , ? , ? )
16:41:44:398 DEBUG 25524 --- [http-nio-8083-exec-6] c.h.i.mapper.ItemMapper.selectBatchIds   : ==> Parameters: 100000006163(Long), 100001511821(Long), 2120808(Long)
16:41:44:400 DEBUG 25524 --- [http-nio-8083-exec-6] c.h.i.mapper.ItemMapper.selectBatchIds   : <==      Total: 3
16:41:44:497 DEBUG 24476 --- [http-nio-8081-exec-6] c.h.i.mapper.ItemMapper.selectBatchIds   : ==>  Preparing: SELECT id,name,price,stock,image,category,brand,spec,sold,comment_count,isAD,status,create_time,update_time,creater,updater FROM item WHERE id IN ( ? , ? , ? )
16:41:44:497 DEBUG 24476 --- [http-nio-8081-exec-6] c.h.i.mapper.ItemMapper.selectBatchIds   : ==> Parameters: 100000006163(Long), 100001511821(Long), 2120808(Long)
16:41:44:499 DEBUG 24476 --- [http-nio-8081-exec-6] c.h.i.mapper.ItemMapper.selectBatchIds   : <==      Total: 3
16:41:44:598 DEBUG 25524 --- [http-nio-8083-exec-5] c.h.i.mapper.ItemMapper.selectBatchIds   : ==>  Preparing: SELECT id,name,price,stock,image,category,brand,spec,sold,comment_count,isAD,status,create_time,update_time,creater,updater FROM item WHERE id IN ( ? , ? , ? )
16:41:44:599 DEBUG 25524 --- [http-nio-8083-exec-5] c.h.i.mapper.ItemMapper.selectBatchIds   : ==> Parameters: 100000006163(Long), 100001511821(Long), 2120808(Long)
16:41:44:601 DEBUG 25524 --- [http-nio-8083-exec-5] c.h.i.mapper.ItemMapper.selectBatchIds   : <==      Total: 3
16:41:45:098 DEBUG 24476 --- [http-nio-8081-exec-7] c.h.i.mapper.ItemMapper.selectBatchIds   : ==>  Preparing: SELECT id,name,price,stock,image,category,brand,spec,sold,comment_count,isAD,status,create_time,update_time,creater,updater FROM item WHERE id IN ( ? , ? , ? )
16:41:45:098 DEBUG 24476 --- [http-nio-8081-exec-7] c.h.i.mapper.ItemMapper.selectBatchIds   : ==> Parameters: 100000006163(Long), 100001511821(Long), 2120808(Long)
16:41:45:099 DEBUG 24476 --- [http-nio-8081-exec-7] c.h.i.mapper.ItemMapper.selectBatchIds   : <==      Total: 3
16:41:45:198 DEBUG 25524 --- [http-nio-8083-exec-9] c.h.i.mapper.ItemMapper.selectBatchIds   : ==>  Preparing: SELECT id,name,price,stock,image,category,brand,spec,sold,comment_count,isAD,status,create_time,update_time,creater,updater FROM item WHERE id IN ( ? , ? , ? )
16:41:45:198 DEBUG 25524 --- [http-nio-8083-exec-9] c.h.i.mapper.ItemMapper.selectBatchIds   : ==> Parameters: 100000006163(Long), 100001511821(Long), 2120808(Long)
16:41:45:199 DEBUG 25524 --- [http-nio-8083-exec-9] c.h.i.mapper.ItemMapper.selectBatchIds   : <==      Total: 3
16:41:45:300 DEBUG 24476 --- [http-nio-8081-exec-8] c.h.i.mapper.ItemMapper.selectBatchIds   : ==>  Preparing: SELECT id,name,price,stock,image,category,brand,spec,sold,comment_count,isAD,status,create_time,update_time,creater,updater FROM item WHERE id IN ( ? , ? , ? )
16:41:45:300 DEBUG 24476 --- [http-nio-8081-exec-8] c.h.i.mapper.ItemMapper.selectBatchIds   : ==> Parameters: 100000006163(Long), 100001511821(Long), 2120808(Long)
16:41:45:302 DEBUG 24476 --- [http-nio-8081-exec-8] c.h.i.mapper.ItemMapper.selectBatchIds   : <==      Total: 3
16:41:45:398 DEBUG 25524 --- [http-nio-8083-exec-8] c.h.i.mapper.ItemMapper.selectBatchIds   : ==>  Preparing: SELECT id,name,price,stock,image,category,brand,spec,sold,comment_count,isAD,status,create_time,update_time,creater,updater FROM item WHERE id IN ( ? , ? , ? )
16:41:45:398 DEBUG 25524 --- [http-nio-8083-exec-8] c.h.i.mapper.ItemMapper.selectBatchIds   : ==> Parameters: 100000006163(Long), 100001511821(Long), 2120808(Long)
16:41:45:400 DEBUG 25524 --- [http-nio-8083-exec-8] c.h.i.mapper.ItemMapper.selectBatchIds   : <==      Total: 3
16:41:45:496 DEBUG 24476 --- [http-nio-8081-exec-9] c.h.i.mapper.ItemMapper.selectBatchIds   : ==>  Preparing: SELECT id,name,price,stock,image,category,brand,spec,sold,comment_count,isAD,status,create_time,update_time,creater,updater FROM item WHERE id IN ( ? , ? , ? )
16:41:45:496 DEBUG 24476 --- [http-nio-8081-exec-9] c.h.i.mapper.ItemMapper.selectBatchIds   : ==> Parameters: 100000006163(Long), 100001511821(Long), 2120808(Long)
16:41:45:497 DEBUG 24476 --- [http-nio-8081-exec-9] c.h.i.mapper.ItemMapper.selectBatchIds   : <==      Total: 3
16:41:45:596 DEBUG 25524 --- [http-nio-8083-exec-7] c.h.i.mapper.ItemMapper.selectBatchIds   : ==>  Preparing: SELECT id,name,price,stock,image,category,brand,spec,sold,comment_count,isAD,status,create_time,update_time,creater,updater FROM item WHERE id IN ( ? , ? , ? )
16:41:45:596 DEBUG 25524 --- [http-nio-8083-exec-7] c.h.i.mapper.ItemMapper.selectBatchIds   : ==> Parameters: 100000006163(Long), 100001511821(Long), 2120808(Long)
16:41:45:597 DEBUG 25524 --- [http-nio-8083-exec-7] c.h.i.mapper.ItemMapper.selectBatchIds   : <==      Total: 3
16:41:46:096 DEBUG 24476 --- [http-nio-8081-exec-10] c.h.i.mapper.ItemMapper.selectBatchIds   : ==>  Preparing: SELECT id,name,price,stock,image,category,brand,spec,sold,comment_count,isAD,status,create_time,update_time,creater,updater FROM item WHERE id IN ( ? , ? , ? )
16:41:46:096 DEBUG 24476 --- [http-nio-8081-exec-10] c.h.i.mapper.ItemMapper.selectBatchIds   : ==> Parameters: 100000006163(Long), 100001511821(Long), 2120808(Long)
16:41:46:098 DEBUG 24476 --- [http-nio-8081-exec-10] c.h.i.mapper.ItemMapper.selectBatchIds   : <==      Total: 3
16:41:46:197 DEBUG 25524 --- [http-nio-8083-exec-10] c.h.i.mapper.ItemMapper.selectBatchIds   : ==>  Preparing: SELECT id,name,price,stock,image,category,brand,spec,sold,comment_count,isAD,status,create_time,update_time,creater,updater FROM item WHERE id IN ( ? , ? , ? )
16:41:46:198 DEBUG 25524 --- [http-nio-8083-exec-10] c.h.i.mapper.ItemMapper.selectBatchIds   : ==> Parameters: 100000006163(Long), 100001511821(Long), 2120808(Long)
16:41:46:199 DEBUG 25524 --- [http-nio-8083-exec-10] c.h.i.mapper.ItemMapper.selectBatchIds   : <==      Total: 3
16:41:46:296 DEBUG 24476 --- [http-nio-8081-exec-1] c.h.i.mapper.ItemMapper.selectBatchIds   : ==>  Preparing: SELECT id,name,price,stock,image,category,brand,spec,sold,comment_count,isAD,status,create_time,update_time,creater,updater FROM item WHERE id IN ( ? , ? , ? )
16:41:46:296 DEBUG 24476 --- [http-nio-8081-exec-1] c.h.i.mapper.ItemMapper.selectBatchIds   : ==> Parameters: 100000006163(Long), 100001511821(Long), 2120808(Long)
16:41:46:298 DEBUG 24476 --- [http-nio-8081-exec-1] c.h.i.mapper.ItemMapper.selectBatchIds   : <==      Total: 3
16:41:46:395 DEBUG 25524 --- [http-nio-8083-exec-1] c.h.i.mapper.ItemMapper.selectBatchIds   : ==>  Preparing: SELECT id,name,price,stock,image,category,brand,spec,sold,comment_count,isAD,status,create_time,update_time,creater,updater FROM item WHERE id IN ( ? , ? , ? )
16:41:46:395 DEBUG 25524 --- [http-nio-8083-exec-1] c.h.i.mapper.ItemMapper.selectBatchIds   : ==> Parameters: 100000006163(Long), 100001511821(Long), 2120808(Long)
16:41:46:396 DEBUG 25524 --- [http-nio-8083-exec-1] c.h.i.mapper.ItemMapper.selectBatchIds   : <==      Total: 3
16:41:46:495 DEBUG 24476 --- [http-nio-8081-exec-2] c.h.i.mapper.ItemMapper.selectBatchIds   : ==>  Preparing: SELECT id,name,price,stock,image,category,brand,spec,sold,comment_count,isAD,status,create_time,update_time,creater,updater FROM item WHERE id IN ( ? , ? , ? )
16:41:46:495 DEBUG 24476 --- [http-nio-8081-exec-2] c.h.i.mapper.ItemMapper.selectBatchIds   : ==> Parameters: 100000006163(Long), 100001511821(Long), 2120808(Long)
16:41:46:498 DEBUG 24476 --- [http-nio-8081-exec-2] c.h.i.mapper.ItemMapper.selectBatchIds   : <==      Total: 3
16:41:46:595 DEBUG 25524 --- [http-nio-8083-exec-2] c.h.i.mapper.ItemMapper.selectBatchIds   : ==>  Preparing: SELECT id,name,price,stock,image,category,brand,spec,sold,comment_count,isAD,status,create_time,update_time,creater,updater FROM item WHERE id IN ( ? , ? , ? )
16:41:46:595 DEBUG 25524 --- [http-nio-8083-exec-2] c.h.i.mapper.ItemMapper.selectBatchIds   : ==> Parameters: 100000006163(Long), 100001511821(Long), 2120808(Long)
16:41:46:596 DEBUG 25524 --- [http-nio-8083-exec-2] c.h.i.mapper.ItemMapper.selectBatchIds   : <==      Total: 3
16:41:47:097 DEBUG 24476 --- [http-nio-8081-exec-3] c.h.i.mapper.ItemMapper.selectBatchIds   : ==>  Preparing: SELECT id,name,price,stock,image,category,brand,spec,sold,comment_count,isAD,status,create_time,update_time,creater,updater FROM item WHERE id IN ( ? , ? , ? )
16:41:47:098 DEBUG 24476 --- [http-nio-8081-exec-3] c.h.i.mapper.ItemMapper.selectBatchIds   : ==> Parameters: 100000006163(Long), 100001511821(Long), 2120808(Long)
16:41:47:098 DEBUG 24476 --- [http-nio-8081-exec-3] c.h.i.mapper.ItemMapper.selectBatchIds   : <==      Total: 3
16:41:47:196 DEBUG 25524 --- [http-nio-8083-exec-3] c.h.i.mapper.ItemMapper.selectBatchIds   : ==>  Preparing: SELECT id,name,price,stock,image,category,brand,spec,sold,comment_count,isAD,status,create_time,update_time,creater,updater FROM item WHERE id IN ( ? , ? , ? )
16:41:47:196 DEBUG 25524 --- [http-nio-8083-exec-3] c.h.i.mapper.ItemMapper.selectBatchIds   : ==> Parameters: 100000006163(Long), 100001511821(Long), 2120808(Long)
16:41:47:198 DEBUG 25524 --- [http-nio-8083-exec-3] c.h.i.mapper.ItemMapper.selectBatchIds   : <==      Total: 3
16:41:47:296 DEBUG 24476 --- [http-nio-8081-exec-4] c.h.i.mapper.ItemMapper.selectBatchIds   : ==>  Preparing: SELECT id,name,price,stock,image,category,brand,spec,sold,comment_count,isAD,status,create_time,update_time,creater,updater FROM item WHERE id IN ( ? , ? , ? )
16:41:47:296 DEBUG 24476 --- [http-nio-8081-exec-4] c.h.i.mapper.ItemMapper.selectBatchIds   : ==> Parameters: 100000006163(Long), 100001511821(Long), 2120808(Long)
16:41:47:298 DEBUG 24476 --- [http-nio-8081-exec-4] c.h.i.mapper.ItemMapper.selectBatchIds   : <==      Total: 3
16:41:47:399 DEBUG 25524 --- [http-nio-8083-exec-4] c.h.i.mapper.ItemMapper.selectBatchIds   : ==>  Preparing: SELECT id,name,price,stock,image,category,brand,spec,sold,comment_count,isAD,status,create_time,update_time,creater,updater FROM item WHERE id IN ( ? , ? , ? )
16:41:47:399 DEBUG 25524 --- [http-nio-8083-exec-4] c.h.i.mapper.ItemMapper.selectBatchIds   : ==> Parameters: 100000006163(Long), 100001511821(Long), 2120808(Long)
16:41:47:400 DEBUG 25524 --- [http-nio-8083-exec-4] c.h.i.mapper.ItemMapper.selectBatchIds   : <==      Total: 3
16:41:47:495 DEBUG 24476 --- [http-nio-8081-exec-5] c.h.i.mapper.ItemMapper.selectBatchIds   : ==>  Preparing: SELECT id,name,price,stock,image,category,brand,spec,sold,comment_count,isAD,status,create_time,update_time,creater,updater FROM item WHERE id IN ( ? , ? , ? )
16:41:47:496 DEBUG 24476 --- [http-nio-8081-exec-5] c.h.i.mapper.ItemMapper.selectBatchIds   : ==> Parameters: 100000006163(Long), 100001511821(Long), 2120808(Long)
16:41:47:497 DEBUG 24476 --- [http-nio-8081-exec-5] c.h.i.mapper.ItemMapper.selectBatchIds   : <==      Total: 3
16:41:47:596 DEBUG 25524 --- [http-nio-8083-exec-6] c.h.i.mapper.ItemMapper.selectBatchIds   : ==>  Preparing: SELECT id,name,price,stock,image,category,brand,spec,sold,comment_count,isAD,status,create_time,update_time,creater,updater FROM item WHERE id IN ( ? , ? , ? )
16:41:47:596 DEBUG 25524 --- [http-nio-8083-exec-6] c.h.i.mapper.ItemMapper.selectBatchIds   : ==> Parameters: 100000006163(Long), 100001511821(Long), 2120808(Long)
16:41:47:597 DEBUG 25524 --- [http-nio-8083-exec-6] c.h.i.mapper.ItemMapper.selectBatchIds   : <==      Total: 3
16:41:48:097 DEBUG 24476 --- [http-nio-8081-exec-6] c.h.i.mapper.ItemMapper.selectBatchIds   : ==>  Preparing: SELECT id,name,price,stock,image,category,brand,spec,sold,comment_count,isAD,status,create_time,update_time,creater,updater FROM item WHERE id IN ( ? , ? , ? )
16:41:48:097 DEBUG 24476 --- [http-nio-8081-exec-6] c.h.i.mapper.ItemMapper.selectBatchIds   : ==> Parameters: 100000006163(Long), 100001511821(Long), 2120808(Long)
16:41:48:098 DEBUG 24476 --- [http-nio-8081-exec-6] c.h.i.mapper.ItemMapper.selectBatchIds   : <==      Total: 3
16:41:48:196 DEBUG 25524 --- [http-nio-8083-exec-5] c.h.i.mapper.ItemMapper.selectBatchIds   : ==>  Preparing: SELECT id,name,price,stock,image,category,brand,spec,sold,comment_count,isAD,status,create_time,update_time,creater,updater FROM item WHERE id IN ( ? , ? , ? )
16:41:48:196 DEBUG 25524 --- [http-nio-8083-exec-5] c.h.i.mapper.ItemMapper.selectBatchIds   : ==> Parameters: 100000006163(Long), 100001511821(Long), 2120808(Long)
16:41:48:196 DEBUG 25524 --- [http-nio-8083-exec-5] c.h.i.mapper.ItemMapper.selectBatchIds   : <==      Total: 3
16:41:48:299 DEBUG 24476 --- [http-nio-8081-exec-7] c.h.i.mapper.ItemMapper.selectBatchIds   : ==>  Preparing: SELECT id,name,price,stock,image,category,brand,spec,sold,comment_count,isAD,status,create_time,update_time,creater,updater FROM item WHERE id IN ( ? , ? , ? )
16:41:48:300 DEBUG 24476 --- [http-nio-8081-exec-7] c.h.i.mapper.ItemMapper.selectBatchIds   : ==> Parameters: 100000006163(Long), 100001511821(Long), 2120808(Long)
16:41:48:301 DEBUG 24476 --- [http-nio-8081-exec-7] c.h.i.mapper.ItemMapper.selectBatchIds   : <==      Total: 3
16:41:48:399 DEBUG 25524 --- [http-nio-8083-exec-9] c.h.i.mapper.ItemMapper.selectBatchIds   : ==>  Preparing: SELECT id,name,price,stock,image,category,brand,spec,sold,comment_count,isAD,status,create_time,update_time,creater,updater FROM item WHERE id IN ( ? , ? , ? )
16:41:48:399 DEBUG 25524 --- [http-nio-8083-exec-9] c.h.i.mapper.ItemMapper.selectBatchIds   : ==> Parameters: 100000006163(Long), 100001511821(Long), 2120808(Long)
16:41:48:399 DEBUG 25524 --- [http-nio-8083-exec-9] c.h.i.mapper.ItemMapper.selectBatchIds   : <==      Total: 3
16:41:48:495 DEBUG 24476 --- [http-nio-8081-exec-8] c.h.i.mapper.ItemMapper.selectBatchIds   : ==>  Preparing: SELECT id,name,price,stock,image,category,brand,spec,sold,comment_count,isAD,status,create_time,update_time,creater,updater FROM item WHERE id IN ( ? , ? , ? )
16:41:48:495 DEBUG 24476 --- [http-nio-8081-exec-8] c.h.i.mapper.ItemMapper.selectBatchIds   : ==> Parameters: 100000006163(Long), 100001511821(Long), 2120808(Long)
16:41:48:496 DEBUG 24476 --- [http-nio-8081-exec-8] c.h.i.mapper.ItemMapper.selectBatchIds   : <==      Total: 3
16:41:48:596 DEBUG 25524 --- [http-nio-8083-exec-8] c.h.i.mapper.ItemMapper.selectBatchIds   : ==>  Preparing: SELECT id,name,price,stock,image,category,brand,spec,sold,comment_count,isAD,status,create_time,update_time,creater,updater FROM item WHERE id IN ( ? , ? , ? )
16:41:48:596 DEBUG 25524 --- [http-nio-8083-exec-8] c.h.i.mapper.ItemMapper.selectBatchIds   : ==> Parameters: 100000006163(Long), 100001511821(Long), 2120808(Long)
16:41:48:596 DEBUG 25524 --- [http-nio-8083-exec-8] c.h.i.mapper.ItemMapper.selectBatchIds   : <==      Total: 3
16:41:49:098 DEBUG 24476 --- [http-nio-8081-exec-9] c.h.i.mapper.ItemMapper.selectBatchIds   : ==>  Preparing: SELECT id,name,price,stock,image,category,brand,spec,sold,comment_count,isAD,status,create_time,update_time,creater,updater FROM item WHERE id IN ( ? , ? , ? )
16:41:49:098 DEBUG 24476 --- [http-nio-8081-exec-9] c.h.i.mapper.ItemMapper.selectBatchIds   : ==> Parameters: 100000006163(Long), 100001511821(Long), 2120808(Long)
16:41:49:099 DEBUG 24476 --- [http-nio-8081-exec-9] c.h.i.mapper.ItemMapper.selectBatchIds   : <==      Total: 3
16:41:49:196 DEBUG 25524 --- [http-nio-8083-exec-7] c.h.i.mapper.ItemMapper.selectBatchIds   : ==>  Preparing: SELECT id,name,price,stock,image,category,brand,spec,sold,comment_count,isAD,status,create_time,update_time,creater,updater FROM item WHERE id IN ( ? , ? , ? )
16:41:49:196 DEBUG 25524 --- [http-nio-8083-exec-7] c.h.i.mapper.ItemMapper.selectBatchIds   : ==> Parameters: 100000006163(Long), 100001511821(Long), 2120808(Long)
16:41:49:198 DEBUG 25524 --- [http-nio-8083-exec-7] c.h.i.mapper.ItemMapper.selectBatchIds   : <==      Total: 3
16:41:49:297 DEBUG 24476 --- [http-nio-8081-exec-10] c.h.i.mapper.ItemMapper.selectBatchIds   : ==>  Preparing: SELECT id,name,price,stock,image,category,brand,spec,sold,comment_count,isAD,status,create_time,update_time,creater,updater FROM item WHERE id IN ( ? , ? , ? )
16:41:49:297 DEBUG 24476 --- [http-nio-8081-exec-10] c.h.i.mapper.ItemMapper.selectBatchIds   : ==> Parameters: 100000006163(Long), 100001511821(Long), 2120808(Long)
16:41:49:299 DEBUG 24476 --- [http-nio-8081-exec-10] c.h.i.mapper.ItemMapper.selectBatchIds   : <==      Total: 3
16:41:49:396 DEBUG 25524 --- [http-nio-8083-exec-10] c.h.i.mapper.ItemMapper.selectBatchIds   : ==>  Preparing: SELECT id,name,price,stock,image,category,brand,spec,sold,comment_count,isAD,status,create_time,update_time,creater,updater FROM item WHERE id IN ( ? , ? , ? )
16:41:49:397 DEBUG 25524 --- [http-nio-8083-exec-10] c.h.i.mapper.ItemMapper.selectBatchIds   : ==> Parameters: 100000006163(Long), 100001511821(Long), 2120808(Long)
16:41:49:398 DEBUG 25524 --- [http-nio-8083-exec-10] c.h.i.mapper.ItemMapper.selectBatchIds   : <==      Total: 3
16:41:49:496 DEBUG 24476 --- [http-nio-8081-exec-1] c.h.i.mapper.ItemMapper.selectBatchIds   : ==>  Preparing: SELECT id,name,price,stock,image,category,brand,spec,sold,comment_count,isAD,status,create_time,update_time,creater,updater FROM item WHERE id IN ( ? , ? , ? )
16:41:49:496 DEBUG 24476 --- [http-nio-8081-exec-1] c.h.i.mapper.ItemMapper.selectBatchIds   : ==> Parameters: 100000006163(Long), 100001511821(Long), 2120808(Long)
16:41:49:497 DEBUG 24476 --- [http-nio-8081-exec-1] c.h.i.mapper.ItemMapper.selectBatchIds   : <==      Total: 3
16:41:49:595 DEBUG 25524 --- [http-nio-8083-exec-1] c.h.i.mapper.ItemMapper.selectBatchIds   : ==>  Preparing: SELECT id,name,price,stock,image,category,brand,spec,sold,comment_count,isAD,status,create_time,update_time,creater,updater FROM item WHERE id IN ( ? , ? , ? )
16:41:49:595 DEBUG 25524 --- [http-nio-8083-exec-1] c.h.i.mapper.ItemMapper.selectBatchIds   : ==> Parameters: 100000006163(Long), 100001511821(Long), 2120808(Long)
16:41:49:596 DEBUG 25524 --- [http-nio-8083-exec-1] c.h.i.mapper.ItemMapper.selectBatchIds   : <==      Total: 3
16:41:50:097 DEBUG 24476 --- [http-nio-8081-exec-2] c.h.i.mapper.ItemMapper.selectBatchIds   : ==>  Preparing: SELECT id,name,price,stock,image,category,brand,spec,sold,comment_count,isAD,status,create_time,update_time,creater,updater FROM item WHERE id IN ( ? , ? , ? )
16:41:50:097 DEBUG 24476 --- [http-nio-8081-exec-2] c.h.i.mapper.ItemMapper.selectBatchIds   : ==> Parameters: 100000006163(Long), 100001511821(Long), 2120808(Long)
16:41:50:098 DEBUG 24476 --- [http-nio-8081-exec-2] c.h.i.mapper.ItemMapper.selectBatchIds   : <==      Total: 3
16:41:50:199 DEBUG 25524 --- [http-nio-8083-exec-2] c.h.i.mapper.ItemMapper.selectBatchIds   : ==>  Preparing: SELECT id,name,price,stock,image,category,brand,spec,sold,comment_count,isAD,status,create_time,update_time,creater,updater FROM item WHERE id IN ( ? , ? , ? )
16:41:50:199 DEBUG 25524 --- [http-nio-8083-exec-2] c.h.i.mapper.ItemMapper.selectBatchIds   : ==> Parameters: 100000006163(Long), 100001511821(Long), 2120808(Long)
16:41:50:200 DEBUG 25524 --- [http-nio-8083-exec-2] c.h.i.mapper.ItemMapper.selectBatchIds   : <==      Total: 3
16:41:50:299 DEBUG 24476 --- [http-nio-8081-exec-3] c.h.i.mapper.ItemMapper.selectBatchIds   : ==>  Preparing: SELECT id,name,price,stock,image,category,brand,spec,sold,comment_count,isAD,status,create_time,update_time,creater,updater FROM item WHERE id IN ( ? , ? , ? )
16:41:50:299 DEBUG 24476 --- [http-nio-8081-exec-3] c.h.i.mapper.ItemMapper.selectBatchIds   : ==> Parameters: 100000006163(Long), 100001511821(Long), 2120808(Long)
16:41:50:301 DEBUG 24476 --- [http-nio-8081-exec-3] c.h.i.mapper.ItemMapper.selectBatchIds   : <==      Total: 3
16:41:50:398 DEBUG 25524 --- [http-nio-8083-exec-3] c.h.i.mapper.ItemMapper.selectBatchIds   : ==>  Preparing: SELECT id,name,price,stock,image,category,brand,spec,sold,comment_count,isAD,status,create_time,update_time,creater,updater FROM item WHERE id IN ( ? , ? , ? )
16:41:50:398 DEBUG 25524 --- [http-nio-8083-exec-3] c.h.i.mapper.ItemMapper.selectBatchIds   : ==> Parameters: 100000006163(Long), 100001511821(Long), 2120808(Long)
16:41:50:399 DEBUG 25524 --- [http-nio-8083-exec-3] c.h.i.mapper.ItemMapper.selectBatchIds   : <==      Total: 3
16:41:50:495 DEBUG 24476 --- [http-nio-8081-exec-4] c.h.i.mapper.ItemMapper.selectBatchIds   : ==>  Preparing: SELECT id,name,price,stock,image,category,brand,spec,sold,comment_count,isAD,status,create_time,update_time,creater,updater FROM item WHERE id IN ( ? , ? , ? )
16:41:50:496 DEBUG 24476 --- [http-nio-8081-exec-4] c.h.i.mapper.ItemMapper.selectBatchIds   : ==> Parameters: 100000006163(Long), 100001511821(Long), 2120808(Long)
16:41:50:497 DEBUG 24476 --- [http-nio-8081-exec-4] c.h.i.mapper.ItemMapper.selectBatchIds   : <==      Total: 3
16:41:50:595 DEBUG 25524 --- [http-nio-8083-exec-4] c.h.i.mapper.ItemMapper.selectBatchIds   : ==>  Preparing: SELECT id,name,price,stock,image,category,brand,spec,sold,comment_count,isAD,status,create_time,update_time,creater,updater FROM item WHERE id IN ( ? , ? , ? )
16:41:50:595 DEBUG 25524 --- [http-nio-8083-exec-4] c.h.i.mapper.ItemMapper.selectBatchIds   : ==> Parameters: 100000006163(Long), 100001511821(Long), 2120808(Long)
16:41:50:596 DEBUG 25524 --- [http-nio-8083-exec-4] c.h.i.mapper.ItemMapper.selectBatchIds   : <==      Total: 3
16:41:51:096 DEBUG 24476 --- [http-nio-8081-exec-5] c.h.i.mapper.ItemMapper.selectBatchIds   : ==>  Preparing: SELECT id,name,price,stock,image,category,brand,spec,sold,comment_count,isAD,status,create_time,update_time,creater,updater FROM item WHERE id IN ( ? , ? , ? )
16:41:51:096 DEBUG 24476 --- [http-nio-8081-exec-5] c.h.i.mapper.ItemMapper.selectBatchIds   : ==> Parameters: 100000006163(Long), 100001511821(Long), 2120808(Long)
16:41:51:097 DEBUG 24476 --- [http-nio-8081-exec-5] c.h.i.mapper.ItemMapper.selectBatchIds   : <==      Total: 3
16:41:51:196 DEBUG 25524 --- [http-nio-8083-exec-6] c.h.i.mapper.ItemMapper.selectBatchIds   : ==>  Preparing: SELECT id,name,price,stock,image,category,brand,spec,sold,comment_count,isAD,status,create_time,update_time,creater,updater FROM item WHERE id IN ( ? , ? , ? )
16:41:51:197 DEBUG 25524 --- [http-nio-8083-exec-6] c.h.i.mapper.ItemMapper.selectBatchIds   : ==> Parameters: 100000006163(Long), 100001511821(Long), 2120808(Long)
16:41:51:198 DEBUG 25524 --- [http-nio-8083-exec-6] c.h.i.mapper.ItemMapper.selectBatchIds   : <==      Total: 3
16:41:51:296 DEBUG 24476 --- [http-nio-8081-exec-6] c.h.i.mapper.ItemMapper.selectBatchIds   : ==>  Preparing: SELECT id,name,price,stock,image,category,brand,spec,sold,comment_count,isAD,status,create_time,update_time,creater,updater FROM item WHERE id IN ( ? , ? , ? )
16:41:51:296 DEBUG 24476 --- [http-nio-8081-exec-6] c.h.i.mapper.ItemMapper.selectBatchIds   : ==> Parameters: 100000006163(Long), 100001511821(Long), 2120808(Long)
16:41:51:299 DEBUG 24476 --- [http-nio-8081-exec-6] c.h.i.mapper.ItemMapper.selectBatchIds   : <==      Total: 3
16:41:51:397 DEBUG 25524 --- [http-nio-8083-exec-5] c.h.i.mapper.ItemMapper.selectBatchIds   : ==>  Preparing: SELECT id,name,price,stock,image,category,brand,spec,sold,comment_count,isAD,status,create_time,update_time,creater,updater FROM item WHERE id IN ( ? , ? , ? )
16:41:51:397 DEBUG 25524 --- [http-nio-8083-exec-5] c.h.i.mapper.ItemMapper.selectBatchIds   : ==> Parameters: 100000006163(Long), 100001511821(Long), 2120808(Long)
16:41:51:398 DEBUG 25524 --- [http-nio-8083-exec-5] c.h.i.mapper.ItemMapper.selectBatchIds   : <==      Total: 3
16:41:51:497 DEBUG 24476 --- [http-nio-8081-exec-7] c.h.i.mapper.ItemMapper.selectBatchIds   : ==>  Preparing: SELECT id,name,price,stock,image,category,brand,spec,sold,comment_count,isAD,status,create_time,update_time,creater,updater FROM item WHERE id IN ( ? , ? , ? )
16:41:51:498 DEBUG 24476 --- [http-nio-8081-exec-7] c.h.i.mapper.ItemMapper.selectBatchIds   : ==> Parameters: 100000006163(Long), 100001511821(Long), 2120808(Long)
16:41:51:499 DEBUG 24476 --- [http-nio-8081-exec-7] c.h.i.mapper.ItemMapper.selectBatchIds   : <==      Total: 3
16:41:51:596 DEBUG 25524 --- [http-nio-8083-exec-9] c.h.i.mapper.ItemMapper.selectBatchIds   : ==>  Preparing: SELECT id,name,price,stock,image,category,brand,spec,sold,comment_count,isAD,status,create_time,update_time,creater,updater FROM item WHERE id IN ( ? , ? , ? )
16:41:51:596 DEBUG 25524 --- [http-nio-8083-exec-9] c.h.i.mapper.ItemMapper.selectBatchIds   : ==> Parameters: 100000006163(Long), 100001511821(Long), 2120808(Long)
16:41:51:597 DEBUG 25524 --- [http-nio-8083-exec-9] c.h.i.mapper.ItemMapper.selectBatchIds   : <==      Total: 3
16:41:52:097 DEBUG 24476 --- [http-nio-8081-exec-8] c.h.i.mapper.ItemMapper.selectBatchIds   : ==>  Preparing: SELECT id,name,price,stock,image,category,brand,spec,sold,comment_count,isAD,status,create_time,update_time,creater,updater FROM item WHERE id IN ( ? , ? , ? )
16:41:52:097 DEBUG 24476 --- [http-nio-8081-exec-8] c.h.i.mapper.ItemMapper.selectBatchIds   : ==> Parameters: 100000006163(Long), 100001511821(Long), 2120808(Long)
16:41:52:098 DEBUG 24476 --- [http-nio-8081-exec-8] c.h.i.mapper.ItemMapper.selectBatchIds   : <==      Total: 3
16:41:52:198 DEBUG 25524 --- [http-nio-8083-exec-8] c.h.i.mapper.ItemMapper.selectBatchIds   : ==>  Preparing: SELECT id,name,price,stock,image,category,brand,spec,sold,comment_count,isAD,status,create_time,update_time,creater,updater FROM item WHERE id IN ( ? , ? , ? )
16:41:52:198 DEBUG 25524 --- [http-nio-8083-exec-8] c.h.i.mapper.ItemMapper.selectBatchIds   : ==> Parameters: 100000006163(Long), 100001511821(Long), 2120808(Long)
16:41:52:199 DEBUG 25524 --- [http-nio-8083-exec-8] c.h.i.mapper.ItemMapper.selectBatchIds   : <==      Total: 3
16:41:52:295 DEBUG 24476 --- [http-nio-8081-exec-9] c.h.i.mapper.ItemMapper.selectBatchIds   : ==>  Preparing: SELECT id,name,price,stock,image,category,brand,spec,sold,comment_count,isAD,status,create_time,update_time,creater,updater FROM item WHERE id IN ( ? , ? , ? )
16:41:52:295 DEBUG 24476 --- [http-nio-8081-exec-9] c.h.i.mapper.ItemMapper.selectBatchIds   : ==> Parameters: 100000006163(Long), 100001511821(Long), 2120808(Long)
16:41:52:296 DEBUG 24476 --- [http-nio-8081-exec-9] c.h.i.mapper.ItemMapper.selectBatchIds   : <==      Total: 3
16:41:52:398 DEBUG 25524 --- [http-nio-8083-exec-7] c.h.i.mapper.ItemMapper.selectBatchIds   : ==>  Preparing: SELECT id,name,price,stock,image,category,brand,spec,sold,comment_count,isAD,status,create_time,update_time,creater,updater FROM item WHERE id IN ( ? , ? , ? )
16:41:52:398 DEBUG 25524 --- [http-nio-8083-exec-7] c.h.i.mapper.ItemMapper.selectBatchIds   : ==> Parameters: 100000006163(Long), 100001511821(Long), 2120808(Long)
16:41:52:399 DEBUG 25524 --- [http-nio-8083-exec-7] c.h.i.mapper.ItemMapper.selectBatchIds   : <==      Total: 3
16:41:52:498 DEBUG 24476 --- [http-nio-8081-exec-10] c.h.i.mapper.ItemMapper.selectBatchIds   : ==>  Preparing: SELECT id,name,price,stock,image,category,brand,spec,sold,comment_count,isAD,status,create_time,update_time,creater,updater FROM item WHERE id IN ( ? , ? , ? )
16:41:52:498 DEBUG 24476 --- [http-nio-8081-exec-10] c.h.i.mapper.ItemMapper.selectBatchIds   : ==> Parameters: 100000006163(Long), 100001511821(Long), 2120808(Long)
16:41:52:499 DEBUG 24476 --- [http-nio-8081-exec-10] c.h.i.mapper.ItemMapper.selectBatchIds   : <==      Total: 3
16:41:52:597 DEBUG 25524 --- [http-nio-8083-exec-10] c.h.i.mapper.ItemMapper.selectBatchIds   : ==>  Preparing: SELECT id,name,price,stock,image,category,brand,spec,sold,comment_count,isAD,status,create_time,update_time,creater,updater FROM item WHERE id IN ( ? , ? , ? )
16:41:52:597 DEBUG 25524 --- [http-nio-8083-exec-10] c.h.i.mapper.ItemMapper.selectBatchIds   : ==> Parameters: 100000006163(Long), 100001511821(Long), 2120808(Long)
16:41:52:599 DEBUG 25524 --- [http-nio-8083-exec-10] c.h.i.mapper.ItemMapper.selectBatchIds   : <==      Total: 3
16:41:53:098 DEBUG 24476 --- [http-nio-8081-exec-1] c.h.i.mapper.ItemMapper.selectBatchIds   : ==>  Preparing: SELECT id,name,price,stock,image,category,brand,spec,sold,comment_count,isAD,status,create_time,update_time,creater,updater FROM item WHERE id IN ( ? , ? , ? )
16:41:53:098 DEBUG 24476 --- [http-nio-8081-exec-1] c.h.i.mapper.ItemMapper.selectBatchIds   : ==> Parameters: 100000006163(Long), 100001511821(Long), 2120808(Long)
16:41:53:099 DEBUG 24476 --- [http-nio-8081-exec-1] c.h.i.mapper.ItemMapper.selectBatchIds   : <==      Total: 3
16:41:53:198 DEBUG 25524 --- [http-nio-8083-exec-1] c.h.i.mapper.ItemMapper.selectBatchIds   : ==>  Preparing: SELECT id,name,price,stock,image,category,brand,spec,sold,comment_count,isAD,status,create_time,update_time,creater,updater FROM item WHERE id IN ( ? , ? , ? )
16:41:53:198 DEBUG 25524 --- [http-nio-8083-exec-1] c.h.i.mapper.ItemMapper.selectBatchIds   : ==> Parameters: 100000006163(Long), 100001511821(Long), 2120808(Long)
16:41:53:200 DEBUG 25524 --- [http-nio-8083-exec-1] c.h.i.mapper.ItemMapper.selectBatchIds   : <==      Total: 3
16:41:53:295 DEBUG 24476 --- [http-nio-8081-exec-2] c.h.i.mapper.ItemMapper.selectBatchIds   : ==>  Preparing: SELECT id,name,price,stock,image,category,brand,spec,sold,comment_count,isAD,status,create_time,update_time,creater,updater FROM item WHERE id IN ( ? , ? , ? )
16:41:53:295 DEBUG 24476 --- [http-nio-8081-exec-2] c.h.i.mapper.ItemMapper.selectBatchIds   : ==> Parameters: 100000006163(Long), 100001511821(Long), 2120808(Long)
16:41:53:296 DEBUG 24476 --- [http-nio-8081-exec-2] c.h.i.mapper.ItemMapper.selectBatchIds   : <==      Total: 3
16:41:53:395 DEBUG 25524 --- [http-nio-8083-exec-2] c.h.i.mapper.ItemMapper.selectBatchIds   : ==>  Preparing: SELECT id,name,price,stock,image,category,brand,spec,sold,comment_count,isAD,status,create_time,update_time,creater,updater FROM item WHERE id IN ( ? , ? , ? )
16:41:53:396 DEBUG 25524 --- [http-nio-8083-exec-2] c.h.i.mapper.ItemMapper.selectBatchIds   : ==> Parameters: 100000006163(Long), 100001511821(Long), 2120808(Long)
16:41:53:398 DEBUG 25524 --- [http-nio-8083-exec-2] c.h.i.mapper.ItemMapper.selectBatchIds   : <==      Total: 3
16:41:53:495 DEBUG 24476 --- [http-nio-8081-exec-3] c.h.i.mapper.ItemMapper.selectBatchIds   : ==>  Preparing: SELECT id,name,price,stock,image,category,brand,spec,sold,comment_count,isAD,status,create_time,update_time,creater,updater FROM item WHERE id IN ( ? , ? , ? )
16:41:53:495 DEBUG 24476 --- [http-nio-8081-exec-3] c.h.i.mapper.ItemMapper.selectBatchIds   : ==> Parameters: 100000006163(Long), 100001511821(Long), 2120808(Long)
16:41:53:496 DEBUG 24476 --- [http-nio-8081-exec-3] c.h.i.mapper.ItemMapper.selectBatchIds   : <==      Total: 3
16:41:53:596 DEBUG 25524 --- [http-nio-8083-exec-3] c.h.i.mapper.ItemMapper.selectBatchIds   : ==>  Preparing: SELECT id,name,price,stock,image,category,brand,spec,sold,comment_count,isAD,status,create_time,update_time,creater,updater FROM item WHERE id IN ( ? , ? , ? )
16:41:53:596 DEBUG 25524 --- [http-nio-8083-exec-3] c.h.i.mapper.ItemMapper.selectBatchIds   : ==> Parameters: 100000006163(Long), 100001511821(Long), 2120808(Long)
16:41:53:598 DEBUG 25524 --- [http-nio-8083-exec-3] c.h.i.mapper.ItemMapper.selectBatchIds   : <==      Total: 3
16:41:54:096 DEBUG 24476 --- [http-nio-8081-exec-4] c.h.i.mapper.ItemMapper.selectBatchIds   : ==>  Preparing: SELECT id,name,price,stock,image,category,brand,spec,sold,comment_count,isAD,status,create_time,update_time,creater,updater FROM item WHERE id IN ( ? , ? , ? )
16:41:54:096 DEBUG 24476 --- [http-nio-8081-exec-4] c.h.i.mapper.ItemMapper.selectBatchIds   : ==> Parameters: 100000006163(Long), 100001511821(Long), 2120808(Long)
16:41:54:098 DEBUG 24476 --- [http-nio-8081-exec-4] c.h.i.mapper.ItemMapper.selectBatchIds   : <==      Total: 3
16:41:54:197 DEBUG 25524 --- [http-nio-8083-exec-4] c.h.i.mapper.ItemMapper.selectBatchIds   : ==>  Preparing: SELECT id,name,price,stock,image,category,brand,spec,sold,comment_count,isAD,status,create_time,update_time,creater,updater FROM item WHERE id IN ( ? , ? , ? )
16:41:54:197 DEBUG 25524 --- [http-nio-8083-exec-4] c.h.i.mapper.ItemMapper.selectBatchIds   : ==> Parameters: 100000006163(Long), 100001511821(Long), 2120808(Long)
16:41:54:199 DEBUG 25524 --- [http-nio-8083-exec-4] c.h.i.mapper.ItemMapper.selectBatchIds   : <==      Total: 3
16:41:54:295 DEBUG 24476 --- [http-nio-8081-exec-5] c.h.i.mapper.ItemMapper.selectBatchIds   : ==>  Preparing: SELECT id,name,price,stock,image,category,brand,spec,sold,comment_count,isAD,status,create_time,update_time,creater,updater FROM item WHERE id IN ( ? , ? , ? )
16:41:54:295 DEBUG 24476 --- [http-nio-8081-exec-5] c.h.i.mapper.ItemMapper.selectBatchIds   : ==> Parameters: 100000006163(Long), 100001511821(Long), 2120808(Long)
16:41:54:297 DEBUG 24476 --- [http-nio-8081-exec-5] c.h.i.mapper.ItemMapper.selectBatchIds   : <==      Total: 3
16:41:54:396 DEBUG 25524 --- [http-nio-8083-exec-6] c.h.i.mapper.ItemMapper.selectBatchIds   : ==>  Preparing: SELECT id,name,price,stock,image,category,brand,spec,sold,comment_count,isAD,status,create_time,update_time,creater,updater FROM item WHERE id IN ( ? , ? , ? )
16:41:54:398 DEBUG 25524 --- [http-nio-8083-exec-6] c.h.i.mapper.ItemMapper.selectBatchIds   : ==> Parameters: 100000006163(Long), 100001511821(Long), 2120808(Long)
16:41:54:399 DEBUG 25524 --- [http-nio-8083-exec-6] c.h.i.mapper.ItemMapper.selectBatchIds   : <==      Total: 3
16:41:54:497 DEBUG 24476 --- [http-nio-8081-exec-6] c.h.i.mapper.ItemMapper.selectBatchIds   : ==>  Preparing: SELECT id,name,price,stock,image,category,brand,spec,sold,comment_count,isAD,status,create_time,update_time,creater,updater FROM item WHERE id IN ( ? , ? , ? )
16:41:54:497 DEBUG 24476 --- [http-nio-8081-exec-6] c.h.i.mapper.ItemMapper.selectBatchIds   : ==> Parameters: 100000006163(Long), 100001511821(Long), 2120808(Long)
16:41:54:498 DEBUG 24476 --- [http-nio-8081-exec-6] c.h.i.mapper.ItemMapper.selectBatchIds   : <==      Total: 3
16:41:54:595 DEBUG 25524 --- [http-nio-8083-exec-5] c.h.i.mapper.ItemMapper.selectBatchIds   : ==>  Preparing: SELECT id,name,price,stock,image,category,brand,spec,sold,comment_count,isAD,status,create_time,update_time,creater,updater FROM item WHERE id IN ( ? , ? , ? )
16:41:54:596 DEBUG 25524 --- [http-nio-8083-exec-5] c.h.i.mapper.ItemMapper.selectBatchIds   : ==> Parameters: 100000006163(Long), 100001511821(Long), 2120808(Long)
16:41:54:597 DEBUG 25524 --- [http-nio-8083-exec-5] c.h.i.mapper.ItemMapper.selectBatchIds   : <==      Total: 3
16:41:55:096 DEBUG 24476 --- [http-nio-8081-exec-7] c.h.i.mapper.ItemMapper.selectBatchIds   : ==>  Preparing: SELECT id,name,price,stock,image,category,brand,spec,sold,comment_count,isAD,status,create_time,update_time,creater,updater FROM item WHERE id IN ( ? , ? , ? )
16:41:55:096 DEBUG 24476 --- [http-nio-8081-exec-7] c.h.i.mapper.ItemMapper.selectBatchIds   : ==> Parameters: 100000006163(Long), 100001511821(Long), 2120808(Long)
16:41:55:098 DEBUG 24476 --- [http-nio-8081-exec-7] c.h.i.mapper.ItemMapper.selectBatchIds   : <==      Total: 3
16:41:55:196 DEBUG 25524 --- [http-nio-8083-exec-9] c.h.i.mapper.ItemMapper.selectBatchIds   : ==>  Preparing: SELECT id,name,price,stock,image,category,brand,spec,sold,comment_count,isAD,status,create_time,update_time,creater,updater FROM item WHERE id IN ( ? , ? , ? )
16:41:55:196 DEBUG 25524 --- [http-nio-8083-exec-9] c.h.i.mapper.ItemMapper.selectBatchIds   : ==> Parameters: 100000006163(Long), 100001511821(Long), 2120808(Long)
16:41:55:198 DEBUG 25524 --- [http-nio-8083-exec-9] c.h.i.mapper.ItemMapper.selectBatchIds   : <==      Total: 3
16:41:55:296 DEBUG 24476 --- [http-nio-8081-exec-8] c.h.i.mapper.ItemMapper.selectBatchIds   : ==>  Preparing: SELECT id,name,price,stock,image,category,brand,spec,sold,comment_count,isAD,status,create_time,update_time,creater,updater FROM item WHERE id IN ( ? , ? , ? )
16:41:55:297 DEBUG 24476 --- [http-nio-8081-exec-8] c.h.i.mapper.ItemMapper.selectBatchIds   : ==> Parameters: 100000006163(Long), 100001511821(Long), 2120808(Long)
16:41:55:298 DEBUG 24476 --- [http-nio-8081-exec-8] c.h.i.mapper.ItemMapper.selectBatchIds   : <==      Total: 3
16:41:55:395 DEBUG 25524 --- [http-nio-8083-exec-8] c.h.i.mapper.ItemMapper.selectBatchIds   : ==>  Preparing: SELECT id,name,price,stock,image,category,brand,spec,sold,comment_count,isAD,status,create_time,update_time,creater,updater FROM item WHERE id IN ( ? , ? , ? )
16:41:55:395 DEBUG 25524 --- [http-nio-8083-exec-8] c.h.i.mapper.ItemMapper.selectBatchIds   : ==> Parameters: 100000006163(Long), 100001511821(Long), 2120808(Long)
16:41:55:398 DEBUG 25524 --- [http-nio-8083-exec-8] c.h.i.mapper.ItemMapper.selectBatchIds   : <==      Total: 3
16:41:55:495 DEBUG 24476 --- [http-nio-8081-exec-9] c.h.i.mapper.ItemMapper.selectBatchIds   : ==>  Preparing: SELECT id,name,price,stock,image,category,brand,spec,sold,comment_count,isAD,status,create_time,update_time,creater,updater FROM item WHERE id IN ( ? , ? , ? )
16:41:55:495 DEBUG 24476 --- [http-nio-8081-exec-9] c.h.i.mapper.ItemMapper.selectBatchIds   : ==> Parameters: 100000006163(Long), 100001511821(Long), 2120808(Long)
16:41:55:497 DEBUG 24476 --- [http-nio-8081-exec-9] c.h.i.mapper.ItemMapper.selectBatchIds   : <==      Total: 3
16:41:55:595 DEBUG 25524 --- [http-nio-8083-exec-7] c.h.i.mapper.ItemMapper.selectBatchIds   : ==>  Preparing: SELECT id,name,price,stock,image,category,brand,spec,sold,comment_count,isAD,status,create_time,update_time,creater,updater FROM item WHERE id IN ( ? , ? , ? )
16:41:55:595 DEBUG 25524 --- [http-nio-8083-exec-7] c.h.i.mapper.ItemMapper.selectBatchIds   : ==> Parameters: 100000006163(Long), 100001511821(Long), 2120808(Long)
16:41:55:596 DEBUG 25524 --- [http-nio-8083-exec-7] c.h.i.mapper.ItemMapper.selectBatchIds   : <==      Total: 3
16:41:56:097 DEBUG 24476 --- [http-nio-8081-exec-10] c.h.i.mapper.ItemMapper.selectBatchIds   : ==>  Preparing: SELECT id,name,price,stock,image,category,brand,spec,sold,comment_count,isAD,status,create_time,update_time,creater,updater FROM item WHERE id IN ( ? , ? , ? )
16:41:56:097 DEBUG 24476 --- [http-nio-8081-exec-10] c.h.i.mapper.ItemMapper.selectBatchIds   : ==> Parameters: 100000006163(Long), 100001511821(Long), 2120808(Long)
16:41:56:098 DEBUG 24476 --- [http-nio-8081-exec-10] c.h.i.mapper.ItemMapper.selectBatchIds   : <==      Total: 3
16:41:56:196 DEBUG 25524 --- [http-nio-8083-exec-10] c.h.i.mapper.ItemMapper.selectBatchIds   : ==>  Preparing: SELECT id,name,price,stock,image,category,brand,spec,sold,comment_count,isAD,status,create_time,update_time,creater,updater FROM item WHERE id IN ( ? , ? , ? )
16:41:56:196 DEBUG 25524 --- [http-nio-8083-exec-10] c.h.i.mapper.ItemMapper.selectBatchIds   : ==> Parameters: 100000006163(Long), 100001511821(Long), 2120808(Long)
16:41:56:198 DEBUG 25524 --- [http-nio-8083-exec-10] c.h.i.mapper.ItemMapper.selectBatchIds   : <==      Total: 3
16:41:56:307 DEBUG 24476 --- [http-nio-8081-exec-1] c.h.i.mapper.ItemMapper.selectBatchIds   : ==>  Preparing: SELECT id,name,price,stock,image,category,brand,spec,sold,comment_count,isAD,status,create_time,update_time,creater,updater FROM item WHERE id IN ( ? , ? , ? )
16:41:56:307 DEBUG 24476 --- [http-nio-8081-exec-1] c.h.i.mapper.ItemMapper.selectBatchIds   : ==> Parameters: 100000006163(Long), 100001511821(Long), 2120808(Long)
16:41:56:309 DEBUG 24476 --- [http-nio-8081-exec-1] c.h.i.mapper.ItemMapper.selectBatchIds   : <==      Total: 3
16:41:56:399 DEBUG 25524 --- [http-nio-8083-exec-1] c.h.i.mapper.ItemMapper.selectBatchIds   : ==>  Preparing: SELECT id,name,price,stock,image,category,brand,spec,sold,comment_count,isAD,status,create_time,update_time,creater,updater FROM item WHERE id IN ( ? , ? , ? )
16:41:56:399 DEBUG 25524 --- [http-nio-8083-exec-1] c.h.i.mapper.ItemMapper.selectBatchIds   : ==> Parameters: 100000006163(Long), 100001511821(Long), 2120808(Long)
16:41:56:401 DEBUG 25524 --- [http-nio-8083-exec-1] c.h.i.mapper.ItemMapper.selectBatchIds   : <==      Total: 3
16:41:56:495 DEBUG 24476 --- [http-nio-8081-exec-2] c.h.i.mapper.ItemMapper.selectBatchIds   : ==>  Preparing: SELECT id,name,price,stock,image,category,brand,spec,sold,comment_count,isAD,status,create_time,update_time,creater,updater FROM item WHERE id IN ( ? , ? , ? )
16:41:56:495 DEBUG 24476 --- [http-nio-8081-exec-2] c.h.i.mapper.ItemMapper.selectBatchIds   : ==> Parameters: 100000006163(Long), 100001511821(Long), 2120808(Long)
16:41:56:499 DEBUG 24476 --- [http-nio-8081-exec-2] c.h.i.mapper.ItemMapper.selectBatchIds   : <==      Total: 3
16:41:56:596 DEBUG 25524 --- [http-nio-8083-exec-2] c.h.i.mapper.ItemMapper.selectBatchIds   : ==>  Preparing: SELECT id,name,price,stock,image,category,brand,spec,sold,comment_count,isAD,status,create_time,update_time,creater,updater FROM item WHERE id IN ( ? , ? , ? )
16:41:56:596 DEBUG 25524 --- [http-nio-8083-exec-2] c.h.i.mapper.ItemMapper.selectBatchIds   : ==> Parameters: 100000006163(Long), 100001511821(Long), 2120808(Long)
16:41:56:597 DEBUG 25524 --- [http-nio-8083-exec-2] c.h.i.mapper.ItemMapper.selectBatchIds   : <==      Total: 3
16:41:57:099 DEBUG 24476 --- [http-nio-8081-exec-3] c.h.i.mapper.ItemMapper.selectBatchIds   : ==>  Preparing: SELECT id,name,price,stock,image,category,brand,spec,sold,comment_count,isAD,status,create_time,update_time,creater,updater FROM item WHERE id IN ( ? , ? , ? )
16:41:57:099 DEBUG 24476 --- [http-nio-8081-exec-3] c.h.i.mapper.ItemMapper.selectBatchIds   : ==> Parameters: 100000006163(Long), 100001511821(Long), 2120808(Long)
16:41:57:099 DEBUG 24476 --- [http-nio-8081-exec-3] c.h.i.mapper.ItemMapper.selectBatchIds   : <==      Total: 3
16:41:57:199 DEBUG 25524 --- [http-nio-8083-exec-3] c.h.i.mapper.ItemMapper.selectBatchIds   : ==>  Preparing: SELECT id,name,price,stock,image,category,brand,spec,sold,comment_count,isAD,status,create_time,update_time,creater,updater FROM item WHERE id IN ( ? , ? , ? )
16:41:57:199 DEBUG 25524 --- [http-nio-8083-exec-3] c.h.i.mapper.ItemMapper.selectBatchIds   : ==> Parameters: 100000006163(Long), 100001511821(Long), 2120808(Long)
16:41:57:201 DEBUG 25524 --- [http-nio-8083-exec-3] c.h.i.mapper.ItemMapper.selectBatchIds   : <==      Total: 3
16:41:57:298 DEBUG 24476 --- [http-nio-8081-exec-4] c.h.i.mapper.ItemMapper.selectBatchIds   : ==>  Preparing: SELECT id,name,price,stock,image,category,brand,spec,sold,comment_count,isAD,status,create_time,update_time,creater,updater FROM item WHERE id IN ( ? , ? , ? )
16:41:57:298 DEBUG 24476 --- [http-nio-8081-exec-4] c.h.i.mapper.ItemMapper.selectBatchIds   : ==> Parameters: 100000006163(Long), 100001511821(Long), 2120808(Long)
16:41:57:300 DEBUG 24476 --- [http-nio-8081-exec-4] c.h.i.mapper.ItemMapper.selectBatchIds   : <==      Total: 3
16:41:57:397 DEBUG 25524 --- [http-nio-8083-exec-4] c.h.i.mapper.ItemMapper.selectBatchIds   : ==>  Preparing: SELECT id,name,price,stock,image,category,brand,spec,sold,comment_count,isAD,status,create_time,update_time,creater,updater FROM item WHERE id IN ( ? , ? , ? )
16:41:57:397 DEBUG 25524 --- [http-nio-8083-exec-4] c.h.i.mapper.ItemMapper.selectBatchIds   : ==> Parameters: 100000006163(Long), 100001511821(Long), 2120808(Long)
16:41:57:398 DEBUG 25524 --- [http-nio-8083-exec-4] c.h.i.mapper.ItemMapper.selectBatchIds   : <==      Total: 3
16:41:57:494 DEBUG 24476 --- [http-nio-8081-exec-5] c.h.i.mapper.ItemMapper.selectBatchIds   : ==>  Preparing: SELECT id,name,price,stock,image,category,brand,spec,sold,comment_count,isAD,status,create_time,update_time,creater,updater FROM item WHERE id IN ( ? , ? , ? )
16:41:57:495 DEBUG 24476 --- [http-nio-8081-exec-5] c.h.i.mapper.ItemMapper.selectBatchIds   : ==> Parameters: 100000006163(Long), 100001511821(Long), 2120808(Long)
16:41:57:496 DEBUG 24476 --- [http-nio-8081-exec-5] c.h.i.mapper.ItemMapper.selectBatchIds   : <==      Total: 3
16:41:57:602 DEBUG 25524 --- [http-nio-8083-exec-6] c.h.i.mapper.ItemMapper.selectBatchIds   : ==>  Preparing: SELECT id,name,price,stock,image,category,brand,spec,sold,comment_count,isAD,status,create_time,update_time,creater,updater FROM item WHERE id IN ( ? , ? , ? )
16:41:57:603 DEBUG 25524 --- [http-nio-8083-exec-6] c.h.i.mapper.ItemMapper.selectBatchIds   : ==> Parameters: 100000006163(Long), 100001511821(Long), 2120808(Long)
16:41:57:604 DEBUG 25524 --- [http-nio-8083-exec-6] c.h.i.mapper.ItemMapper.selectBatchIds   : <==      Total: 3
16:41:58:096 DEBUG 24476 --- [http-nio-8081-exec-6] c.h.i.mapper.ItemMapper.selectBatchIds   : ==>  Preparing: SELECT id,name,price,stock,image,category,brand,spec,sold,comment_count,isAD,status,create_time,update_time,creater,updater FROM item WHERE id IN ( ? , ? , ? )
16:41:58:096 DEBUG 24476 --- [http-nio-8081-exec-6] c.h.i.mapper.ItemMapper.selectBatchIds   : ==> Parameters: 100000006163(Long), 100001511821(Long), 2120808(Long)
16:41:58:097 DEBUG 24476 --- [http-nio-8081-exec-6] c.h.i.mapper.ItemMapper.selectBatchIds   : <==      Total: 3
16:41:58:197 DEBUG 25524 --- [http-nio-8083-exec-5] c.h.i.mapper.ItemMapper.selectBatchIds   : ==>  Preparing: SELECT id,name,price,stock,image,category,brand,spec,sold,comment_count,isAD,status,create_time,update_time,creater,updater FROM item WHERE id IN ( ? , ? , ? )
16:41:58:197 DEBUG 25524 --- [http-nio-8083-exec-5] c.h.i.mapper.ItemMapper.selectBatchIds   : ==> Parameters: 100000006163(Long), 100001511821(Long), 2120808(Long)
16:41:58:198 DEBUG 25524 --- [http-nio-8083-exec-5] c.h.i.mapper.ItemMapper.selectBatchIds   : <==      Total: 3
16:41:58:297 DEBUG 24476 --- [http-nio-8081-exec-7] c.h.i.mapper.ItemMapper.selectBatchIds   : ==>  Preparing: SELECT id,name,price,stock,image,category,brand,spec,sold,comment_count,isAD,status,create_time,update_time,creater,updater FROM item WHERE id IN ( ? , ? , ? )
16:41:58:297 DEBUG 24476 --- [http-nio-8081-exec-7] c.h.i.mapper.ItemMapper.selectBatchIds   : ==> Parameters: 100000006163(Long), 100001511821(Long), 2120808(Long)
16:41:58:298 DEBUG 24476 --- [http-nio-8081-exec-7] c.h.i.mapper.ItemMapper.selectBatchIds   : <==      Total: 3
16:41:58:397 DEBUG 25524 --- [http-nio-8083-exec-9] c.h.i.mapper.ItemMapper.selectBatchIds   : ==>  Preparing: SELECT id,name,price,stock,image,category,brand,spec,sold,comment_count,isAD,status,create_time,update_time,creater,updater FROM item WHERE id IN ( ? , ? , ? )
16:41:58:397 DEBUG 25524 --- [http-nio-8083-exec-9] c.h.i.mapper.ItemMapper.selectBatchIds   : ==> Parameters: 100000006163(Long), 100001511821(Long), 2120808(Long)
16:41:58:398 DEBUG 25524 --- [http-nio-8083-exec-9] c.h.i.mapper.ItemMapper.selectBatchIds   : <==      Total: 3
16:41:58:497 DEBUG 24476 --- [http-nio-8081-exec-8] c.h.i.mapper.ItemMapper.selectBatchIds   : ==>  Preparing: SELECT id,name,price,stock,image,category,brand,spec,sold,comment_count,isAD,status,create_time,update_time,creater,updater FROM item WHERE id IN ( ? , ? , ? )
16:41:58:497 DEBUG 24476 --- [http-nio-8081-exec-8] c.h.i.mapper.ItemMapper.selectBatchIds   : ==> Parameters: 100000006163(Long), 100001511821(Long), 2120808(Long)
16:41:58:498 DEBUG 24476 --- [http-nio-8081-exec-8] c.h.i.mapper.ItemMapper.selectBatchIds   : <==      Total: 3
16:41:58:595 DEBUG 25524 --- [http-nio-8083-exec-8] c.h.i.mapper.ItemMapper.selectBatchIds   : ==>  Preparing: SELECT id,name,price,stock,image,category,brand,spec,sold,comment_count,isAD,status,create_time,update_time,creater,updater FROM item WHERE id IN ( ? , ? , ? )
16:41:58:595 DEBUG 25524 --- [http-nio-8083-exec-8] c.h.i.mapper.ItemMapper.selectBatchIds   : ==> Parameters: 100000006163(Long), 100001511821(Long), 2120808(Long)
16:41:58:598 DEBUG 25524 --- [http-nio-8083-exec-8] c.h.i.mapper.ItemMapper.selectBatchIds   : <==      Total: 3
16:41:59:097 DEBUG 24476 --- [http-nio-8081-exec-9] c.h.i.mapper.ItemMapper.selectBatchIds   : ==>  Preparing: SELECT id,name,price,stock,image,category,brand,spec,sold,comment_count,isAD,status,create_time,update_time,creater,updater FROM item WHERE id IN ( ? , ? , ? )
16:41:59:097 DEBUG 24476 --- [http-nio-8081-exec-9] c.h.i.mapper.ItemMapper.selectBatchIds   : ==> Parameters: 100000006163(Long), 100001511821(Long), 2120808(Long)
16:41:59:098 DEBUG 24476 --- [http-nio-8081-exec-9] c.h.i.mapper.ItemMapper.selectBatchIds   : <==      Total: 3
16:41:59:196 DEBUG 25524 --- [http-nio-8083-exec-7] c.h.i.mapper.ItemMapper.selectBatchIds   : ==>  Preparing: SELECT id,name,price,stock,image,category,brand,spec,sold,comment_count,isAD,status,create_time,update_time,creater,updater FROM item WHERE id IN ( ? , ? , ? )
16:41:59:196 DEBUG 25524 --- [http-nio-8083-exec-7] c.h.i.mapper.ItemMapper.selectBatchIds   : ==> Parameters: 100000006163(Long), 100001511821(Long), 2120808(Long)
16:41:59:198 DEBUG 25524 --- [http-nio-8083-exec-7] c.h.i.mapper.ItemMapper.selectBatchIds   : <==      Total: 3
16:41:59:296 DEBUG 24476 --- [http-nio-8081-exec-10] c.h.i.mapper.ItemMapper.selectBatchIds   : ==>  Preparing: SELECT id,name,price,stock,image,category,brand,spec,sold,comment_count,isAD,status,create_time,update_time,creater,updater FROM item WHERE id IN ( ? , ? , ? )
16:41:59:297 DEBUG 24476 --- [http-nio-8081-exec-10] c.h.i.mapper.ItemMapper.selectBatchIds   : ==> Parameters: 100000006163(Long), 100001511821(Long), 2120808(Long)
16:41:59:298 DEBUG 24476 --- [http-nio-8081-exec-10] c.h.i.mapper.ItemMapper.selectBatchIds   : <==      Total: 3
16:41:59:395 DEBUG 25524 --- [http-nio-8083-exec-10] c.h.i.mapper.ItemMapper.selectBatchIds   : ==>  Preparing: SELECT id,name,price,stock,image,category,brand,spec,sold,comment_count,isAD,status,create_time,update_time,creater,updater FROM item WHERE id IN ( ? , ? , ? )
16:41:59:396 DEBUG 25524 --- [http-nio-8083-exec-10] c.h.i.mapper.ItemMapper.selectBatchIds   : ==> Parameters: 100000006163(Long), 100001511821(Long), 2120808(Long)
16:41:59:397 DEBUG 25524 --- [http-nio-8083-exec-10] c.h.i.mapper.ItemMapper.selectBatchIds   : <==      Total: 3
16:41:59:497 DEBUG 24476 --- [http-nio-8081-exec-1] c.h.i.mapper.ItemMapper.selectBatchIds   : ==>  Preparing: SELECT id,name,price,stock,image,category,brand,spec,sold,comment_count,isAD,status,create_time,update_time,creater,updater FROM item WHERE id IN ( ? , ? , ? )
16:41:59:497 DEBUG 24476 --- [http-nio-8081-exec-1] c.h.i.mapper.ItemMapper.selectBatchIds   : ==> Parameters: 100000006163(Long), 100001511821(Long), 2120808(Long)
16:41:59:497 DEBUG 24476 --- [http-nio-8081-exec-1] c.h.i.mapper.ItemMapper.selectBatchIds   : <==      Total: 3
16:41:59:596 DEBUG 25524 --- [http-nio-8083-exec-1] c.h.i.mapper.ItemMapper.selectBatchIds   : ==>  Preparing: SELECT id,name,price,stock,image,category,brand,spec,sold,comment_count,isAD,status,create_time,update_time,creater,updater FROM item WHERE id IN ( ? , ? , ? )
16:41:59:596 DEBUG 25524 --- [http-nio-8083-exec-1] c.h.i.mapper.ItemMapper.selectBatchIds   : ==> Parameters: 100000006163(Long), 100001511821(Long), 2120808(Long)
16:41:59:597 DEBUG 25524 --- [http-nio-8083-exec-1] c.h.i.mapper.ItemMapper.selectBatchIds   : <==      Total: 3
16:42:00:097 DEBUG 24476 --- [http-nio-8081-exec-2] c.h.i.mapper.ItemMapper.selectBatchIds   : ==>  Preparing: SELECT id,name,price,stock,image,category,brand,spec,sold,comment_count,isAD,status,create_time,update_time,creater,updater FROM item WHERE id IN ( ? , ? , ? )
16:42:00:097 DEBUG 24476 --- [http-nio-8081-exec-2] c.h.i.mapper.ItemMapper.selectBatchIds   : ==> Parameters: 100000006163(Long), 100001511821(Long), 2120808(Long)
16:42:00:098 DEBUG 24476 --- [http-nio-8081-exec-2] c.h.i.mapper.ItemMapper.selectBatchIds   : <==      Total: 3
16:42:00:197 DEBUG 25524 --- [http-nio-8083-exec-2] c.h.i.mapper.ItemMapper.selectBatchIds   : ==>  Preparing: SELECT id,name,price,stock,image,category,brand,spec,sold,comment_count,isAD,status,create_time,update_time,creater,updater FROM item WHERE id IN ( ? , ? , ? )
16:42:00:197 DEBUG 25524 --- [http-nio-8083-exec-2] c.h.i.mapper.ItemMapper.selectBatchIds   : ==> Parameters: 100000006163(Long), 100001511821(Long), 2120808(Long)
16:42:00:198 DEBUG 25524 --- [http-nio-8083-exec-2] c.h.i.mapper.ItemMapper.selectBatchIds   : <==      Total: 3
16:42:00:296 DEBUG 24476 --- [http-nio-8081-exec-3] c.h.i.mapper.ItemMapper.selectBatchIds   : ==>  Preparing: SELECT id,name,price,stock,image,category,brand,spec,sold,comment_count,isAD,status,create_time,update_time,creater,updater FROM item WHERE id IN ( ? , ? , ? )
16:42:00:296 DEBUG 24476 --- [http-nio-8081-exec-3] c.h.i.mapper.ItemMapper.selectBatchIds   : ==> Parameters: 100000006163(Long), 100001511821(Long), 2120808(Long)
16:42:00:297 DEBUG 24476 --- [http-nio-8081-exec-3] c.h.i.mapper.ItemMapper.selectBatchIds   : <==      Total: 3
16:42:00:398 DEBUG 25524 --- [http-nio-8083-exec-3] c.h.i.mapper.ItemMapper.selectBatchIds   : ==>  Preparing: SELECT id,name,price,stock,image,category,brand,spec,sold,comment_count,isAD,status,create_time,update_time,creater,updater FROM item WHERE id IN ( ? , ? , ? )
16:42:00:398 DEBUG 25524 --- [http-nio-8083-exec-3] c.h.i.mapper.ItemMapper.selectBatchIds   : ==> Parameters: 100000006163(Long), 100001511821(Long), 2120808(Long)
16:42:00:400 DEBUG 25524 --- [http-nio-8083-exec-3] c.h.i.mapper.ItemMapper.selectBatchIds   : <==      Total: 3
16:42:00:496 DEBUG 24476 --- [http-nio-8081-exec-4] c.h.i.mapper.ItemMapper.selectBatchIds   : ==>  Preparing: SELECT id,name,price,stock,image,category,brand,spec,sold,comment_count,isAD,status,create_time,update_time,creater,updater FROM item WHERE id IN ( ? , ? , ? )
16:42:00:498 DEBUG 24476 --- [http-nio-8081-exec-4] c.h.i.mapper.ItemMapper.selectBatchIds   : ==> Parameters: 100000006163(Long), 100001511821(Long), 2120808(Long)
16:42:00:498 DEBUG 24476 --- [http-nio-8081-exec-4] c.h.i.mapper.ItemMapper.selectBatchIds   : <==      Total: 3
16:42:00:596 DEBUG 25524 --- [http-nio-8083-exec-4] c.h.i.mapper.ItemMapper.selectBatchIds   : ==>  Preparing: SELECT id,name,price,stock,image,category,brand,spec,sold,comment_count,isAD,status,create_time,update_time,creater,updater FROM item WHERE id IN ( ? , ? , ? )
16:42:00:596 DEBUG 25524 --- [http-nio-8083-exec-4] c.h.i.mapper.ItemMapper.selectBatchIds   : ==> Parameters: 100000006163(Long), 100001511821(Long), 2120808(Long)
16:42:00:598 DEBUG 25524 --- [http-nio-8083-exec-4] c.h.i.mapper.ItemMapper.selectBatchIds   : <==      Total: 3
16:42:01:102 DEBUG 24476 --- [http-nio-8081-exec-5] c.h.i.mapper.ItemMapper.selectBatchIds   : ==>  Preparing: SELECT id,name,price,stock,image,category,brand,spec,sold,comment_count,isAD,status,create_time,update_time,creater,updater FROM item WHERE id IN ( ? , ? , ? )
16:42:01:102 DEBUG 24476 --- [http-nio-8081-exec-5] c.h.i.mapper.ItemMapper.selectBatchIds   : ==> Parameters: 100000006163(Long), 100001511821(Long), 2120808(Long)
16:42:01:103 DEBUG 24476 --- [http-nio-8081-exec-5] c.h.i.mapper.ItemMapper.selectBatchIds   : <==      Total: 3
16:42:01:198 DEBUG 25524 --- [http-nio-8083-exec-6] c.h.i.mapper.ItemMapper.selectBatchIds   : ==>  Preparing: SELECT id,name,price,stock,image,category,brand,spec,sold,comment_count,isAD,status,create_time,update_time,creater,updater FROM item WHERE id IN ( ? , ? , ? )
16:42:01:198 DEBUG 25524 --- [http-nio-8083-exec-6] c.h.i.mapper.ItemMapper.selectBatchIds   : ==> Parameters: 100000006163(Long), 100001511821(Long), 2120808(Long)
16:42:01:199 DEBUG 25524 --- [http-nio-8083-exec-6] c.h.i.mapper.ItemMapper.selectBatchIds   : <==      Total: 3
16:42:01:297 DEBUG 24476 --- [http-nio-8081-exec-6] c.h.i.mapper.ItemMapper.selectBatchIds   : ==>  Preparing: SELECT id,name,price,stock,image,category,brand,spec,sold,comment_count,isAD,status,create_time,update_time,creater,updater FROM item WHERE id IN ( ? , ? , ? )
16:42:01:297 DEBUG 24476 --- [http-nio-8081-exec-6] c.h.i.mapper.ItemMapper.selectBatchIds   : ==> Parameters: 100000006163(Long), 100001511821(Long), 2120808(Long)
16:42:01:299 DEBUG 24476 --- [http-nio-8081-exec-6] c.h.i.mapper.ItemMapper.selectBatchIds   : <==      Total: 3
16:42:01:399 DEBUG 25524 --- [http-nio-8083-exec-5] c.h.i.mapper.ItemMapper.selectBatchIds   : ==>  Preparing: SELECT id,name,price,stock,image,category,brand,spec,sold,comment_count,isAD,status,create_time,update_time,creater,updater FROM item WHERE id IN ( ? , ? , ? )
16:42:01:399 DEBUG 25524 --- [http-nio-8083-exec-5] c.h.i.mapper.ItemMapper.selectBatchIds   : ==> Parameters: 100000006163(Long), 100001511821(Long), 2120808(Long)
16:42:01:400 DEBUG 25524 --- [http-nio-8083-exec-5] c.h.i.mapper.ItemMapper.selectBatchIds   : <==      Total: 3
16:42:01:497 DEBUG 24476 --- [http-nio-8081-exec-7] c.h.i.mapper.ItemMapper.selectBatchIds   : ==>  Preparing: SELECT id,name,price,stock,image,category,brand,spec,sold,comment_count,isAD,status,create_time,update_time,creater,updater FROM item WHERE id IN ( ? , ? , ? )
16:42:01:497 DEBUG 24476 --- [http-nio-8081-exec-7] c.h.i.mapper.ItemMapper.selectBatchIds   : ==> Parameters: 100000006163(Long), 100001511821(Long), 2120808(Long)
16:42:01:498 DEBUG 24476 --- [http-nio-8081-exec-7] c.h.i.mapper.ItemMapper.selectBatchIds   : <==      Total: 3
16:42:01:601 DEBUG 25524 --- [http-nio-8083-exec-9] c.h.i.mapper.ItemMapper.selectBatchIds   : ==>  Preparing: SELECT id,name,price,stock,image,category,brand,spec,sold,comment_count,isAD,status,create_time,update_time,creater,updater FROM item WHERE id IN ( ? , ? , ? )
16:42:01:601 DEBUG 25524 --- [http-nio-8083-exec-9] c.h.i.mapper.ItemMapper.selectBatchIds   : ==> Parameters: 100000006163(Long), 100001511821(Long), 2120808(Long)
16:42:01:601 DEBUG 25524 --- [http-nio-8083-exec-9] c.h.i.mapper.ItemMapper.selectBatchIds   : <==      Total: 3
16:42:02:097 DEBUG 24476 --- [http-nio-8081-exec-8] c.h.i.mapper.ItemMapper.selectBatchIds   : ==>  Preparing: SELECT id,name,price,stock,image,category,brand,spec,sold,comment_count,isAD,status,create_time,update_time,creater,updater FROM item WHERE id IN ( ? , ? , ? )
16:42:02:097 DEBUG 24476 --- [http-nio-8081-exec-8] c.h.i.mapper.ItemMapper.selectBatchIds   : ==> Parameters: 100000006163(Long), 100001511821(Long), 2120808(Long)
16:42:02:098 DEBUG 24476 --- [http-nio-8081-exec-8] c.h.i.mapper.ItemMapper.selectBatchIds   : <==      Total: 3
16:42:02:197 DEBUG 25524 --- [http-nio-8083-exec-8] c.h.i.mapper.ItemMapper.selectBatchIds   : ==>  Preparing: SELECT id,name,price,stock,image,category,brand,spec,sold,comment_count,isAD,status,create_time,update_time,creater,updater FROM item WHERE id IN ( ? , ? , ? )
16:42:02:197 DEBUG 25524 --- [http-nio-8083-exec-8] c.h.i.mapper.ItemMapper.selectBatchIds   : ==> Parameters: 100000006163(Long), 100001511821(Long), 2120808(Long)
16:42:02:198 DEBUG 25524 --- [http-nio-8083-exec-8] c.h.i.mapper.ItemMapper.selectBatchIds   : <==      Total: 3
16:42:02:297 DEBUG 24476 --- [http-nio-8081-exec-9] c.h.i.mapper.ItemMapper.selectBatchIds   : ==>  Preparing: SELECT id,name,price,stock,image,category,brand,spec,sold,comment_count,isAD,status,create_time,update_time,creater,updater FROM item WHERE id IN ( ? , ? , ? )
16:42:02:297 DEBUG 24476 --- [http-nio-8081-exec-9] c.h.i.mapper.ItemMapper.selectBatchIds   : ==> Parameters: 100000006163(Long), 100001511821(Long), 2120808(Long)
16:42:02:298 DEBUG 24476 --- [http-nio-8081-exec-9] c.h.i.mapper.ItemMapper.selectBatchIds   : <==      Total: 3
16:42:02:395 DEBUG 25524 --- [http-nio-8083-exec-7] c.h.i.mapper.ItemMapper.selectBatchIds   : ==>  Preparing: SELECT id,name,price,stock,image,category,brand,spec,sold,comment_count,isAD,status,create_time,update_time,creater,updater FROM item WHERE id IN ( ? , ? , ? )
16:42:02:395 DEBUG 25524 --- [http-nio-8083-exec-7] c.h.i.mapper.ItemMapper.selectBatchIds   : ==> Parameters: 100000006163(Long), 100001511821(Long), 2120808(Long)
16:42:02:397 DEBUG 25524 --- [http-nio-8083-exec-7] c.h.i.mapper.ItemMapper.selectBatchIds   : <==      Total: 3
16:42:02:497 DEBUG 24476 --- [http-nio-8081-exec-10] c.h.i.mapper.ItemMapper.selectBatchIds   : ==>  Preparing: SELECT id,name,price,stock,image,category,brand,spec,sold,comment_count,isAD,status,create_time,update_time,creater,updater FROM item WHERE id IN ( ? , ? , ? )
16:42:02:497 DEBUG 24476 --- [http-nio-8081-exec-10] c.h.i.mapper.ItemMapper.selectBatchIds   : ==> Parameters: 100000006163(Long), 100001511821(Long), 2120808(Long)
16:42:02:498 DEBUG 24476 --- [http-nio-8081-exec-10] c.h.i.mapper.ItemMapper.selectBatchIds   : <==      Total: 3
16:42:02:598 DEBUG 25524 --- [http-nio-8083-exec-10] c.h.i.mapper.ItemMapper.selectBatchIds   : ==>  Preparing: SELECT id,name,price,stock,image,category,brand,spec,sold,comment_count,isAD,status,create_time,update_time,creater,updater FROM item WHERE id IN ( ? , ? , ? )
16:42:02:598 DEBUG 25524 --- [http-nio-8083-exec-10] c.h.i.mapper.ItemMapper.selectBatchIds   : ==> Parameters: 100000006163(Long), 100001511821(Long), 2120808(Long)
16:42:02:599 DEBUG 25524 --- [http-nio-8083-exec-10] c.h.i.mapper.ItemMapper.selectBatchIds   : <==      Total: 3
16:42:03:098 DEBUG 24476 --- [http-nio-8081-exec-1] c.h.i.mapper.ItemMapper.selectBatchIds   : ==>  Preparing: SELECT id,name,price,stock,image,category,brand,spec,sold,comment_count,isAD,status,create_time,update_time,creater,updater FROM item WHERE id IN ( ? , ? , ? )
16:42:03:098 DEBUG 24476 --- [http-nio-8081-exec-1] c.h.i.mapper.ItemMapper.selectBatchIds   : ==> Parameters: 100000006163(Long), 100001511821(Long), 2120808(Long)
16:42:03:099 DEBUG 24476 --- [http-nio-8081-exec-1] c.h.i.mapper.ItemMapper.selectBatchIds   : <==      Total: 3
16:42:03:199 DEBUG 25524 --- [http-nio-8083-exec-1] c.h.i.mapper.ItemMapper.selectBatchIds   : ==>  Preparing: SELECT id,name,price,stock,image,category,brand,spec,sold,comment_count,isAD,status,create_time,update_time,creater,updater FROM item WHERE id IN ( ? , ? , ? )
16:42:03:199 DEBUG 25524 --- [http-nio-8083-exec-1] c.h.i.mapper.ItemMapper.selectBatchIds   : ==> Parameters: 100000006163(Long), 100001511821(Long), 2120808(Long)
16:42:03:200 DEBUG 25524 --- [http-nio-8083-exec-1] c.h.i.mapper.ItemMapper.selectBatchIds   : <==      Total: 3
16:42:03:298 DEBUG 24476 --- [http-nio-8081-exec-2] c.h.i.mapper.ItemMapper.selectBatchIds   : ==>  Preparing: SELECT id,name,price,stock,image,category,brand,spec,sold,comment_count,isAD,status,create_time,update_time,creater,updater FROM item WHERE id IN ( ? , ? , ? )
16:42:03:298 DEBUG 24476 --- [http-nio-8081-exec-2] c.h.i.mapper.ItemMapper.selectBatchIds   : ==> Parameters: 100000006163(Long), 100001511821(Long), 2120808(Long)
16:42:03:300 DEBUG 24476 --- [http-nio-8081-exec-2] c.h.i.mapper.ItemMapper.selectBatchIds   : <==      Total: 3
16:42:03:396 DEBUG 25524 --- [http-nio-8083-exec-2] c.h.i.mapper.ItemMapper.selectBatchIds   : ==>  Preparing: SELECT id,name,price,stock,image,category,brand,spec,sold,comment_count,isAD,status,create_time,update_time,creater,updater FROM item WHERE id IN ( ? , ? , ? )
16:42:03:396 DEBUG 25524 --- [http-nio-8083-exec-2] c.h.i.mapper.ItemMapper.selectBatchIds   : ==> Parameters: 100000006163(Long), 100001511821(Long), 2120808(Long)
16:42:03:397 DEBUG 25524 --- [http-nio-8083-exec-2] c.h.i.mapper.ItemMapper.selectBatchIds   : <==      Total: 3
16:42:03:498 DEBUG 24476 --- [http-nio-8081-exec-3] c.h.i.mapper.ItemMapper.selectBatchIds   : ==>  Preparing: SELECT id,name,price,stock,image,category,brand,spec,sold,comment_count,isAD,status,create_time,update_time,creater,updater FROM item WHERE id IN ( ? , ? , ? )
16:42:03:498 DEBUG 24476 --- [http-nio-8081-exec-3] c.h.i.mapper.ItemMapper.selectBatchIds   : ==> Parameters: 100000006163(Long), 100001511821(Long), 2120808(Long)
16:42:03:499 DEBUG 24476 --- [http-nio-8081-exec-3] c.h.i.mapper.ItemMapper.selectBatchIds   : <==      Total: 3
16:42:03:597 DEBUG 25524 --- [http-nio-8083-exec-3] c.h.i.mapper.ItemMapper.selectBatchIds   : ==>  Preparing: SELECT id,name,price,stock,image,category,brand,spec,sold,comment_count,isAD,status,create_time,update_time,creater,updater FROM item WHERE id IN ( ? , ? , ? )
16:42:03:598 DEBUG 25524 --- [http-nio-8083-exec-3] c.h.i.mapper.ItemMapper.selectBatchIds   : ==> Parameters: 100000006163(Long), 100001511821(Long), 2120808(Long)
16:42:03:599 DEBUG 25524 --- [http-nio-8083-exec-3] c.h.i.mapper.ItemMapper.selectBatchIds   : <==      Total: 3
16:42:04:098 DEBUG 24476 --- [http-nio-8081-exec-4] c.h.i.mapper.ItemMapper.selectBatchIds   : ==>  Preparing: SELECT id,name,price,stock,image,category,brand,spec,sold,comment_count,isAD,status,create_time,update_time,creater,updater FROM item WHERE id IN ( ? , ? , ? )
16:42:04:098 DEBUG 24476 --- [http-nio-8081-exec-4] c.h.i.mapper.ItemMapper.selectBatchIds   : ==> Parameters: 100000006163(Long), 100001511821(Long), 2120808(Long)
16:42:04:099 DEBUG 24476 --- [http-nio-8081-exec-4] c.h.i.mapper.ItemMapper.selectBatchIds   : <==      Total: 3
16:42:04:203 DEBUG 25524 --- [http-nio-8083-exec-4] c.h.i.mapper.ItemMapper.selectBatchIds   : ==>  Preparing: SELECT id,name,price,stock,image,category,brand,spec,sold,comment_count,isAD,status,create_time,update_time,creater,updater FROM item WHERE id IN ( ? , ? , ? )
16:42:04:203 DEBUG 25524 --- [http-nio-8083-exec-4] c.h.i.mapper.ItemMapper.selectBatchIds   : ==> Parameters: 100000006163(Long), 100001511821(Long), 2120808(Long)
16:42:04:204 DEBUG 25524 --- [http-nio-8083-exec-4] c.h.i.mapper.ItemMapper.selectBatchIds   : <==      Total: 3
16:42:04:298 DEBUG 24476 --- [http-nio-8081-exec-5] c.h.i.mapper.ItemMapper.selectBatchIds   : ==>  Preparing: SELECT id,name,price,stock,image,category,brand,spec,sold,comment_count,isAD,status,create_time,update_time,creater,updater FROM item WHERE id IN ( ? , ? , ? )
16:42:04:299 DEBUG 24476 --- [http-nio-8081-exec-5] c.h.i.mapper.ItemMapper.selectBatchIds   : ==> Parameters: 100000006163(Long), 100001511821(Long), 2120808(Long)
16:42:04:301 DEBUG 24476 --- [http-nio-8081-exec-5] c.h.i.mapper.ItemMapper.selectBatchIds   : <==      Total: 3
16:42:04:408 DEBUG 25524 --- [http-nio-8083-exec-6] c.h.i.mapper.ItemMapper.selectBatchIds   : ==>  Preparing: SELECT id,name,price,stock,image,category,brand,spec,sold,comment_count,isAD,status,create_time,update_time,creater,updater FROM item WHERE id IN ( ? , ? , ? )
16:42:04:408 DEBUG 25524 --- [http-nio-8083-exec-6] c.h.i.mapper.ItemMapper.selectBatchIds   : ==> Parameters: 100000006163(Long), 100001511821(Long), 2120808(Long)
16:42:04:410 DEBUG 25524 --- [http-nio-8083-exec-6] c.h.i.mapper.ItemMapper.selectBatchIds   : <==      Total: 3
16:42:04:503 DEBUG 24476 --- [http-nio-8081-exec-6] c.h.i.mapper.ItemMapper.selectBatchIds   : ==>  Preparing: SELECT id,name,price,stock,image,category,brand,spec,sold,comment_count,isAD,status,create_time,update_time,creater,updater FROM item WHERE id IN ( ? , ? , ? )
16:42:04:503 DEBUG 24476 --- [http-nio-8081-exec-6] c.h.i.mapper.ItemMapper.selectBatchIds   : ==> Parameters: 100000006163(Long), 100001511821(Long), 2120808(Long)
16:42:04:504 DEBUG 24476 --- [http-nio-8081-exec-6] c.h.i.mapper.ItemMapper.selectBatchIds   : <==      Total: 3
16:42:04:597 DEBUG 25524 --- [http-nio-8083-exec-5] c.h.i.mapper.ItemMapper.selectBatchIds   : ==>  Preparing: SELECT id,name,price,stock,image,category,brand,spec,sold,comment_count,isAD,status,create_time,update_time,creater,updater FROM item WHERE id IN ( ? , ? , ? )
16:42:04:597 DEBUG 25524 --- [http-nio-8083-exec-5] c.h.i.mapper.ItemMapper.selectBatchIds   : ==> Parameters: 100000006163(Long), 100001511821(Long), 2120808(Long)
16:42:04:598 DEBUG 25524 --- [http-nio-8083-exec-5] c.h.i.mapper.ItemMapper.selectBatchIds   : <==      Total: 3
16:42:05:097 DEBUG 24476 --- [http-nio-8081-exec-7] c.h.i.mapper.ItemMapper.selectBatchIds   : ==>  Preparing: SELECT id,name,price,stock,image,category,brand,spec,sold,comment_count,isAD,status,create_time,update_time,creater,updater FROM item WHERE id IN ( ? , ? , ? )
16:42:05:097 DEBUG 24476 --- [http-nio-8081-exec-7] c.h.i.mapper.ItemMapper.selectBatchIds   : ==> Parameters: 100000006163(Long), 100001511821(Long), 2120808(Long)
16:42:05:099 DEBUG 24476 --- [http-nio-8081-exec-7] c.h.i.mapper.ItemMapper.selectBatchIds   : <==      Total: 3
16:42:05:199 DEBUG 25524 --- [http-nio-8083-exec-9] c.h.i.mapper.ItemMapper.selectBatchIds   : ==>  Preparing: SELECT id,name,price,stock,image,category,brand,spec,sold,comment_count,isAD,status,create_time,update_time,creater,updater FROM item WHERE id IN ( ? , ? , ? )
16:42:05:199 DEBUG 25524 --- [http-nio-8083-exec-9] c.h.i.mapper.ItemMapper.selectBatchIds   : ==> Parameters: 100000006163(Long), 100001511821(Long), 2120808(Long)
16:42:05:200 DEBUG 25524 --- [http-nio-8083-exec-9] c.h.i.mapper.ItemMapper.selectBatchIds   : <==      Total: 3
16:42:05:297 DEBUG 24476 --- [http-nio-8081-exec-8] c.h.i.mapper.ItemMapper.selectBatchIds   : ==>  Preparing: SELECT id,name,price,stock,image,category,brand,spec,sold,comment_count,isAD,status,create_time,update_time,creater,updater FROM item WHERE id IN ( ? , ? , ? )
16:42:05:297 DEBUG 24476 --- [http-nio-8081-exec-8] c.h.i.mapper.ItemMapper.selectBatchIds   : ==> Parameters: 100000006163(Long), 100001511821(Long), 2120808(Long)
16:42:05:300 DEBUG 24476 --- [http-nio-8081-exec-8] c.h.i.mapper.ItemMapper.selectBatchIds   : <==      Total: 3
16:42:05:400 DEBUG 25524 --- [http-nio-8083-exec-8] c.h.i.mapper.ItemMapper.selectBatchIds   : ==>  Preparing: SELECT id,name,price,stock,image,category,brand,spec,sold,comment_count,isAD,status,create_time,update_time,creater,updater FROM item WHERE id IN ( ? , ? , ? )
16:42:05:400 DEBUG 25524 --- [http-nio-8083-exec-8] c.h.i.mapper.ItemMapper.selectBatchIds   : ==> Parameters: 100000006163(Long), 100001511821(Long), 2120808(Long)
16:42:05:401 DEBUG 25524 --- [http-nio-8083-exec-8] c.h.i.mapper.ItemMapper.selectBatchIds   : <==      Total: 3
16:42:05:500 DEBUG 24476 --- [http-nio-8081-exec-9] c.h.i.mapper.ItemMapper.selectBatchIds   : ==>  Preparing: SELECT id,name,price,stock,image,category,brand,spec,sold,comment_count,isAD,status,create_time,update_time,creater,updater FROM item WHERE id IN ( ? , ? , ? )
16:42:05:500 DEBUG 24476 --- [http-nio-8081-exec-9] c.h.i.mapper.ItemMapper.selectBatchIds   : ==> Parameters: 100000006163(Long), 100001511821(Long), 2120808(Long)
16:42:05:502 DEBUG 24476 --- [http-nio-8081-exec-9] c.h.i.mapper.ItemMapper.selectBatchIds   : <==      Total: 3
16:42:05:598 DEBUG 25524 --- [http-nio-8083-exec-7] c.h.i.mapper.ItemMapper.selectBatchIds   : ==>  Preparing: SELECT id,name,price,stock,image,category,brand,spec,sold,comment_count,isAD,status,create_time,update_time,creater,updater FROM item WHERE id IN ( ? , ? , ? )
16:42:05:599 DEBUG 25524 --- [http-nio-8083-exec-7] c.h.i.mapper.ItemMapper.selectBatchIds   : ==> Parameters: 100000006163(Long), 100001511821(Long), 2120808(Long)
16:42:05:600 DEBUG 25524 --- [http-nio-8083-exec-7] c.h.i.mapper.ItemMapper.selectBatchIds   : <==      Total: 3
16:42:06:097 DEBUG 24476 --- [http-nio-8081-exec-10] c.h.i.mapper.ItemMapper.selectBatchIds   : ==>  Preparing: SELECT id,name,price,stock,image,category,brand,spec,sold,comment_count,isAD,status,create_time,update_time,creater,updater FROM item WHERE id IN ( ? , ? , ? )
16:42:06:097 DEBUG 24476 --- [http-nio-8081-exec-10] c.h.i.mapper.ItemMapper.selectBatchIds   : ==> Parameters: 100000006163(Long), 100001511821(Long), 2120808(Long)
16:42:06:097 DEBUG 24476 --- [http-nio-8081-exec-10] c.h.i.mapper.ItemMapper.selectBatchIds   : <==      Total: 3
16:42:06:197 DEBUG 25524 --- [http-nio-8083-exec-10] c.h.i.mapper.ItemMapper.selectBatchIds   : ==>  Preparing: SELECT id,name,price,stock,image,category,brand,spec,sold,comment_count,isAD,status,create_time,update_time,creater,updater FROM item WHERE id IN ( ? , ? , ? )
16:42:06:199 DEBUG 25524 --- [http-nio-8083-exec-10] c.h.i.mapper.ItemMapper.selectBatchIds   : ==> Parameters: 100000006163(Long), 100001511821(Long), 2120808(Long)
16:42:06:200 DEBUG 25524 --- [http-nio-8083-exec-10] c.h.i.mapper.ItemMapper.selectBatchIds   : <==      Total: 3
16:42:06:298 DEBUG 24476 --- [http-nio-8081-exec-1] c.h.i.mapper.ItemMapper.selectBatchIds   : ==>  Preparing: SELECT id,name,price,stock,image,category,brand,spec,sold,comment_count,isAD,status,create_time,update_time,creater,updater FROM item WHERE id IN ( ? , ? , ? )
16:42:06:299 DEBUG 24476 --- [http-nio-8081-exec-1] c.h.i.mapper.ItemMapper.selectBatchIds   : ==> Parameters: 100000006163(Long), 100001511821(Long), 2120808(Long)
16:42:06:301 DEBUG 24476 --- [http-nio-8081-exec-1] c.h.i.mapper.ItemMapper.selectBatchIds   : <==      Total: 3
16:42:06:400 DEBUG 25524 --- [http-nio-8083-exec-1] c.h.i.mapper.ItemMapper.selectBatchIds   : ==>  Preparing: SELECT id,name,price,stock,image,category,brand,spec,sold,comment_count,isAD,status,create_time,update_time,creater,updater FROM item WHERE id IN ( ? , ? , ? )
16:42:06:400 DEBUG 25524 --- [http-nio-8083-exec-1] c.h.i.mapper.ItemMapper.selectBatchIds   : ==> Parameters: 100000006163(Long), 100001511821(Long), 2120808(Long)
16:42:06:402 DEBUG 25524 --- [http-nio-8083-exec-1] c.h.i.mapper.ItemMapper.selectBatchIds   : <==      Total: 3
16:42:06:496 DEBUG 24476 --- [http-nio-8081-exec-2] c.h.i.mapper.ItemMapper.selectBatchIds   : ==>  Preparing: SELECT id,name,price,stock,image,category,brand,spec,sold,comment_count,isAD,status,create_time,update_time,creater,updater FROM item WHERE id IN ( ? , ? , ? )
16:42:06:497 DEBUG 24476 --- [http-nio-8081-exec-2] c.h.i.mapper.ItemMapper.selectBatchIds   : ==> Parameters: 100000006163(Long), 100001511821(Long), 2120808(Long)
16:42:06:498 DEBUG 24476 --- [http-nio-8081-exec-2] c.h.i.mapper.ItemMapper.selectBatchIds   : <==      Total: 3
16:42:06:597 DEBUG 25524 --- [http-nio-8083-exec-2] c.h.i.mapper.ItemMapper.selectBatchIds   : ==>  Preparing: SELECT id,name,price,stock,image,category,brand,spec,sold,comment_count,isAD,status,create_time,update_time,creater,updater FROM item WHERE id IN ( ? , ? , ? )
16:42:06:597 DEBUG 25524 --- [http-nio-8083-exec-2] c.h.i.mapper.ItemMapper.selectBatchIds   : ==> Parameters: 100000006163(Long), 100001511821(Long), 2120808(Long)
16:42:06:598 DEBUG 25524 --- [http-nio-8083-exec-2] c.h.i.mapper.ItemMapper.selectBatchIds   : <==      Total: 3
16:42:07:097 DEBUG 24476 --- [http-nio-8081-exec-3] c.h.i.mapper.ItemMapper.selectBatchIds   : ==>  Preparing: SELECT id,name,price,stock,image,category,brand,spec,sold,comment_count,isAD,status,create_time,update_time,creater,updater FROM item WHERE id IN ( ? , ? , ? )
16:42:07:097 DEBUG 24476 --- [http-nio-8081-exec-3] c.h.i.mapper.ItemMapper.selectBatchIds   : ==> Parameters: 100000006163(Long), 100001511821(Long), 2120808(Long)
16:42:07:097 DEBUG 24476 --- [http-nio-8081-exec-3] c.h.i.mapper.ItemMapper.selectBatchIds   : <==      Total: 3
16:42:07:197 DEBUG 25524 --- [http-nio-8083-exec-3] c.h.i.mapper.ItemMapper.selectBatchIds   : ==>  Preparing: SELECT id,name,price,stock,image,category,brand,spec,sold,comment_count,isAD,status,create_time,update_time,creater,updater FROM item WHERE id IN ( ? , ? , ? )
16:42:07:197 DEBUG 25524 --- [http-nio-8083-exec-3] c.h.i.mapper.ItemMapper.selectBatchIds   : ==> Parameters: 100000006163(Long), 100001511821(Long), 2120808(Long)
16:42:07:199 DEBUG 25524 --- [http-nio-8083-exec-3] c.h.i.mapper.ItemMapper.selectBatchIds   : <==      Total: 3
16:42:07:297 DEBUG 24476 --- [http-nio-8081-exec-4] c.h.i.mapper.ItemMapper.selectBatchIds   : ==>  Preparing: SELECT id,name,price,stock,image,category,brand,spec,sold,comment_count,isAD,status,create_time,update_time,creater,updater FROM item WHERE id IN ( ? , ? , ? )
16:42:07:297 DEBUG 24476 --- [http-nio-8081-exec-4] c.h.i.mapper.ItemMapper.selectBatchIds   : ==> Parameters: 100000006163(Long), 100001511821(Long), 2120808(Long)
16:42:07:298 DEBUG 24476 --- [http-nio-8081-exec-4] c.h.i.mapper.ItemMapper.selectBatchIds   : <==      Total: 3
16:42:07:395 DEBUG 25524 --- [http-nio-8083-exec-4] c.h.i.mapper.ItemMapper.selectBatchIds   : ==>  Preparing: SELECT id,name,price,stock,image,category,brand,spec,sold,comment_count,isAD,status,create_time,update_time,creater,updater FROM item WHERE id IN ( ? , ? , ? )
16:42:07:395 DEBUG 25524 --- [http-nio-8083-exec-4] c.h.i.mapper.ItemMapper.selectBatchIds   : ==> Parameters: 100000006163(Long), 100001511821(Long), 2120808(Long)
16:42:07:396 DEBUG 25524 --- [http-nio-8083-exec-4] c.h.i.mapper.ItemMapper.selectBatchIds   : <==      Total: 3
16:42:07:497 DEBUG 24476 --- [http-nio-8081-exec-5] c.h.i.mapper.ItemMapper.selectBatchIds   : ==>  Preparing: SELECT id,name,price,stock,image,category,brand,spec,sold,comment_count,isAD,status,create_time,update_time,creater,updater FROM item WHERE id IN ( ? , ? , ? )
16:42:07:497 DEBUG 24476 --- [http-nio-8081-exec-5] c.h.i.mapper.ItemMapper.selectBatchIds   : ==> Parameters: 100000006163(Long), 100001511821(Long), 2120808(Long)
16:42:07:499 DEBUG 24476 --- [http-nio-8081-exec-5] c.h.i.mapper.ItemMapper.selectBatchIds   : <==      Total: 3
16:42:07:597 DEBUG 25524 --- [http-nio-8083-exec-6] c.h.i.mapper.ItemMapper.selectBatchIds   : ==>  Preparing: SELECT id,name,price,stock,image,category,brand,spec,sold,comment_count,isAD,status,create_time,update_time,creater,updater FROM item WHERE id IN ( ? , ? , ? )
16:42:07:597 DEBUG 25524 --- [http-nio-8083-exec-6] c.h.i.mapper.ItemMapper.selectBatchIds   : ==> Parameters: 100000006163(Long), 100001511821(Long), 2120808(Long)
16:42:07:598 DEBUG 25524 --- [http-nio-8083-exec-6] c.h.i.mapper.ItemMapper.selectBatchIds   : <==      Total: 3
16:42:08:095 DEBUG 24476 --- [http-nio-8081-exec-6] c.h.i.mapper.ItemMapper.selectBatchIds   : ==>  Preparing: SELECT id,name,price,stock,image,category,brand,spec,sold,comment_count,isAD,status,create_time,update_time,creater,updater FROM item WHERE id IN ( ? , ? , ? )
16:42:08:095 DEBUG 24476 --- [http-nio-8081-exec-6] c.h.i.mapper.ItemMapper.selectBatchIds   : ==> Parameters: 100000006163(Long), 100001511821(Long), 2120808(Long)
16:42:08:096 DEBUG 24476 --- [http-nio-8081-exec-6] c.h.i.mapper.ItemMapper.selectBatchIds   : <==      Total: 3
16:42:08:197 DEBUG 25524 --- [http-nio-8083-exec-5] c.h.i.mapper.ItemMapper.selectBatchIds   : ==>  Preparing: SELECT id,name,price,stock,image,category,brand,spec,sold,comment_count,isAD,status,create_time,update_time,creater,updater FROM item WHERE id IN ( ? , ? , ? )
16:42:08:197 DEBUG 25524 --- [http-nio-8083-exec-5] c.h.i.mapper.ItemMapper.selectBatchIds   : ==> Parameters: 100000006163(Long), 100001511821(Long), 2120808(Long)
16:42:08:198 DEBUG 25524 --- [http-nio-8083-exec-5] c.h.i.mapper.ItemMapper.selectBatchIds   : <==      Total: 3
16:42:08:295 DEBUG 24476 --- [http-nio-8081-exec-7] c.h.i.mapper.ItemMapper.selectBatchIds   : ==>  Preparing: SELECT id,name,price,stock,image,category,brand,spec,sold,comment_count,isAD,status,create_time,update_time,creater,updater FROM item WHERE id IN ( ? , ? , ? )
16:42:08:296 DEBUG 24476 --- [http-nio-8081-exec-7] c.h.i.mapper.ItemMapper.selectBatchIds   : ==> Parameters: 100000006163(Long), 100001511821(Long), 2120808(Long)
16:42:08:297 DEBUG 24476 --- [http-nio-8081-exec-7] c.h.i.mapper.ItemMapper.selectBatchIds   : <==      Total: 3
16:42:08:398 DEBUG 25524 --- [http-nio-8083-exec-9] c.h.i.mapper.ItemMapper.selectBatchIds   : ==>  Preparing: SELECT id,name,price,stock,image,category,brand,spec,sold,comment_count,isAD,status,create_time,update_time,creater,updater FROM item WHERE id IN ( ? , ? , ? )
16:42:08:398 DEBUG 25524 --- [http-nio-8083-exec-9] c.h.i.mapper.ItemMapper.selectBatchIds   : ==> Parameters: 100000006163(Long), 100001511821(Long), 2120808(Long)
16:42:08:400 DEBUG 25524 --- [http-nio-8083-exec-9] c.h.i.mapper.ItemMapper.selectBatchIds   : <==      Total: 3
16:42:08:495 DEBUG 24476 --- [http-nio-8081-exec-8] c.h.i.mapper.ItemMapper.selectBatchIds   : ==>  Preparing: SELECT id,name,price,stock,image,category,brand,spec,sold,comment_count,isAD,status,create_time,update_time,creater,updater FROM item WHERE id IN ( ? , ? , ? )
16:42:08:495 DEBUG 24476 --- [http-nio-8081-exec-8] c.h.i.mapper.ItemMapper.selectBatchIds   : ==> Parameters: 100000006163(Long), 100001511821(Long), 2120808(Long)
16:42:08:497 DEBUG 24476 --- [http-nio-8081-exec-8] c.h.i.mapper.ItemMapper.selectBatchIds   : <==      Total: 3
16:42:08:597 DEBUG 25524 --- [http-nio-8083-exec-8] c.h.i.mapper.ItemMapper.selectBatchIds   : ==>  Preparing: SELECT id,name,price,stock,image,category,brand,spec,sold,comment_count,isAD,status,create_time,update_time,creater,updater FROM item WHERE id IN ( ? , ? , ? )
16:42:08:597 DEBUG 25524 --- [http-nio-8083-exec-8] c.h.i.mapper.ItemMapper.selectBatchIds   : ==> Parameters: 100000006163(Long), 100001511821(Long), 2120808(Long)
16:42:08:599 DEBUG 25524 --- [http-nio-8083-exec-8] c.h.i.mapper.ItemMapper.selectBatchIds   : <==      Total: 3
16:42:09:097 DEBUG 24476 --- [http-nio-8081-exec-9] c.h.i.mapper.ItemMapper.selectBatchIds   : ==>  Preparing: SELECT id,name,price,stock,image,category,brand,spec,sold,comment_count,isAD,status,create_time,update_time,creater,updater FROM item WHERE id IN ( ? , ? , ? )
16:42:09:097 DEBUG 24476 --- [http-nio-8081-exec-9] c.h.i.mapper.ItemMapper.selectBatchIds   : ==> Parameters: 100000006163(Long), 100001511821(Long), 2120808(Long)
16:42:09:098 DEBUG 24476 --- [http-nio-8081-exec-9] c.h.i.mapper.ItemMapper.selectBatchIds   : <==      Total: 3
16:42:09:196 DEBUG 25524 --- [http-nio-8083-exec-7] c.h.i.mapper.ItemMapper.selectBatchIds   : ==>  Preparing: SELECT id,name,price,stock,image,category,brand,spec,sold,comment_count,isAD,status,create_time,update_time,creater,updater FROM item WHERE id IN ( ? , ? , ? )
16:42:09:196 DEBUG 25524 --- [http-nio-8083-exec-7] c.h.i.mapper.ItemMapper.selectBatchIds   : ==> Parameters: 100000006163(Long), 100001511821(Long), 2120808(Long)
16:42:09:197 DEBUG 25524 --- [http-nio-8083-exec-7] c.h.i.mapper.ItemMapper.selectBatchIds   : <==      Total: 3
16:42:09:295 DEBUG 24476 --- [http-nio-8081-exec-10] c.h.i.mapper.ItemMapper.selectBatchIds   : ==>  Preparing: SELECT id,name,price,stock,image,category,brand,spec,sold,comment_count,isAD,status,create_time,update_time,creater,updater FROM item WHERE id IN ( ? , ? , ? )
16:42:09:295 DEBUG 24476 --- [http-nio-8081-exec-10] c.h.i.mapper.ItemMapper.selectBatchIds   : ==> Parameters: 100000006163(Long), 100001511821(Long), 2120808(Long)
16:42:09:296 DEBUG 24476 --- [http-nio-8081-exec-10] c.h.i.mapper.ItemMapper.selectBatchIds   : <==      Total: 3
16:42:09:398 DEBUG 25524 --- [http-nio-8083-exec-10] c.h.i.mapper.ItemMapper.selectBatchIds   : ==>  Preparing: SELECT id,name,price,stock,image,category,brand,spec,sold,comment_count,isAD,status,create_time,update_time,creater,updater FROM item WHERE id IN ( ? , ? , ? )
16:42:09:398 DEBUG 25524 --- [http-nio-8083-exec-10] c.h.i.mapper.ItemMapper.selectBatchIds   : ==> Parameters: 100000006163(Long), 100001511821(Long), 2120808(Long)
16:42:09:400 DEBUG 25524 --- [http-nio-8083-exec-10] c.h.i.mapper.ItemMapper.selectBatchIds   : <==      Total: 3
16:42:09:495 DEBUG 24476 --- [http-nio-8081-exec-1] c.h.i.mapper.ItemMapper.selectBatchIds   : ==>  Preparing: SELECT id,name,price,stock,image,category,brand,spec,sold,comment_count,isAD,status,create_time,update_time,creater,updater FROM item WHERE id IN ( ? , ? , ? )
16:42:09:495 DEBUG 24476 --- [http-nio-8081-exec-1] c.h.i.mapper.ItemMapper.selectBatchIds   : ==> Parameters: 100000006163(Long), 100001511821(Long), 2120808(Long)
16:42:09:496 DEBUG 24476 --- [http-nio-8081-exec-1] c.h.i.mapper.ItemMapper.selectBatchIds   : <==      Total: 3
16:42:09:596 DEBUG 25524 --- [http-nio-8083-exec-1] c.h.i.mapper.ItemMapper.selectBatchIds   : ==>  Preparing: SELECT id,name,price,stock,image,category,brand,spec,sold,comment_count,isAD,status,create_time,update_time,creater,updater FROM item WHERE id IN ( ? , ? , ? )
16:42:09:596 DEBUG 25524 --- [http-nio-8083-exec-1] c.h.i.mapper.ItemMapper.selectBatchIds   : ==> Parameters: 100000006163(Long), 100001511821(Long), 2120808(Long)
16:42:09:598 DEBUG 25524 --- [http-nio-8083-exec-1] c.h.i.mapper.ItemMapper.selectBatchIds   : <==      Total: 3
16:42:10:095 DEBUG 24476 --- [http-nio-8081-exec-2] c.h.i.mapper.ItemMapper.selectBatchIds   : ==>  Preparing: SELECT id,name,price,stock,image,category,brand,spec,sold,comment_count,isAD,status,create_time,update_time,creater,updater FROM item WHERE id IN ( ? , ? , ? )
16:42:10:095 DEBUG 24476 --- [http-nio-8081-exec-2] c.h.i.mapper.ItemMapper.selectBatchIds   : ==> Parameters: 100000006163(Long), 100001511821(Long), 2120808(Long)
16:42:10:096 DEBUG 24476 --- [http-nio-8081-exec-2] c.h.i.mapper.ItemMapper.selectBatchIds   : <==      Total: 3
16:42:10:196 DEBUG 25524 --- [http-nio-8083-exec-2] c.h.i.mapper.ItemMapper.selectBatchIds   : ==>  Preparing: SELECT id,name,price,stock,image,category,brand,spec,sold,comment_count,isAD,status,create_time,update_time,creater,updater FROM item WHERE id IN ( ? , ? , ? )
16:42:10:196 DEBUG 25524 --- [http-nio-8083-exec-2] c.h.i.mapper.ItemMapper.selectBatchIds   : ==> Parameters: 100000006163(Long), 100001511821(Long), 2120808(Long)
16:42:10:199 DEBUG 25524 --- [http-nio-8083-exec-2] c.h.i.mapper.ItemMapper.selectBatchIds   : <==      Total: 3
16:42:10:294 DEBUG 24476 --- [http-nio-8081-exec-3] c.h.i.mapper.ItemMapper.selectBatchIds   : ==>  Preparing: SELECT id,name,price,stock,image,category,brand,spec,sold,comment_count,isAD,status,create_time,update_time,creater,updater FROM item WHERE id IN ( ? , ? , ? )
16:42:10:294 DEBUG 24476 --- [http-nio-8081-exec-3] c.h.i.mapper.ItemMapper.selectBatchIds   : ==> Parameters: 100000006163(Long), 100001511821(Long), 2120808(Long)
16:42:10:296 DEBUG 24476 --- [http-nio-8081-exec-3] c.h.i.mapper.ItemMapper.selectBatchIds   : <==      Total: 3
16:42:10:395 DEBUG 25524 --- [http-nio-8083-exec-3] c.h.i.mapper.ItemMapper.selectBatchIds   : ==>  Preparing: SELECT id,name,price,stock,image,category,brand,spec,sold,comment_count,isAD,status,create_time,update_time,creater,updater FROM item WHERE id IN ( ? , ? , ? )
16:42:10:396 DEBUG 25524 --- [http-nio-8083-exec-3] c.h.i.mapper.ItemMapper.selectBatchIds   : ==> Parameters: 100000006163(Long), 100001511821(Long), 2120808(Long)
16:42:10:398 DEBUG 25524 --- [http-nio-8083-exec-3] c.h.i.mapper.ItemMapper.selectBatchIds   : <==      Total: 3
16:42:10:496 DEBUG 24476 --- [http-nio-8081-exec-4] c.h.i.mapper.ItemMapper.selectBatchIds   : ==>  Preparing: SELECT id,name,price,stock,image,category,brand,spec,sold,comment_count,isAD,status,create_time,update_time,creater,updater FROM item WHERE id IN ( ? , ? , ? )
16:42:10:496 DEBUG 24476 --- [http-nio-8081-exec-4] c.h.i.mapper.ItemMapper.selectBatchIds   : ==> Parameters: 100000006163(Long), 100001511821(Long), 2120808(Long)
16:42:10:496 DEBUG 24476 --- [http-nio-8081-exec-4] c.h.i.mapper.ItemMapper.selectBatchIds   : <==      Total: 3
16:42:10:597 DEBUG 25524 --- [http-nio-8083-exec-4] c.h.i.mapper.ItemMapper.selectBatchIds   : ==>  Preparing: SELECT id,name,price,stock,image,category,brand,spec,sold,comment_count,isAD,status,create_time,update_time,creater,updater FROM item WHERE id IN ( ? , ? , ? )
16:42:10:597 DEBUG 25524 --- [http-nio-8083-exec-4] c.h.i.mapper.ItemMapper.selectBatchIds   : ==> Parameters: 100000006163(Long), 100001511821(Long), 2120808(Long)
16:42:10:598 DEBUG 25524 --- [http-nio-8083-exec-4] c.h.i.mapper.ItemMapper.selectBatchIds   : <==      Total: 3
16:42:11:094 DEBUG 24476 --- [http-nio-8081-exec-5] c.h.i.mapper.ItemMapper.selectBatchIds   : ==>  Preparing: SELECT id,name,price,stock,image,category,brand,spec,sold,comment_count,isAD,status,create_time,update_time,creater,updater FROM item WHERE id IN ( ? , ? , ? )
16:42:11:094 DEBUG 24476 --- [http-nio-8081-exec-5] c.h.i.mapper.ItemMapper.selectBatchIds   : ==> Parameters: 100000006163(Long), 100001511821(Long), 2120808(Long)
16:42:11:095 DEBUG 24476 --- [http-nio-8081-exec-5] c.h.i.mapper.ItemMapper.selectBatchIds   : <==      Total: 3
16:42:11:195 DEBUG 25524 --- [http-nio-8083-exec-6] c.h.i.mapper.ItemMapper.selectBatchIds   : ==>  Preparing: SELECT id,name,price,stock,image,category,brand,spec,sold,comment_count,isAD,status,create_time,update_time,creater,updater FROM item WHERE id IN ( ? , ? , ? )
16:42:11:195 DEBUG 25524 --- [http-nio-8083-exec-6] c.h.i.mapper.ItemMapper.selectBatchIds   : ==> Parameters: 100000006163(Long), 100001511821(Long), 2120808(Long)
16:42:11:196 DEBUG 25524 --- [http-nio-8083-exec-6] c.h.i.mapper.ItemMapper.selectBatchIds   : <==      Total: 3
16:42:11:300 DEBUG 24476 --- [http-nio-8081-exec-6] c.h.i.mapper.ItemMapper.selectBatchIds   : ==>  Preparing: SELECT id,name,price,stock,image,category,brand,spec,sold,comment_count,isAD,status,create_time,update_time,creater,updater FROM item WHERE id IN ( ? , ? , ? )
16:42:11:300 DEBUG 24476 --- [http-nio-8081-exec-6] c.h.i.mapper.ItemMapper.selectBatchIds   : ==> Parameters: 100000006163(Long), 100001511821(Long), 2120808(Long)
16:42:11:302 DEBUG 24476 --- [http-nio-8081-exec-6] c.h.i.mapper.ItemMapper.selectBatchIds   : <==      Total: 3
16:42:11:399 DEBUG 25524 --- [http-nio-8083-exec-5] c.h.i.mapper.ItemMapper.selectBatchIds   : ==>  Preparing: SELECT id,name,price,stock,image,category,brand,spec,sold,comment_count,isAD,status,create_time,update_time,creater,updater FROM item WHERE id IN ( ? , ? , ? )
16:42:11:400 DEBUG 25524 --- [http-nio-8083-exec-5] c.h.i.mapper.ItemMapper.selectBatchIds   : ==> Parameters: 100000006163(Long), 100001511821(Long), 2120808(Long)
16:42:11:401 DEBUG 25524 --- [http-nio-8083-exec-5] c.h.i.mapper.ItemMapper.selectBatchIds   : <==      Total: 3
16:42:11:498 DEBUG 24476 --- [http-nio-8081-exec-7] c.h.i.mapper.ItemMapper.selectBatchIds   : ==>  Preparing: SELECT id,name,price,stock,image,category,brand,spec,sold,comment_count,isAD,status,create_time,update_time,creater,updater FROM item WHERE id IN ( ? , ? , ? )
16:42:11:499 DEBUG 24476 --- [http-nio-8081-exec-7] c.h.i.mapper.ItemMapper.selectBatchIds   : ==> Parameters: 100000006163(Long), 100001511821(Long), 2120808(Long)
16:42:11:500 DEBUG 24476 --- [http-nio-8081-exec-7] c.h.i.mapper.ItemMapper.selectBatchIds   : <==      Total: 3
16:42:11:597 DEBUG 25524 --- [http-nio-8083-exec-9] c.h.i.mapper.ItemMapper.selectBatchIds   : ==>  Preparing: SELECT id,name,price,stock,image,category,brand,spec,sold,comment_count,isAD,status,create_time,update_time,creater,updater FROM item WHERE id IN ( ? , ? , ? )
16:42:11:597 DEBUG 25524 --- [http-nio-8083-exec-9] c.h.i.mapper.ItemMapper.selectBatchIds   : ==> Parameters: 100000006163(Long), 100001511821(Long), 2120808(Long)
16:42:11:598 DEBUG 25524 --- [http-nio-8083-exec-9] c.h.i.mapper.ItemMapper.selectBatchIds   : <==      Total: 3
16:42:12:097 DEBUG 24476 --- [http-nio-8081-exec-8] c.h.i.mapper.ItemMapper.selectBatchIds   : ==>  Preparing: SELECT id,name,price,stock,image,category,brand,spec,sold,comment_count,isAD,status,create_time,update_time,creater,updater FROM item WHERE id IN ( ? , ? , ? )
16:42:12:097 DEBUG 24476 --- [http-nio-8081-exec-8] c.h.i.mapper.ItemMapper.selectBatchIds   : ==> Parameters: 100000006163(Long), 100001511821(Long), 2120808(Long)
16:42:12:098 DEBUG 24476 --- [http-nio-8081-exec-8] c.h.i.mapper.ItemMapper.selectBatchIds   : <==      Total: 3
16:42:12:196 DEBUG 25524 --- [http-nio-8083-exec-8] c.h.i.mapper.ItemMapper.selectBatchIds   : ==>  Preparing: SELECT id,name,price,stock,image,category,brand,spec,sold,comment_count,isAD,status,create_time,update_time,creater,updater FROM item WHERE id IN ( ? , ? , ? )
16:42:12:196 DEBUG 25524 --- [http-nio-8083-exec-8] c.h.i.mapper.ItemMapper.selectBatchIds   : ==> Parameters: 100000006163(Long), 100001511821(Long), 2120808(Long)
16:42:12:197 DEBUG 25524 --- [http-nio-8083-exec-8] c.h.i.mapper.ItemMapper.selectBatchIds   : <==      Total: 3
16:42:12:297 DEBUG 24476 --- [http-nio-8081-exec-9] c.h.i.mapper.ItemMapper.selectBatchIds   : ==>  Preparing: SELECT id,name,price,stock,image,category,brand,spec,sold,comment_count,isAD,status,create_time,update_time,creater,updater FROM item WHERE id IN ( ? , ? , ? )
16:42:12:297 DEBUG 24476 --- [http-nio-8081-exec-9] c.h.i.mapper.ItemMapper.selectBatchIds   : ==> Parameters: 100000006163(Long), 100001511821(Long), 2120808(Long)
16:42:12:298 DEBUG 24476 --- [http-nio-8081-exec-9] c.h.i.mapper.ItemMapper.selectBatchIds   : <==      Total: 3
16:42:12:398 DEBUG 25524 --- [http-nio-8083-exec-7] c.h.i.mapper.ItemMapper.selectBatchIds   : ==>  Preparing: SELECT id,name,price,stock,image,category,brand,spec,sold,comment_count,isAD,status,create_time,update_time,creater,updater FROM item WHERE id IN ( ? , ? , ? )
16:42:12:398 DEBUG 25524 --- [http-nio-8083-exec-7] c.h.i.mapper.ItemMapper.selectBatchIds   : ==> Parameters: 100000006163(Long), 100001511821(Long), 2120808(Long)
16:42:12:399 DEBUG 25524 --- [http-nio-8083-exec-7] c.h.i.mapper.ItemMapper.selectBatchIds   : <==      Total: 3
16:42:12:497 DEBUG 24476 --- [http-nio-8081-exec-10] c.h.i.mapper.ItemMapper.selectBatchIds   : ==>  Preparing: SELECT id,name,price,stock,image,category,brand,spec,sold,comment_count,isAD,status,create_time,update_time,creater,updater FROM item WHERE id IN ( ? , ? , ? )
16:42:12:497 DEBUG 24476 --- [http-nio-8081-exec-10] c.h.i.mapper.ItemMapper.selectBatchIds   : ==> Parameters: 100000006163(Long), 100001511821(Long), 2120808(Long)
16:42:12:498 DEBUG 24476 --- [http-nio-8081-exec-10] c.h.i.mapper.ItemMapper.selectBatchIds   : <==      Total: 3
16:42:12:595 DEBUG 25524 --- [http-nio-8083-exec-10] c.h.i.mapper.ItemMapper.selectBatchIds   : ==>  Preparing: SELECT id,name,price,stock,image,category,brand,spec,sold,comment_count,isAD,status,create_time,update_time,creater,updater FROM item WHERE id IN ( ? , ? , ? )
16:42:12:595 DEBUG 25524 --- [http-nio-8083-exec-10] c.h.i.mapper.ItemMapper.selectBatchIds   : ==> Parameters: 100000006163(Long), 100001511821(Long), 2120808(Long)
16:42:12:597 DEBUG 25524 --- [http-nio-8083-exec-10] c.h.i.mapper.ItemMapper.selectBatchIds   : <==      Total: 3
16:42:13:097 DEBUG 24476 --- [http-nio-8081-exec-1] c.h.i.mapper.ItemMapper.selectBatchIds   : ==>  Preparing: SELECT id,name,price,stock,image,category,brand,spec,sold,comment_count,isAD,status,create_time,update_time,creater,updater FROM item WHERE id IN ( ? , ? , ? )
16:42:13:097 DEBUG 24476 --- [http-nio-8081-exec-1] c.h.i.mapper.ItemMapper.selectBatchIds   : ==> Parameters: 100000006163(Long), 100001511821(Long), 2120808(Long)
16:42:13:097 DEBUG 24476 --- [http-nio-8081-exec-1] c.h.i.mapper.ItemMapper.selectBatchIds   : <==      Total: 3
16:42:13:196 DEBUG 25524 --- [http-nio-8083-exec-1] c.h.i.mapper.ItemMapper.selectBatchIds   : ==>  Preparing: SELECT id,name,price,stock,image,category,brand,spec,sold,comment_count,isAD,status,create_time,update_time,creater,updater FROM item WHERE id IN ( ? , ? , ? )
16:42:13:196 DEBUG 25524 --- [http-nio-8083-exec-1] c.h.i.mapper.ItemMapper.selectBatchIds   : ==> Parameters: 100000006163(Long), 100001511821(Long), 2120808(Long)
16:42:13:198 DEBUG 25524 --- [http-nio-8083-exec-1] c.h.i.mapper.ItemMapper.selectBatchIds   : <==      Total: 3
16:42:13:296 DEBUG 24476 --- [http-nio-8081-exec-2] c.h.i.mapper.ItemMapper.selectBatchIds   : ==>  Preparing: SELECT id,name,price,stock,image,category,brand,spec,sold,comment_count,isAD,status,create_time,update_time,creater,updater FROM item WHERE id IN ( ? , ? , ? )
16:42:13:296 DEBUG 24476 --- [http-nio-8081-exec-2] c.h.i.mapper.ItemMapper.selectBatchIds   : ==> Parameters: 100000006163(Long), 100001511821(Long), 2120808(Long)
16:42:13:297 DEBUG 24476 --- [http-nio-8081-exec-2] c.h.i.mapper.ItemMapper.selectBatchIds   : <==      Total: 3
16:42:13:398 DEBUG 25524 --- [http-nio-8083-exec-2] c.h.i.mapper.ItemMapper.selectBatchIds   : ==>  Preparing: SELECT id,name,price,stock,image,category,brand,spec,sold,comment_count,isAD,status,create_time,update_time,creater,updater FROM item WHERE id IN ( ? , ? , ? )
16:42:13:399 DEBUG 25524 --- [http-nio-8083-exec-2] c.h.i.mapper.ItemMapper.selectBatchIds   : ==> Parameters: 100000006163(Long), 100001511821(Long), 2120808(Long)
16:42:13:400 DEBUG 25524 --- [http-nio-8083-exec-2] c.h.i.mapper.ItemMapper.selectBatchIds   : <==      Total: 3
16:42:13:496 DEBUG 24476 --- [http-nio-8081-exec-3] c.h.i.mapper.ItemMapper.selectBatchIds   : ==>  Preparing: SELECT id,name,price,stock,image,category,brand,spec,sold,comment_count,isAD,status,create_time,update_time,creater,updater FROM item WHERE id IN ( ? , ? , ? )
16:42:13:496 DEBUG 24476 --- [http-nio-8081-exec-3] c.h.i.mapper.ItemMapper.selectBatchIds   : ==> Parameters: 100000006163(Long), 100001511821(Long), 2120808(Long)
16:42:13:498 DEBUG 24476 --- [http-nio-8081-exec-3] c.h.i.mapper.ItemMapper.selectBatchIds   : <==      Total: 3
16:42:13:596 DEBUG 25524 --- [http-nio-8083-exec-3] c.h.i.mapper.ItemMapper.selectBatchIds   : ==>  Preparing: SELECT id,name,price,stock,image,category,brand,spec,sold,comment_count,isAD,status,create_time,update_time,creater,updater FROM item WHERE id IN ( ? , ? , ? )
16:42:13:596 DEBUG 25524 --- [http-nio-8083-exec-3] c.h.i.mapper.ItemMapper.selectBatchIds   : ==> Parameters: 100000006163(Long), 100001511821(Long), 2120808(Long)
16:42:13:597 DEBUG 25524 --- [http-nio-8083-exec-3] c.h.i.mapper.ItemMapper.selectBatchIds   : <==      Total: 3
16:42:14:097 DEBUG 24476 --- [http-nio-8081-exec-4] c.h.i.mapper.ItemMapper.selectBatchIds   : ==>  Preparing: SELECT id,name,price,stock,image,category,brand,spec,sold,comment_count,isAD,status,create_time,update_time,creater,updater FROM item WHERE id IN ( ? , ? , ? )
16:42:14:097 DEBUG 24476 --- [http-nio-8081-exec-4] c.h.i.mapper.ItemMapper.selectBatchIds   : ==> Parameters: 100000006163(Long), 100001511821(Long), 2120808(Long)
16:42:14:099 DEBUG 24476 --- [http-nio-8081-exec-4] c.h.i.mapper.ItemMapper.selectBatchIds   : <==      Total: 3
16:42:14:196 DEBUG 25524 --- [http-nio-8083-exec-4] c.h.i.mapper.ItemMapper.selectBatchIds   : ==>  Preparing: SELECT id,name,price,stock,image,category,brand,spec,sold,comment_count,isAD,status,create_time,update_time,creater,updater FROM item WHERE id IN ( ? , ? , ? )
16:42:14:196 DEBUG 25524 --- [http-nio-8083-exec-4] c.h.i.mapper.ItemMapper.selectBatchIds   : ==> Parameters: 100000006163(Long), 100001511821(Long), 2120808(Long)
16:42:14:197 DEBUG 25524 --- [http-nio-8083-exec-4] c.h.i.mapper.ItemMapper.selectBatchIds   : <==      Total: 3
16:42:14:297 DEBUG 24476 --- [http-nio-8081-exec-5] c.h.i.mapper.ItemMapper.selectBatchIds   : ==>  Preparing: SELECT id,name,price,stock,image,category,brand,spec,sold,comment_count,isAD,status,create_time,update_time,creater,updater FROM item WHERE id IN ( ? , ? , ? )
16:42:14:297 DEBUG 24476 --- [http-nio-8081-exec-5] c.h.i.mapper.ItemMapper.selectBatchIds   : ==> Parameters: 100000006163(Long), 100001511821(Long), 2120808(Long)
16:42:14:298 DEBUG 24476 --- [http-nio-8081-exec-5] c.h.i.mapper.ItemMapper.selectBatchIds   : <==      Total: 3
16:42:14:397 DEBUG 25524 --- [http-nio-8083-exec-6] c.h.i.mapper.ItemMapper.selectBatchIds   : ==>  Preparing: SELECT id,name,price,stock,image,category,brand,spec,sold,comment_count,isAD,status,create_time,update_time,creater,updater FROM item WHERE id IN ( ? , ? , ? )
16:42:14:397 DEBUG 25524 --- [http-nio-8083-exec-6] c.h.i.mapper.ItemMapper.selectBatchIds   : ==> Parameters: 100000006163(Long), 100001511821(Long), 2120808(Long)
16:42:14:397 DEBUG 25524 --- [http-nio-8083-exec-6] c.h.i.mapper.ItemMapper.selectBatchIds   : <==      Total: 3
16:42:14:494 DEBUG 24476 --- [http-nio-8081-exec-6] c.h.i.mapper.ItemMapper.selectBatchIds   : ==>  Preparing: SELECT id,name,price,stock,image,category,brand,spec,sold,comment_count,isAD,status,create_time,update_time,creater,updater FROM item WHERE id IN ( ? , ? , ? )
16:42:14:494 DEBUG 24476 --- [http-nio-8081-exec-6] c.h.i.mapper.ItemMapper.selectBatchIds   : ==> Parameters: 100000006163(Long), 100001511821(Long), 2120808(Long)
16:42:14:496 DEBUG 24476 --- [http-nio-8081-exec-6] c.h.i.mapper.ItemMapper.selectBatchIds   : <==      Total: 3
16:42:14:595 DEBUG 25524 --- [http-nio-8083-exec-5] c.h.i.mapper.ItemMapper.selectBatchIds   : ==>  Preparing: SELECT id,name,price,stock,image,category,brand,spec,sold,comment_count,isAD,status,create_time,update_time,creater,updater FROM item WHERE id IN ( ? , ? , ? )
16:42:14:595 DEBUG 25524 --- [http-nio-8083-exec-5] c.h.i.mapper.ItemMapper.selectBatchIds   : ==> Parameters: 100000006163(Long), 100001511821(Long), 2120808(Long)
16:42:14:596 DEBUG 25524 --- [http-nio-8083-exec-5] c.h.i.mapper.ItemMapper.selectBatchIds   : <==      Total: 3
16:42:15:097 DEBUG 24476 --- [http-nio-8081-exec-7] c.h.i.mapper.ItemMapper.selectBatchIds   : ==>  Preparing: SELECT id,name,price,stock,image,category,brand,spec,sold,comment_count,isAD,status,create_time,update_time,creater,updater FROM item WHERE id IN ( ? , ? , ? )
16:42:15:097 DEBUG 24476 --- [http-nio-8081-exec-7] c.h.i.mapper.ItemMapper.selectBatchIds   : ==> Parameters: 100000006163(Long), 100001511821(Long), 2120808(Long)
16:42:15:098 DEBUG 24476 --- [http-nio-8081-exec-7] c.h.i.mapper.ItemMapper.selectBatchIds   : <==      Total: 3
16:42:15:197 DEBUG 25524 --- [http-nio-8083-exec-9] c.h.i.mapper.ItemMapper.selectBatchIds   : ==>  Preparing: SELECT id,name,price,stock,image,category,brand,spec,sold,comment_count,isAD,status,create_time,update_time,creater,updater FROM item WHERE id IN ( ? , ? , ? )
16:42:15:198 DEBUG 25524 --- [http-nio-8083-exec-9] c.h.i.mapper.ItemMapper.selectBatchIds   : ==> Parameters: 100000006163(Long), 100001511821(Long), 2120808(Long)
16:42:15:199 DEBUG 25524 --- [http-nio-8083-exec-9] c.h.i.mapper.ItemMapper.selectBatchIds   : <==      Total: 3
16:42:15:296 DEBUG 24476 --- [http-nio-8081-exec-8] c.h.i.mapper.ItemMapper.selectBatchIds   : ==>  Preparing: SELECT id,name,price,stock,image,category,brand,spec,sold,comment_count,isAD,status,create_time,update_time,creater,updater FROM item WHERE id IN ( ? , ? , ? )
16:42:15:296 DEBUG 24476 --- [http-nio-8081-exec-8] c.h.i.mapper.ItemMapper.selectBatchIds   : ==> Parameters: 100000006163(Long), 100001511821(Long), 2120808(Long)
16:42:15:297 DEBUG 24476 --- [http-nio-8081-exec-8] c.h.i.mapper.ItemMapper.selectBatchIds   : <==      Total: 3
16:42:15:397 DEBUG 25524 --- [http-nio-8083-exec-8] c.h.i.mapper.ItemMapper.selectBatchIds   : ==>  Preparing: SELECT id,name,price,stock,image,category,brand,spec,sold,comment_count,isAD,status,create_time,update_time,creater,updater FROM item WHERE id IN ( ? , ? , ? )
16:42:15:397 DEBUG 25524 --- [http-nio-8083-exec-8] c.h.i.mapper.ItemMapper.selectBatchIds   : ==> Parameters: 100000006163(Long), 100001511821(Long), 2120808(Long)
16:42:15:399 DEBUG 25524 --- [http-nio-8083-exec-8] c.h.i.mapper.ItemMapper.selectBatchIds   : <==      Total: 3
16:42:15:494 DEBUG 24476 --- [http-nio-8081-exec-9] c.h.i.mapper.ItemMapper.selectBatchIds   : ==>  Preparing: SELECT id,name,price,stock,image,category,brand,spec,sold,comment_count,isAD,status,create_time,update_time,creater,updater FROM item WHERE id IN ( ? , ? , ? )
16:42:15:494 DEBUG 24476 --- [http-nio-8081-exec-9] c.h.i.mapper.ItemMapper.selectBatchIds   : ==> Parameters: 100000006163(Long), 100001511821(Long), 2120808(Long)
16:42:15:496 DEBUG 24476 --- [http-nio-8081-exec-9] c.h.i.mapper.ItemMapper.selectBatchIds   : <==      Total: 3
16:42:15:596 DEBUG 25524 --- [http-nio-8083-exec-7] c.h.i.mapper.ItemMapper.selectBatchIds   : ==>  Preparing: SELECT id,name,price,stock,image,category,brand,spec,sold,comment_count,isAD,status,create_time,update_time,creater,updater FROM item WHERE id IN ( ? , ? , ? )
16:42:15:597 DEBUG 25524 --- [http-nio-8083-exec-7] c.h.i.mapper.ItemMapper.selectBatchIds   : ==> Parameters: 100000006163(Long), 100001511821(Long), 2120808(Long)
16:42:15:599 DEBUG 25524 --- [http-nio-8083-exec-7] c.h.i.mapper.ItemMapper.selectBatchIds   : <==      Total: 3
16:42:16:095 DEBUG 24476 --- [http-nio-8081-exec-10] c.h.i.mapper.ItemMapper.selectBatchIds   : ==>  Preparing: SELECT id,name,price,stock,image,category,brand,spec,sold,comment_count,isAD,status,create_time,update_time,creater,updater FROM item WHERE id IN ( ? , ? , ? )
16:42:16:095 DEBUG 24476 --- [http-nio-8081-exec-10] c.h.i.mapper.ItemMapper.selectBatchIds   : ==> Parameters: 100000006163(Long), 100001511821(Long), 2120808(Long)
16:42:16:097 DEBUG 24476 --- [http-nio-8081-exec-10] c.h.i.mapper.ItemMapper.selectBatchIds   : <==      Total: 3
16:42:16:195 DEBUG 25524 --- [http-nio-8083-exec-10] c.h.i.mapper.ItemMapper.selectBatchIds   : ==>  Preparing: SELECT id,name,price,stock,image,category,brand,spec,sold,comment_count,isAD,status,create_time,update_time,creater,updater FROM item WHERE id IN ( ? , ? , ? )
16:42:16:195 DEBUG 25524 --- [http-nio-8083-exec-10] c.h.i.mapper.ItemMapper.selectBatchIds   : ==> Parameters: 100000006163(Long), 100001511821(Long), 2120808(Long)
16:42:16:196 DEBUG 25524 --- [http-nio-8083-exec-10] c.h.i.mapper.ItemMapper.selectBatchIds   : <==      Total: 3
16:42:16:295 DEBUG 24476 --- [http-nio-8081-exec-1] c.h.i.mapper.ItemMapper.selectBatchIds   : ==>  Preparing: SELECT id,name,price,stock,image,category,brand,spec,sold,comment_count,isAD,status,create_time,update_time,creater,updater FROM item WHERE id IN ( ? , ? , ? )
16:42:16:295 DEBUG 24476 --- [http-nio-8081-exec-1] c.h.i.mapper.ItemMapper.selectBatchIds   : ==> Parameters: 100000006163(Long), 100001511821(Long), 2120808(Long)
16:42:16:296 DEBUG 24476 --- [http-nio-8081-exec-1] c.h.i.mapper.ItemMapper.selectBatchIds   : <==      Total: 3
16:42:16:395 DEBUG 25524 --- [http-nio-8083-exec-1] c.h.i.mapper.ItemMapper.selectBatchIds   : ==>  Preparing: SELECT id,name,price,stock,image,category,brand,spec,sold,comment_count,isAD,status,create_time,update_time,creater,updater FROM item WHERE id IN ( ? , ? , ? )
16:42:16:396 DEBUG 25524 --- [http-nio-8083-exec-1] c.h.i.mapper.ItemMapper.selectBatchIds   : ==> Parameters: 100000006163(Long), 100001511821(Long), 2120808(Long)
16:42:16:396 DEBUG 25524 --- [http-nio-8083-exec-1] c.h.i.mapper.ItemMapper.selectBatchIds   : <==      Total: 3
16:42:16:495 DEBUG 24476 --- [http-nio-8081-exec-2] c.h.i.mapper.ItemMapper.selectBatchIds   : ==>  Preparing: SELECT id,name,price,stock,image,category,brand,spec,sold,comment_count,isAD,status,create_time,update_time,creater,updater FROM item WHERE id IN ( ? , ? , ? )
16:42:16:495 DEBUG 24476 --- [http-nio-8081-exec-2] c.h.i.mapper.ItemMapper.selectBatchIds   : ==> Parameters: 100000006163(Long), 100001511821(Long), 2120808(Long)
16:42:16:496 DEBUG 24476 --- [http-nio-8081-exec-2] c.h.i.mapper.ItemMapper.selectBatchIds   : <==      Total: 3
16:42:16:595 DEBUG 25524 --- [http-nio-8083-exec-2] c.h.i.mapper.ItemMapper.selectBatchIds   : ==>  Preparing: SELECT id,name,price,stock,image,category,brand,spec,sold,comment_count,isAD,status,create_time,update_time,creater,updater FROM item WHERE id IN ( ? , ? , ? )
16:42:16:596 DEBUG 25524 --- [http-nio-8083-exec-2] c.h.i.mapper.ItemMapper.selectBatchIds   : ==> Parameters: 100000006163(Long), 100001511821(Long), 2120808(Long)
16:42:16:596 DEBUG 25524 --- [http-nio-8083-exec-2] c.h.i.mapper.ItemMapper.selectBatchIds   : <==      Total: 3
16:42:17:094 DEBUG 24476 --- [http-nio-8081-exec-3] c.h.i.mapper.ItemMapper.selectBatchIds   : ==>  Preparing: SELECT id,name,price,stock,image,category,brand,spec,sold,comment_count,isAD,status,create_time,update_time,creater,updater FROM item WHERE id IN ( ? , ? , ? )
16:42:17:094 DEBUG 24476 --- [http-nio-8081-exec-3] c.h.i.mapper.ItemMapper.selectBatchIds   : ==> Parameters: 100000006163(Long), 100001511821(Long), 2120808(Long)
16:42:17:095 DEBUG 24476 --- [http-nio-8081-exec-3] c.h.i.mapper.ItemMapper.selectBatchIds   : <==      Total: 3
16:42:17:196 DEBUG 25524 --- [http-nio-8083-exec-3] c.h.i.mapper.ItemMapper.selectBatchIds   : ==>  Preparing: SELECT id,name,price,stock,image,category,brand,spec,sold,comment_count,isAD,status,create_time,update_time,creater,updater FROM item WHERE id IN ( ? , ? , ? )
16:42:17:196 DEBUG 25524 --- [http-nio-8083-exec-3] c.h.i.mapper.ItemMapper.selectBatchIds   : ==> Parameters: 100000006163(Long), 100001511821(Long), 2120808(Long)
16:42:17:197 DEBUG 25524 --- [http-nio-8083-exec-3] c.h.i.mapper.ItemMapper.selectBatchIds   : <==      Total: 3
16:42:17:294 DEBUG 24476 --- [http-nio-8081-exec-4] c.h.i.mapper.ItemMapper.selectBatchIds   : ==>  Preparing: SELECT id,name,price,stock,image,category,brand,spec,sold,comment_count,isAD,status,create_time,update_time,creater,updater FROM item WHERE id IN ( ? , ? , ? )
16:42:17:294 DEBUG 24476 --- [http-nio-8081-exec-4] c.h.i.mapper.ItemMapper.selectBatchIds   : ==> Parameters: 100000006163(Long), 100001511821(Long), 2120808(Long)
16:42:17:296 DEBUG 24476 --- [http-nio-8081-exec-4] c.h.i.mapper.ItemMapper.selectBatchIds   : <==      Total: 3
16:42:17:397 DEBUG 25524 --- [http-nio-8083-exec-4] c.h.i.mapper.ItemMapper.selectBatchIds   : ==>  Preparing: SELECT id,name,price,stock,image,category,brand,spec,sold,comment_count,isAD,status,create_time,update_time,creater,updater FROM item WHERE id IN ( ? , ? , ? )
16:42:17:397 DEBUG 25524 --- [http-nio-8083-exec-4] c.h.i.mapper.ItemMapper.selectBatchIds   : ==> Parameters: 100000006163(Long), 100001511821(Long), 2120808(Long)
16:42:17:400 DEBUG 25524 --- [http-nio-8083-exec-4] c.h.i.mapper.ItemMapper.selectBatchIds   : <==      Total: 3
16:42:17:494 DEBUG 24476 --- [http-nio-8081-exec-5] c.h.i.mapper.ItemMapper.selectBatchIds   : ==>  Preparing: SELECT id,name,price,stock,image,category,brand,spec,sold,comment_count,isAD,status,create_time,update_time,creater,updater FROM item WHERE id IN ( ? , ? , ? )
16:42:17:494 DEBUG 24476 --- [http-nio-8081-exec-5] c.h.i.mapper.ItemMapper.selectBatchIds   : ==> Parameters: 100000006163(Long), 100001511821(Long), 2120808(Long)
16:42:17:496 DEBUG 24476 --- [http-nio-8081-exec-5] c.h.i.mapper.ItemMapper.selectBatchIds   : <==      Total: 3
16:42:17:597 DEBUG 25524 --- [http-nio-8083-exec-6] c.h.i.mapper.ItemMapper.selectBatchIds   : ==>  Preparing: SELECT id,name,price,stock,image,category,brand,spec,sold,comment_count,isAD,status,create_time,update_time,creater,updater FROM item WHERE id IN ( ? , ? , ? )
16:42:17:597 DEBUG 25524 --- [http-nio-8083-exec-6] c.h.i.mapper.ItemMapper.selectBatchIds   : ==> Parameters: 100000006163(Long), 100001511821(Long), 2120808(Long)
16:42:17:598 DEBUG 25524 --- [http-nio-8083-exec-6] c.h.i.mapper.ItemMapper.selectBatchIds   : <==      Total: 3
16:42:18:097 DEBUG 24476 --- [http-nio-8081-exec-6] c.h.i.mapper.ItemMapper.selectBatchIds   : ==>  Preparing: SELECT id,name,price,stock,image,category,brand,spec,sold,comment_count,isAD,status,create_time,update_time,creater,updater FROM item WHERE id IN ( ? , ? , ? )
16:42:18:098 DEBUG 24476 --- [http-nio-8081-exec-6] c.h.i.mapper.ItemMapper.selectBatchIds   : ==> Parameters: 100000006163(Long), 100001511821(Long), 2120808(Long)
16:42:18:098 DEBUG 24476 --- [http-nio-8081-exec-6] c.h.i.mapper.ItemMapper.selectBatchIds   : <==      Total: 3
16:42:18:196 DEBUG 25524 --- [http-nio-8083-exec-5] c.h.i.mapper.ItemMapper.selectBatchIds   : ==>  Preparing: SELECT id,name,price,stock,image,category,brand,spec,sold,comment_count,isAD,status,create_time,update_time,creater,updater FROM item WHERE id IN ( ? , ? , ? )
16:42:18:196 DEBUG 25524 --- [http-nio-8083-exec-5] c.h.i.mapper.ItemMapper.selectBatchIds   : ==> Parameters: 100000006163(Long), 100001511821(Long), 2120808(Long)
16:42:18:197 DEBUG 25524 --- [http-nio-8083-exec-5] c.h.i.mapper.ItemMapper.selectBatchIds   : <==      Total: 3
16:42:18:296 DEBUG 24476 --- [http-nio-8081-exec-7] c.h.i.mapper.ItemMapper.selectBatchIds   : ==>  Preparing: SELECT id,name,price,stock,image,category,brand,spec,sold,comment_count,isAD,status,create_time,update_time,creater,updater FROM item WHERE id IN ( ? , ? , ? )
16:42:18:296 DEBUG 24476 --- [http-nio-8081-exec-7] c.h.i.mapper.ItemMapper.selectBatchIds   : ==> Parameters: 100000006163(Long), 100001511821(Long), 2120808(Long)
16:42:18:298 DEBUG 24476 --- [http-nio-8081-exec-7] c.h.i.mapper.ItemMapper.selectBatchIds   : <==      Total: 3
16:42:18:397 DEBUG 25524 --- [http-nio-8083-exec-9] c.h.i.mapper.ItemMapper.selectBatchIds   : ==>  Preparing: SELECT id,name,price,stock,image,category,brand,spec,sold,comment_count,isAD,status,create_time,update_time,creater,updater FROM item WHERE id IN ( ? , ? , ? )
16:42:18:397 DEBUG 25524 --- [http-nio-8083-exec-9] c.h.i.mapper.ItemMapper.selectBatchIds   : ==> Parameters: 100000006163(Long), 100001511821(Long), 2120808(Long)
16:42:18:398 DEBUG 25524 --- [http-nio-8083-exec-9] c.h.i.mapper.ItemMapper.selectBatchIds   : <==      Total: 3
16:42:18:495 DEBUG 24476 --- [http-nio-8081-exec-8] c.h.i.mapper.ItemMapper.selectBatchIds   : ==>  Preparing: SELECT id,name,price,stock,image,category,brand,spec,sold,comment_count,isAD,status,create_time,update_time,creater,updater FROM item WHERE id IN ( ? , ? , ? )
16:42:18:495 DEBUG 24476 --- [http-nio-8081-exec-8] c.h.i.mapper.ItemMapper.selectBatchIds   : ==> Parameters: 100000006163(Long), 100001511821(Long), 2120808(Long)
16:42:18:497 DEBUG 24476 --- [http-nio-8081-exec-8] c.h.i.mapper.ItemMapper.selectBatchIds   : <==      Total: 3
16:42:18:597 DEBUG 25524 --- [http-nio-8083-exec-8] c.h.i.mapper.ItemMapper.selectBatchIds   : ==>  Preparing: SELECT id,name,price,stock,image,category,brand,spec,sold,comment_count,isAD,status,create_time,update_time,creater,updater FROM item WHERE id IN ( ? , ? , ? )
16:42:18:598 DEBUG 25524 --- [http-nio-8083-exec-8] c.h.i.mapper.ItemMapper.selectBatchIds   : ==> Parameters: 100000006163(Long), 100001511821(Long), 2120808(Long)
16:42:18:600 DEBUG 25524 --- [http-nio-8083-exec-8] c.h.i.mapper.ItemMapper.selectBatchIds   : <==      Total: 3
16:42:19:099 DEBUG 24476 --- [http-nio-8081-exec-9] c.h.i.mapper.ItemMapper.selectBatchIds   : ==>  Preparing: SELECT id,name,price,stock,image,category,brand,spec,sold,comment_count,isAD,status,create_time,update_time,creater,updater FROM item WHERE id IN ( ? , ? , ? )
16:42:19:099 DEBUG 24476 --- [http-nio-8081-exec-9] c.h.i.mapper.ItemMapper.selectBatchIds   : ==> Parameters: 100000006163(Long), 100001511821(Long), 2120808(Long)
16:42:19:101 DEBUG 24476 --- [http-nio-8081-exec-9] c.h.i.mapper.ItemMapper.selectBatchIds   : <==      Total: 3
16:42:19:197 DEBUG 25524 --- [http-nio-8083-exec-7] c.h.i.mapper.ItemMapper.selectBatchIds   : ==>  Preparing: SELECT id,name,price,stock,image,category,brand,spec,sold,comment_count,isAD,status,create_time,update_time,creater,updater FROM item WHERE id IN ( ? , ? , ? )
16:42:19:197 DEBUG 25524 --- [http-nio-8083-exec-7] c.h.i.mapper.ItemMapper.selectBatchIds   : ==> Parameters: 100000006163(Long), 100001511821(Long), 2120808(Long)
16:42:19:200 DEBUG 25524 --- [http-nio-8083-exec-7] c.h.i.mapper.ItemMapper.selectBatchIds   : <==      Total: 3
16:42:19:299 DEBUG 24476 --- [http-nio-8081-exec-10] c.h.i.mapper.ItemMapper.selectBatchIds   : ==>  Preparing: SELECT id,name,price,stock,image,category,brand,spec,sold,comment_count,isAD,status,create_time,update_time,creater,updater FROM item WHERE id IN ( ? , ? , ? )
16:42:19:299 DEBUG 24476 --- [http-nio-8081-exec-10] c.h.i.mapper.ItemMapper.selectBatchIds   : ==> Parameters: 100000006163(Long), 100001511821(Long), 2120808(Long)
16:42:19:301 DEBUG 24476 --- [http-nio-8081-exec-10] c.h.i.mapper.ItemMapper.selectBatchIds   : <==      Total: 3
16:42:19:396 DEBUG 25524 --- [http-nio-8083-exec-10] c.h.i.mapper.ItemMapper.selectBatchIds   : ==>  Preparing: SELECT id,name,price,stock,image,category,brand,spec,sold,comment_count,isAD,status,create_time,update_time,creater,updater FROM item WHERE id IN ( ? , ? , ? )
16:42:19:396 DEBUG 25524 --- [http-nio-8083-exec-10] c.h.i.mapper.ItemMapper.selectBatchIds   : ==> Parameters: 100000006163(Long), 100001511821(Long), 2120808(Long)
16:42:19:398 DEBUG 25524 --- [http-nio-8083-exec-10] c.h.i.mapper.ItemMapper.selectBatchIds   : <==      Total: 3
16:42:19:495 DEBUG 24476 --- [http-nio-8081-exec-1] c.h.i.mapper.ItemMapper.selectBatchIds   : ==>  Preparing: SELECT id,name,price,stock,image,category,brand,spec,sold,comment_count,isAD,status,create_time,update_time,creater,updater FROM item WHERE id IN ( ? , ? , ? )
16:42:19:495 DEBUG 24476 --- [http-nio-8081-exec-1] c.h.i.mapper.ItemMapper.selectBatchIds   : ==> Parameters: 100000006163(Long), 100001511821(Long), 2120808(Long)
16:42:19:496 DEBUG 24476 --- [http-nio-8081-exec-1] c.h.i.mapper.ItemMapper.selectBatchIds   : <==      Total: 3
16:42:19:596 DEBUG 25524 --- [http-nio-8083-exec-1] c.h.i.mapper.ItemMapper.selectBatchIds   : ==>  Preparing: SELECT id,name,price,stock,image,category,brand,spec,sold,comment_count,isAD,status,create_time,update_time,creater,updater FROM item WHERE id IN ( ? , ? , ? )
16:42:19:596 DEBUG 25524 --- [http-nio-8083-exec-1] c.h.i.mapper.ItemMapper.selectBatchIds   : ==> Parameters: 100000006163(Long), 100001511821(Long), 2120808(Long)
16:42:19:597 DEBUG 25524 --- [http-nio-8083-exec-1] c.h.i.mapper.ItemMapper.selectBatchIds   : <==      Total: 3
16:42:20:095 DEBUG 24476 --- [http-nio-8081-exec-2] c.h.i.mapper.ItemMapper.selectBatchIds   : ==>  Preparing: SELECT id,name,price,stock,image,category,brand,spec,sold,comment_count,isAD,status,create_time,update_time,creater,updater FROM item WHERE id IN ( ? , ? , ? )
16:42:20:095 DEBUG 24476 --- [http-nio-8081-exec-2] c.h.i.mapper.ItemMapper.selectBatchIds   : ==> Parameters: 100000006163(Long), 100001511821(Long), 2120808(Long)
16:42:20:096 DEBUG 24476 --- [http-nio-8081-exec-2] c.h.i.mapper.ItemMapper.selectBatchIds   : <==      Total: 3
16:42:20:196 DEBUG 25524 --- [http-nio-8083-exec-2] c.h.i.mapper.ItemMapper.selectBatchIds   : ==>  Preparing: SELECT id,name,price,stock,image,category,brand,spec,sold,comment_count,isAD,status,create_time,update_time,creater,updater FROM item WHERE id IN ( ? , ? , ? )
16:42:20:196 DEBUG 25524 --- [http-nio-8083-exec-2] c.h.i.mapper.ItemMapper.selectBatchIds   : ==> Parameters: 100000006163(Long), 100001511821(Long), 2120808(Long)
16:42:20:197 DEBUG 25524 --- [http-nio-8083-exec-2] c.h.i.mapper.ItemMapper.selectBatchIds   : <==      Total: 3
16:42:20:294 DEBUG 24476 --- [http-nio-8081-exec-3] c.h.i.mapper.ItemMapper.selectBatchIds   : ==>  Preparing: SELECT id,name,price,stock,image,category,brand,spec,sold,comment_count,isAD,status,create_time,update_time,creater,updater FROM item WHERE id IN ( ? , ? , ? )
16:42:20:295 DEBUG 24476 --- [http-nio-8081-exec-3] c.h.i.mapper.ItemMapper.selectBatchIds   : ==> Parameters: 100000006163(Long), 100001511821(Long), 2120808(Long)
16:42:20:295 DEBUG 24476 --- [http-nio-8081-exec-3] c.h.i.mapper.ItemMapper.selectBatchIds   : <==      Total: 3
16:42:20:396 DEBUG 25524 --- [http-nio-8083-exec-3] c.h.i.mapper.ItemMapper.selectBatchIds   : ==>  Preparing: SELECT id,name,price,stock,image,category,brand,spec,sold,comment_count,isAD,status,create_time,update_time,creater,updater FROM item WHERE id IN ( ? , ? , ? )
16:42:20:396 DEBUG 25524 --- [http-nio-8083-exec-3] c.h.i.mapper.ItemMapper.selectBatchIds   : ==> Parameters: 100000006163(Long), 100001511821(Long), 2120808(Long)
16:42:20:398 DEBUG 25524 --- [http-nio-8083-exec-3] c.h.i.mapper.ItemMapper.selectBatchIds   : <==      Total: 3
16:42:20:495 DEBUG 24476 --- [http-nio-8081-exec-4] c.h.i.mapper.ItemMapper.selectBatchIds   : ==>  Preparing: SELECT id,name,price,stock,image,category,brand,spec,sold,comment_count,isAD,status,create_time,update_time,creater,updater FROM item WHERE id IN ( ? , ? , ? )
16:42:20:495 DEBUG 24476 --- [http-nio-8081-exec-4] c.h.i.mapper.ItemMapper.selectBatchIds   : ==> Parameters: 100000006163(Long), 100001511821(Long), 2120808(Long)
16:42:20:497 DEBUG 24476 --- [http-nio-8081-exec-4] c.h.i.mapper.ItemMapper.selectBatchIds   : <==      Total: 3
16:42:20:596 DEBUG 25524 --- [http-nio-8083-exec-4] c.h.i.mapper.ItemMapper.selectBatchIds   : ==>  Preparing: SELECT id,name,price,stock,image,category,brand,spec,sold,comment_count,isAD,status,create_time,update_time,creater,updater FROM item WHERE id IN ( ? , ? , ? )
16:42:20:596 DEBUG 25524 --- [http-nio-8083-exec-4] c.h.i.mapper.ItemMapper.selectBatchIds   : ==> Parameters: 100000006163(Long), 100001511821(Long), 2120808(Long)
16:42:20:597 DEBUG 25524 --- [http-nio-8083-exec-4] c.h.i.mapper.ItemMapper.selectBatchIds   : <==      Total: 3
16:42:21:096 DEBUG 24476 --- [http-nio-8081-exec-5] c.h.i.mapper.ItemMapper.selectBatchIds   : ==>  Preparing: SELECT id,name,price,stock,image,category,brand,spec,sold,comment_count,isAD,status,create_time,update_time,creater,updater FROM item WHERE id IN ( ? , ? , ? )
16:42:21:096 DEBUG 24476 --- [http-nio-8081-exec-5] c.h.i.mapper.ItemMapper.selectBatchIds   : ==> Parameters: 100000006163(Long), 100001511821(Long), 2120808(Long)
16:42:21:096 DEBUG 24476 --- [http-nio-8081-exec-5] c.h.i.mapper.ItemMapper.selectBatchIds   : <==      Total: 3
16:42:21:195 DEBUG 25524 --- [http-nio-8083-exec-6] c.h.i.mapper.ItemMapper.selectBatchIds   : ==>  Preparing: SELECT id,name,price,stock,image,category,brand,spec,sold,comment_count,isAD,status,create_time,update_time,creater,updater FROM item WHERE id IN ( ? , ? , ? )
16:42:21:195 DEBUG 25524 --- [http-nio-8083-exec-6] c.h.i.mapper.ItemMapper.selectBatchIds   : ==> Parameters: 100000006163(Long), 100001511821(Long), 2120808(Long)
16:42:21:196 DEBUG 25524 --- [http-nio-8083-exec-6] c.h.i.mapper.ItemMapper.selectBatchIds   : <==      Total: 3
16:42:21:295 DEBUG 24476 --- [http-nio-8081-exec-6] c.h.i.mapper.ItemMapper.selectBatchIds   : ==>  Preparing: SELECT id,name,price,stock,image,category,brand,spec,sold,comment_count,isAD,status,create_time,update_time,creater,updater FROM item WHERE id IN ( ? , ? , ? )
16:42:21:295 DEBUG 24476 --- [http-nio-8081-exec-6] c.h.i.mapper.ItemMapper.selectBatchIds   : ==> Parameters: 100000006163(Long), 100001511821(Long), 2120808(Long)
16:42:21:296 DEBUG 24476 --- [http-nio-8081-exec-6] c.h.i.mapper.ItemMapper.selectBatchIds   : <==      Total: 3
16:42:21:396 DEBUG 25524 --- [http-nio-8083-exec-5] c.h.i.mapper.ItemMapper.selectBatchIds   : ==>  Preparing: SELECT id,name,price,stock,image,category,brand,spec,sold,comment_count,isAD,status,create_time,update_time,creater,updater FROM item WHERE id IN ( ? , ? , ? )
16:42:21:396 DEBUG 25524 --- [http-nio-8083-exec-5] c.h.i.mapper.ItemMapper.selectBatchIds   : ==> Parameters: 100000006163(Long), 100001511821(Long), 2120808(Long)
16:42:21:398 DEBUG 25524 --- [http-nio-8083-exec-5] c.h.i.mapper.ItemMapper.selectBatchIds   : <==      Total: 3
16:42:21:495 DEBUG 24476 --- [http-nio-8081-exec-7] c.h.i.mapper.ItemMapper.selectBatchIds   : ==>  Preparing: SELECT id,name,price,stock,image,category,brand,spec,sold,comment_count,isAD,status,create_time,update_time,creater,updater FROM item WHERE id IN ( ? , ? , ? )
16:42:21:495 DEBUG 24476 --- [http-nio-8081-exec-7] c.h.i.mapper.ItemMapper.selectBatchIds   : ==> Parameters: 100000006163(Long), 100001511821(Long), 2120808(Long)
16:42:21:496 DEBUG 24476 --- [http-nio-8081-exec-7] c.h.i.mapper.ItemMapper.selectBatchIds   : <==      Total: 3
16:42:21:596 DEBUG 25524 --- [http-nio-8083-exec-9] c.h.i.mapper.ItemMapper.selectBatchIds   : ==>  Preparing: SELECT id,name,price,stock,image,category,brand,spec,sold,comment_count,isAD,status,create_time,update_time,creater,updater FROM item WHERE id IN ( ? , ? , ? )
16:42:21:596 DEBUG 25524 --- [http-nio-8083-exec-9] c.h.i.mapper.ItemMapper.selectBatchIds   : ==> Parameters: 100000006163(Long), 100001511821(Long), 2120808(Long)
16:42:21:597 DEBUG 25524 --- [http-nio-8083-exec-9] c.h.i.mapper.ItemMapper.selectBatchIds   : <==      Total: 3
16:42:22:096 DEBUG 24476 --- [http-nio-8081-exec-8] c.h.i.mapper.ItemMapper.selectBatchIds   : ==>  Preparing: SELECT id,name,price,stock,image,category,brand,spec,sold,comment_count,isAD,status,create_time,update_time,creater,updater FROM item WHERE id IN ( ? , ? , ? )
16:42:22:096 DEBUG 24476 --- [http-nio-8081-exec-8] c.h.i.mapper.ItemMapper.selectBatchIds   : ==> Parameters: 100000006163(Long), 100001511821(Long), 2120808(Long)
16:42:22:097 DEBUG 24476 --- [http-nio-8081-exec-8] c.h.i.mapper.ItemMapper.selectBatchIds   : <==      Total: 3
16:42:22:196 DEBUG 25524 --- [http-nio-8083-exec-8] c.h.i.mapper.ItemMapper.selectBatchIds   : ==>  Preparing: SELECT id,name,price,stock,image,category,brand,spec,sold,comment_count,isAD,status,create_time,update_time,creater,updater FROM item WHERE id IN ( ? , ? , ? )
16:42:22:196 DEBUG 25524 --- [http-nio-8083-exec-8] c.h.i.mapper.ItemMapper.selectBatchIds   : ==> Parameters: 100000006163(Long), 100001511821(Long), 2120808(Long)
16:42:22:197 DEBUG 25524 --- [http-nio-8083-exec-8] c.h.i.mapper.ItemMapper.selectBatchIds   : <==      Total: 3
16:42:22:295 DEBUG 24476 --- [http-nio-8081-exec-9] c.h.i.mapper.ItemMapper.selectBatchIds   : ==>  Preparing: SELECT id,name,price,stock,image,category,brand,spec,sold,comment_count,isAD,status,create_time,update_time,creater,updater FROM item WHERE id IN ( ? , ? , ? )
16:42:22:295 DEBUG 24476 --- [http-nio-8081-exec-9] c.h.i.mapper.ItemMapper.selectBatchIds   : ==> Parameters: 100000006163(Long), 100001511821(Long), 2120808(Long)
16:42:22:297 DEBUG 24476 --- [http-nio-8081-exec-9] c.h.i.mapper.ItemMapper.selectBatchIds   : <==      Total: 3
16:42:22:397 DEBUG 25524 --- [http-nio-8083-exec-7] c.h.i.mapper.ItemMapper.selectBatchIds   : ==>  Preparing: SELECT id,name,price,stock,image,category,brand,spec,sold,comment_count,isAD,status,create_time,update_time,creater,updater FROM item WHERE id IN ( ? , ? , ? )
16:42:22:398 DEBUG 25524 --- [http-nio-8083-exec-7] c.h.i.mapper.ItemMapper.selectBatchIds   : ==> Parameters: 100000006163(Long), 100001511821(Long), 2120808(Long)
16:42:22:399 DEBUG 25524 --- [http-nio-8083-exec-7] c.h.i.mapper.ItemMapper.selectBatchIds   : <==      Total: 3
16:42:22:495 DEBUG 24476 --- [http-nio-8081-exec-10] c.h.i.mapper.ItemMapper.selectBatchIds   : ==>  Preparing: SELECT id,name,price,stock,image,category,brand,spec,sold,comment_count,isAD,status,create_time,update_time,creater,updater FROM item WHERE id IN ( ? , ? , ? )
16:42:22:495 DEBUG 24476 --- [http-nio-8081-exec-10] c.h.i.mapper.ItemMapper.selectBatchIds   : ==> Parameters: 100000006163(Long), 100001511821(Long), 2120808(Long)
16:42:22:497 DEBUG 24476 --- [http-nio-8081-exec-10] c.h.i.mapper.ItemMapper.selectBatchIds   : <==      Total: 3
16:42:22:594 DEBUG 25524 --- [http-nio-8083-exec-10] c.h.i.mapper.ItemMapper.selectBatchIds   : ==>  Preparing: SELECT id,name,price,stock,image,category,brand,spec,sold,comment_count,isAD,status,create_time,update_time,creater,updater FROM item WHERE id IN ( ? , ? , ? )
16:42:22:594 DEBUG 25524 --- [http-nio-8083-exec-10] c.h.i.mapper.ItemMapper.selectBatchIds   : ==> Parameters: 100000006163(Long), 100001511821(Long), 2120808(Long)
16:42:22:597 DEBUG 25524 --- [http-nio-8083-exec-10] c.h.i.mapper.ItemMapper.selectBatchIds   : <==      Total: 3
16:42:23:095 DEBUG 24476 --- [http-nio-8081-exec-1] c.h.i.mapper.ItemMapper.selectBatchIds   : ==>  Preparing: SELECT id,name,price,stock,image,category,brand,spec,sold,comment_count,isAD,status,create_time,update_time,creater,updater FROM item WHERE id IN ( ? , ? , ? )
16:42:23:095 DEBUG 24476 --- [http-nio-8081-exec-1] c.h.i.mapper.ItemMapper.selectBatchIds   : ==> Parameters: 100000006163(Long), 100001511821(Long), 2120808(Long)
16:42:23:097 DEBUG 24476 --- [http-nio-8081-exec-1] c.h.i.mapper.ItemMapper.selectBatchIds   : <==      Total: 3
16:42:23:196 DEBUG 25524 --- [http-nio-8083-exec-1] c.h.i.mapper.ItemMapper.selectBatchIds   : ==>  Preparing: SELECT id,name,price,stock,image,category,brand,spec,sold,comment_count,isAD,status,create_time,update_time,creater,updater FROM item WHERE id IN ( ? , ? , ? )
16:42:23:197 DEBUG 25524 --- [http-nio-8083-exec-1] c.h.i.mapper.ItemMapper.selectBatchIds   : ==> Parameters: 100000006163(Long), 100001511821(Long), 2120808(Long)
16:42:23:198 DEBUG 25524 --- [http-nio-8083-exec-1] c.h.i.mapper.ItemMapper.selectBatchIds   : <==      Total: 3
16:42:23:295 DEBUG 24476 --- [http-nio-8081-exec-2] c.h.i.mapper.ItemMapper.selectBatchIds   : ==>  Preparing: SELECT id,name,price,stock,image,category,brand,spec,sold,comment_count,isAD,status,create_time,update_time,creater,updater FROM item WHERE id IN ( ? , ? , ? )
16:42:23:295 DEBUG 24476 --- [http-nio-8081-exec-2] c.h.i.mapper.ItemMapper.selectBatchIds   : ==> Parameters: 100000006163(Long), 100001511821(Long), 2120808(Long)
16:42:23:298 DEBUG 24476 --- [http-nio-8081-exec-2] c.h.i.mapper.ItemMapper.selectBatchIds   : <==      Total: 3
16:42:23:396 DEBUG 25524 --- [http-nio-8083-exec-2] c.h.i.mapper.ItemMapper.selectBatchIds   : ==>  Preparing: SELECT id,name,price,stock,image,category,brand,spec,sold,comment_count,isAD,status,create_time,update_time,creater,updater FROM item WHERE id IN ( ? , ? , ? )
16:42:23:396 DEBUG 25524 --- [http-nio-8083-exec-2] c.h.i.mapper.ItemMapper.selectBatchIds   : ==> Parameters: 100000006163(Long), 100001511821(Long), 2120808(Long)
16:42:23:397 DEBUG 25524 --- [http-nio-8083-exec-2] c.h.i.mapper.ItemMapper.selectBatchIds   : <==      Total: 3
16:42:23:495 DEBUG 24476 --- [http-nio-8081-exec-3] c.h.i.mapper.ItemMapper.selectBatchIds   : ==>  Preparing: SELECT id,name,price,stock,image,category,brand,spec,sold,comment_count,isAD,status,create_time,update_time,creater,updater FROM item WHERE id IN ( ? , ? , ? )
16:42:23:495 DEBUG 24476 --- [http-nio-8081-exec-3] c.h.i.mapper.ItemMapper.selectBatchIds   : ==> Parameters: 100000006163(Long), 100001511821(Long), 2120808(Long)
16:42:23:496 DEBUG 24476 --- [http-nio-8081-exec-3] c.h.i.mapper.ItemMapper.selectBatchIds   : <==      Total: 3
16:42:23:595 DEBUG 25524 --- [http-nio-8083-exec-3] c.h.i.mapper.ItemMapper.selectBatchIds   : ==>  Preparing: SELECT id,name,price,stock,image,category,brand,spec,sold,comment_count,isAD,status,create_time,update_time,creater,updater FROM item WHERE id IN ( ? , ? , ? )
16:42:23:595 DEBUG 25524 --- [http-nio-8083-exec-3] c.h.i.mapper.ItemMapper.selectBatchIds   : ==> Parameters: 100000006163(Long), 100001511821(Long), 2120808(Long)
16:42:23:597 DEBUG 25524 --- [http-nio-8083-exec-3] c.h.i.mapper.ItemMapper.selectBatchIds   : <==      Total: 3
16:42:24:095 DEBUG 24476 --- [http-nio-8081-exec-4] c.h.i.mapper.ItemMapper.selectBatchIds   : ==>  Preparing: SELECT id,name,price,stock,image,category,brand,spec,sold,comment_count,isAD,status,create_time,update_time,creater,updater FROM item WHERE id IN ( ? , ? , ? )
16:42:24:095 DEBUG 24476 --- [http-nio-8081-exec-4] c.h.i.mapper.ItemMapper.selectBatchIds   : ==> Parameters: 100000006163(Long), 100001511821(Long), 2120808(Long)
16:42:24:096 DEBUG 24476 --- [http-nio-8081-exec-4] c.h.i.mapper.ItemMapper.selectBatchIds   : <==      Total: 3
16:42:24:195 DEBUG 25524 --- [http-nio-8083-exec-4] c.h.i.mapper.ItemMapper.selectBatchIds   : ==>  Preparing: SELECT id,name,price,stock,image,category,brand,spec,sold,comment_count,isAD,status,create_time,update_time,creater,updater FROM item WHERE id IN ( ? , ? , ? )
16:42:24:195 DEBUG 25524 --- [http-nio-8083-exec-4] c.h.i.mapper.ItemMapper.selectBatchIds   : ==> Parameters: 100000006163(Long), 100001511821(Long), 2120808(Long)
16:42:24:197 DEBUG 25524 --- [http-nio-8083-exec-4] c.h.i.mapper.ItemMapper.selectBatchIds   : <==      Total: 3
16:42:24:295 DEBUG 24476 --- [http-nio-8081-exec-5] c.h.i.mapper.ItemMapper.selectBatchIds   : ==>  Preparing: SELECT id,name,price,stock,image,category,brand,spec,sold,comment_count,isAD,status,create_time,update_time,creater,updater FROM item WHERE id IN ( ? , ? , ? )
16:42:24:295 DEBUG 24476 --- [http-nio-8081-exec-5] c.h.i.mapper.ItemMapper.selectBatchIds   : ==> Parameters: 100000006163(Long), 100001511821(Long), 2120808(Long)
16:42:24:296 DEBUG 24476 --- [http-nio-8081-exec-5] c.h.i.mapper.ItemMapper.selectBatchIds   : <==      Total: 3
16:42:24:397 DEBUG 25524 --- [http-nio-8083-exec-6] c.h.i.mapper.ItemMapper.selectBatchIds   : ==>  Preparing: SELECT id,name,price,stock,image,category,brand,spec,sold,comment_count,isAD,status,create_time,update_time,creater,updater FROM item WHERE id IN ( ? , ? , ? )
16:42:24:397 DEBUG 25524 --- [http-nio-8083-exec-6] c.h.i.mapper.ItemMapper.selectBatchIds   : ==> Parameters: 100000006163(Long), 100001511821(Long), 2120808(Long)
16:42:24:399 DEBUG 25524 --- [http-nio-8083-exec-6] c.h.i.mapper.ItemMapper.selectBatchIds   : <==      Total: 3
16:42:24:496 DEBUG 24476 --- [http-nio-8081-exec-6] c.h.i.mapper.ItemMapper.selectBatchIds   : ==>  Preparing: SELECT id,name,price,stock,image,category,brand,spec,sold,comment_count,isAD,status,create_time,update_time,creater,updater FROM item WHERE id IN ( ? , ? , ? )
16:42:24:496 DEBUG 24476 --- [http-nio-8081-exec-6] c.h.i.mapper.ItemMapper.selectBatchIds   : ==> Parameters: 100000006163(Long), 100001511821(Long), 2120808(Long)
16:42:24:498 DEBUG 24476 --- [http-nio-8081-exec-6] c.h.i.mapper.ItemMapper.selectBatchIds   : <==      Total: 3
16:42:24:596 DEBUG 25524 --- [http-nio-8083-exec-5] c.h.i.mapper.ItemMapper.selectBatchIds   : ==>  Preparing: SELECT id,name,price,stock,image,category,brand,spec,sold,comment_count,isAD,status,create_time,update_time,creater,updater FROM item WHERE id IN ( ? , ? , ? )
16:42:24:596 DEBUG 25524 --- [http-nio-8083-exec-5] c.h.i.mapper.ItemMapper.selectBatchIds   : ==> Parameters: 100000006163(Long), 100001511821(Long), 2120808(Long)
16:42:24:599 DEBUG 25524 --- [http-nio-8083-exec-5] c.h.i.mapper.ItemMapper.selectBatchIds   : <==      Total: 3
16:42:25:096 DEBUG 24476 --- [http-nio-8081-exec-7] c.h.i.mapper.ItemMapper.selectBatchIds   : ==>  Preparing: SELECT id,name,price,stock,image,category,brand,spec,sold,comment_count,isAD,status,create_time,update_time,creater,updater FROM item WHERE id IN ( ? , ? , ? )
16:42:25:096 DEBUG 24476 --- [http-nio-8081-exec-7] c.h.i.mapper.ItemMapper.selectBatchIds   : ==> Parameters: 100000006163(Long), 100001511821(Long), 2120808(Long)
16:42:25:097 DEBUG 24476 --- [http-nio-8081-exec-7] c.h.i.mapper.ItemMapper.selectBatchIds   : <==      Total: 3
16:42:25:195 DEBUG 25524 --- [http-nio-8083-exec-9] c.h.i.mapper.ItemMapper.selectBatchIds   : ==>  Preparing: SELECT id,name,price,stock,image,category,brand,spec,sold,comment_count,isAD,status,create_time,update_time,creater,updater FROM item WHERE id IN ( ? , ? , ? )
16:42:25:195 DEBUG 25524 --- [http-nio-8083-exec-9] c.h.i.mapper.ItemMapper.selectBatchIds   : ==> Parameters: 100000006163(Long), 100001511821(Long), 2120808(Long)
16:42:25:196 DEBUG 25524 --- [http-nio-8083-exec-9] c.h.i.mapper.ItemMapper.selectBatchIds   : <==      Total: 3
16:42:25:295 DEBUG 24476 --- [http-nio-8081-exec-8] c.h.i.mapper.ItemMapper.selectBatchIds   : ==>  Preparing: SELECT id,name,price,stock,image,category,brand,spec,sold,comment_count,isAD,status,create_time,update_time,creater,updater FROM item WHERE id IN ( ? , ? , ? )
16:42:25:295 DEBUG 24476 --- [http-nio-8081-exec-8] c.h.i.mapper.ItemMapper.selectBatchIds   : ==> Parameters: 100000006163(Long), 100001511821(Long), 2120808(Long)
16:42:25:297 DEBUG 24476 --- [http-nio-8081-exec-8] c.h.i.mapper.ItemMapper.selectBatchIds   : <==      Total: 3
16:42:25:398 DEBUG 25524 --- [http-nio-8083-exec-8] c.h.i.mapper.ItemMapper.selectBatchIds   : ==>  Preparing: SELECT id,name,price,stock,image,category,brand,spec,sold,comment_count,isAD,status,create_time,update_time,creater,updater FROM item WHERE id IN ( ? , ? , ? )
16:42:25:399 DEBUG 25524 --- [http-nio-8083-exec-8] c.h.i.mapper.ItemMapper.selectBatchIds   : ==> Parameters: 100000006163(Long), 100001511821(Long), 2120808(Long)
16:42:25:399 DEBUG 25524 --- [http-nio-8083-exec-8] c.h.i.mapper.ItemMapper.selectBatchIds   : <==      Total: 3
16:42:25:496 DEBUG 24476 --- [http-nio-8081-exec-9] c.h.i.mapper.ItemMapper.selectBatchIds   : ==>  Preparing: SELECT id,name,price,stock,image,category,brand,spec,sold,comment_count,isAD,status,create_time,update_time,creater,updater FROM item WHERE id IN ( ? , ? , ? )
16:42:25:496 DEBUG 24476 --- [http-nio-8081-exec-9] c.h.i.mapper.ItemMapper.selectBatchIds   : ==> Parameters: 100000006163(Long), 100001511821(Long), 2120808(Long)
16:42:25:497 DEBUG 24476 --- [http-nio-8081-exec-9] c.h.i.mapper.ItemMapper.selectBatchIds   : <==      Total: 3
16:42:25:595 DEBUG 25524 --- [http-nio-8083-exec-7] c.h.i.mapper.ItemMapper.selectBatchIds   : ==>  Preparing: SELECT id,name,price,stock,image,category,brand,spec,sold,comment_count,isAD,status,create_time,update_time,creater,updater FROM item WHERE id IN ( ? , ? , ? )
16:42:25:595 DEBUG 25524 --- [http-nio-8083-exec-7] c.h.i.mapper.ItemMapper.selectBatchIds   : ==> Parameters: 100000006163(Long), 100001511821(Long), 2120808(Long)
16:42:25:597 DEBUG 25524 --- [http-nio-8083-exec-7] c.h.i.mapper.ItemMapper.selectBatchIds   : <==      Total: 3
16:42:26:095 DEBUG 24476 --- [http-nio-8081-exec-10] c.h.i.mapper.ItemMapper.selectBatchIds   : ==>  Preparing: SELECT id,name,price,stock,image,category,brand,spec,sold,comment_count,isAD,status,create_time,update_time,creater,updater FROM item WHERE id IN ( ? , ? , ? )
16:42:26:095 DEBUG 24476 --- [http-nio-8081-exec-10] c.h.i.mapper.ItemMapper.selectBatchIds   : ==> Parameters: 100000006163(Long), 100001511821(Long), 2120808(Long)
16:42:26:096 DEBUG 24476 --- [http-nio-8081-exec-10] c.h.i.mapper.ItemMapper.selectBatchIds   : <==      Total: 3
16:42:26:195 DEBUG 25524 --- [http-nio-8083-exec-10] c.h.i.mapper.ItemMapper.selectBatchIds   : ==>  Preparing: SELECT id,name,price,stock,image,category,brand,spec,sold,comment_count,isAD,status,create_time,update_time,creater,updater FROM item WHERE id IN ( ? , ? , ? )
16:42:26:195 DEBUG 25524 --- [http-nio-8083-exec-10] c.h.i.mapper.ItemMapper.selectBatchIds   : ==> Parameters: 100000006163(Long), 100001511821(Long), 2120808(Long)
16:42:26:196 DEBUG 25524 --- [http-nio-8083-exec-10] c.h.i.mapper.ItemMapper.selectBatchIds   : <==      Total: 3
16:42:26:294 DEBUG 24476 --- [http-nio-8081-exec-1] c.h.i.mapper.ItemMapper.selectBatchIds   : ==>  Preparing: SELECT id,name,price,stock,image,category,brand,spec,sold,comment_count,isAD,status,create_time,update_time,creater,updater FROM item WHERE id IN ( ? , ? , ? )
16:42:26:295 DEBUG 24476 --- [http-nio-8081-exec-1] c.h.i.mapper.ItemMapper.selectBatchIds   : ==> Parameters: 100000006163(Long), 100001511821(Long), 2120808(Long)
16:42:26:296 DEBUG 24476 --- [http-nio-8081-exec-1] c.h.i.mapper.ItemMapper.selectBatchIds   : <==      Total: 3
16:42:26:399 DEBUG 25524 --- [http-nio-8083-exec-1] c.h.i.mapper.ItemMapper.selectBatchIds   : ==>  Preparing: SELECT id,name,price,stock,image,category,brand,spec,sold,comment_count,isAD,status,create_time,update_time,creater,updater FROM item WHERE id IN ( ? , ? , ? )
16:42:26:399 DEBUG 25524 --- [http-nio-8083-exec-1] c.h.i.mapper.ItemMapper.selectBatchIds   : ==> Parameters: 100000006163(Long), 100001511821(Long), 2120808(Long)
16:42:26:401 DEBUG 25524 --- [http-nio-8083-exec-1] c.h.i.mapper.ItemMapper.selectBatchIds   : <==      Total: 3
16:42:26:507 DEBUG 24476 --- [http-nio-8081-exec-2] c.h.i.mapper.ItemMapper.selectBatchIds   : ==>  Preparing: SELECT id,name,price,stock,image,category,brand,spec,sold,comment_count,isAD,status,create_time,update_time,creater,updater FROM item WHERE id IN ( ? , ? , ? )
16:42:26:508 DEBUG 24476 --- [http-nio-8081-exec-2] c.h.i.mapper.ItemMapper.selectBatchIds   : ==> Parameters: 100000006163(Long), 100001511821(Long), 2120808(Long)
16:42:26:509 DEBUG 24476 --- [http-nio-8081-exec-2] c.h.i.mapper.ItemMapper.selectBatchIds   : <==      Total: 3
16:42:26:599 DEBUG 25524 --- [http-nio-8083-exec-2] c.h.i.mapper.ItemMapper.selectBatchIds   : ==>  Preparing: SELECT id,name,price,stock,image,category,brand,spec,sold,comment_count,isAD,status,create_time,update_time,creater,updater FROM item WHERE id IN ( ? , ? , ? )
16:42:26:599 DEBUG 25524 --- [http-nio-8083-exec-2] c.h.i.mapper.ItemMapper.selectBatchIds   : ==> Parameters: 100000006163(Long), 100001511821(Long), 2120808(Long)
16:42:26:601 DEBUG 25524 --- [http-nio-8083-exec-2] c.h.i.mapper.ItemMapper.selectBatchIds   : <==      Total: 3
16:42:27:097 DEBUG 24476 --- [http-nio-8081-exec-3] c.h.i.mapper.ItemMapper.selectBatchIds   : ==>  Preparing: SELECT id,name,price,stock,image,category,brand,spec,sold,comment_count,isAD,status,create_time,update_time,creater,updater FROM item WHERE id IN ( ? , ? , ? )
16:42:27:097 DEBUG 24476 --- [http-nio-8081-exec-3] c.h.i.mapper.ItemMapper.selectBatchIds   : ==> Parameters: 100000006163(Long), 100001511821(Long), 2120808(Long)
16:42:27:098 DEBUG 24476 --- [http-nio-8081-exec-3] c.h.i.mapper.ItemMapper.selectBatchIds   : <==      Total: 3
16:42:27:197 DEBUG 25524 --- [http-nio-8083-exec-3] c.h.i.mapper.ItemMapper.selectBatchIds   : ==>  Preparing: SELECT id,name,price,stock,image,category,brand,spec,sold,comment_count,isAD,status,create_time,update_time,creater,updater FROM item WHERE id IN ( ? , ? , ? )
16:42:27:197 DEBUG 25524 --- [http-nio-8083-exec-3] c.h.i.mapper.ItemMapper.selectBatchIds   : ==> Parameters: 100000006163(Long), 100001511821(Long), 2120808(Long)
16:42:27:199 DEBUG 25524 --- [http-nio-8083-exec-3] c.h.i.mapper.ItemMapper.selectBatchIds   : <==      Total: 3
16:42:27:295 DEBUG 24476 --- [http-nio-8081-exec-4] c.h.i.mapper.ItemMapper.selectBatchIds   : ==>  Preparing: SELECT id,name,price,stock,image,category,brand,spec,sold,comment_count,isAD,status,create_time,update_time,creater,updater FROM item WHERE id IN ( ? , ? , ? )
16:42:27:295 DEBUG 24476 --- [http-nio-8081-exec-4] c.h.i.mapper.ItemMapper.selectBatchIds   : ==> Parameters: 100000006163(Long), 100001511821(Long), 2120808(Long)
16:42:27:296 DEBUG 24476 --- [http-nio-8081-exec-4] c.h.i.mapper.ItemMapper.selectBatchIds   : <==      Total: 3
16:42:27:398 DEBUG 25524 --- [http-nio-8083-exec-4] c.h.i.mapper.ItemMapper.selectBatchIds   : ==>  Preparing: SELECT id,name,price,stock,image,category,brand,spec,sold,comment_count,isAD,status,create_time,update_time,creater,updater FROM item WHERE id IN ( ? , ? , ? )
16:42:27:399 DEBUG 25524 --- [http-nio-8083-exec-4] c.h.i.mapper.ItemMapper.selectBatchIds   : ==> Parameters: 100000006163(Long), 100001511821(Long), 2120808(Long)
16:42:27:400 DEBUG 25524 --- [http-nio-8083-exec-4] c.h.i.mapper.ItemMapper.selectBatchIds   : <==      Total: 3
16:42:27:595 DEBUG 24476 --- [http-nio-8081-exec-5] c.h.i.mapper.ItemMapper.selectBatchIds   : ==>  Preparing: SELECT id,name,price,stock,image,category,brand,spec,sold,comment_count,isAD,status,create_time,update_time,creater,updater FROM item WHERE id IN ( ? , ? , ? )
16:42:27:595 DEBUG 24476 --- [http-nio-8081-exec-5] c.h.i.mapper.ItemMapper.selectBatchIds   : ==> Parameters: 100000006163(Long), 100001511821(Long), 2120808(Long)
16:42:27:598 DEBUG 24476 --- [http-nio-8081-exec-5] c.h.i.mapper.ItemMapper.selectBatchIds   : <==      Total: 3
16:42:27:694 DEBUG 25524 --- [http-nio-8083-exec-6] c.h.i.mapper.ItemMapper.selectBatchIds   : ==>  Preparing: SELECT id,name,price,stock,image,category,brand,spec,sold,comment_count,isAD,status,create_time,update_time,creater,updater FROM item WHERE id IN ( ? , ? , ? )
16:42:27:694 DEBUG 25524 --- [http-nio-8083-exec-6] c.h.i.mapper.ItemMapper.selectBatchIds   : ==> Parameters: 100000006163(Long), 100001511821(Long), 2120808(Long)
16:42:27:696 DEBUG 25524 --- [http-nio-8083-exec-6] c.h.i.mapper.ItemMapper.selectBatchIds   : <==      Total: 3
16:42:28:094 DEBUG 24476 --- [http-nio-8081-exec-6] c.h.i.mapper.ItemMapper.selectBatchIds   : ==>  Preparing: SELECT id,name,price,stock,image,category,brand,spec,sold,comment_count,isAD,status,create_time,update_time,creater,updater FROM item WHERE id IN ( ? , ? , ? )
16:42:28:094 DEBUG 24476 --- [http-nio-8081-exec-6] c.h.i.mapper.ItemMapper.selectBatchIds   : ==> Parameters: 100000006163(Long), 100001511821(Long), 2120808(Long)
16:42:28:095 DEBUG 24476 --- [http-nio-8081-exec-6] c.h.i.mapper.ItemMapper.selectBatchIds   : <==      Total: 3
16:42:28:196 DEBUG 25524 --- [http-nio-8083-exec-5] c.h.i.mapper.ItemMapper.selectBatchIds   : ==>  Preparing: SELECT id,name,price,stock,image,category,brand,spec,sold,comment_count,isAD,status,create_time,update_time,creater,updater FROM item WHERE id IN ( ? , ? , ? )
16:42:28:197 DEBUG 25524 --- [http-nio-8083-exec-5] c.h.i.mapper.ItemMapper.selectBatchIds   : ==> Parameters: 100000006163(Long), 100001511821(Long), 2120808(Long)
16:42:28:198 DEBUG 25524 --- [http-nio-8083-exec-5] c.h.i.mapper.ItemMapper.selectBatchIds   : <==      Total: 3
16:42:28:297 DEBUG 24476 --- [http-nio-8081-exec-7] c.h.i.mapper.ItemMapper.selectBatchIds   : ==>  Preparing: SELECT id,name,price,stock,image,category,brand,spec,sold,comment_count,isAD,status,create_time,update_time,creater,updater FROM item WHERE id IN ( ? , ? , ? )
16:42:28:297 DEBUG 24476 --- [http-nio-8081-exec-7] c.h.i.mapper.ItemMapper.selectBatchIds   : ==> Parameters: 100000006163(Long), 100001511821(Long), 2120808(Long)
16:42:28:297 DEBUG 24476 --- [http-nio-8081-exec-7] c.h.i.mapper.ItemMapper.selectBatchIds   : <==      Total: 3
16:42:28:398 DEBUG 25524 --- [http-nio-8083-exec-9] c.h.i.mapper.ItemMapper.selectBatchIds   : ==>  Preparing: SELECT id,name,price,stock,image,category,brand,spec,sold,comment_count,isAD,status,create_time,update_time,creater,updater FROM item WHERE id IN ( ? , ? , ? )
16:42:28:399 DEBUG 25524 --- [http-nio-8083-exec-9] c.h.i.mapper.ItemMapper.selectBatchIds   : ==> Parameters: 100000006163(Long), 100001511821(Long), 2120808(Long)
16:42:28:400 DEBUG 25524 --- [http-nio-8083-exec-9] c.h.i.mapper.ItemMapper.selectBatchIds   : <==      Total: 3
16:42:28:595 DEBUG 24476 --- [http-nio-8081-exec-8] c.h.i.mapper.ItemMapper.selectBatchIds   : ==>  Preparing: SELECT id,name,price,stock,image,category,brand,spec,sold,comment_count,isAD,status,create_time,update_time,creater,updater FROM item WHERE id IN ( ? , ? , ? )
16:42:28:595 DEBUG 24476 --- [http-nio-8081-exec-8] c.h.i.mapper.ItemMapper.selectBatchIds   : ==> Parameters: 100000006163(Long), 100001511821(Long), 2120808(Long)
16:42:28:596 DEBUG 24476 --- [http-nio-8081-exec-8] c.h.i.mapper.ItemMapper.selectBatchIds   : <==      Total: 3
16:42:28:694 DEBUG 25524 --- [http-nio-8083-exec-8] c.h.i.mapper.ItemMapper.selectBatchIds   : ==>  Preparing: SELECT id,name,price,stock,image,category,brand,spec,sold,comment_count,isAD,status,create_time,update_time,creater,updater FROM item WHERE id IN ( ? , ? , ? )
16:42:28:694 DEBUG 25524 --- [http-nio-8083-exec-8] c.h.i.mapper.ItemMapper.selectBatchIds   : ==> Parameters: 100000006163(Long), 100001511821(Long), 2120808(Long)
16:42:28:696 DEBUG 25524 --- [http-nio-8083-exec-8] c.h.i.mapper.ItemMapper.selectBatchIds   : <==      Total: 3
16:42:29:093 DEBUG 24476 --- [http-nio-8081-exec-9] c.h.i.mapper.ItemMapper.selectBatchIds   : ==>  Preparing: SELECT id,name,price,stock,image,category,brand,spec,sold,comment_count,isAD,status,create_time,update_time,creater,updater FROM item WHERE id IN ( ? , ? , ? )
16:42:29:093 DEBUG 24476 --- [http-nio-8081-exec-9] c.h.i.mapper.ItemMapper.selectBatchIds   : ==> Parameters: 100000006163(Long), 100001511821(Long), 2120808(Long)
16:42:29:095 DEBUG 24476 --- [http-nio-8081-exec-9] c.h.i.mapper.ItemMapper.selectBatchIds   : <==      Total: 3
16:42:29:195 DEBUG 25524 --- [http-nio-8083-exec-7] c.h.i.mapper.ItemMapper.selectBatchIds   : ==>  Preparing: SELECT id,name,price,stock,image,category,brand,spec,sold,comment_count,isAD,status,create_time,update_time,creater,updater FROM item WHERE id IN ( ? , ? , ? )
16:42:29:195 DEBUG 25524 --- [http-nio-8083-exec-7] c.h.i.mapper.ItemMapper.selectBatchIds   : ==> Parameters: 100000006163(Long), 100001511821(Long), 2120808(Long)
16:42:29:196 DEBUG 25524 --- [http-nio-8083-exec-7] c.h.i.mapper.ItemMapper.selectBatchIds   : <==      Total: 3
16:42:29:294 DEBUG 24476 --- [http-nio-8081-exec-10] c.h.i.mapper.ItemMapper.selectBatchIds   : ==>  Preparing: SELECT id,name,price,stock,image,category,brand,spec,sold,comment_count,isAD,status,create_time,update_time,creater,updater FROM item WHERE id IN ( ? , ? , ? )
16:42:29:295 DEBUG 24476 --- [http-nio-8081-exec-10] c.h.i.mapper.ItemMapper.selectBatchIds   : ==> Parameters: 100000006163(Long), 100001511821(Long), 2120808(Long)
16:42:29:296 DEBUG 24476 --- [http-nio-8081-exec-10] c.h.i.mapper.ItemMapper.selectBatchIds   : <==      Total: 3
16:42:29:396 DEBUG 25524 --- [http-nio-8083-exec-10] c.h.i.mapper.ItemMapper.selectBatchIds   : ==>  Preparing: SELECT id,name,price,stock,image,category,brand,spec,sold,comment_count,isAD,status,create_time,update_time,creater,updater FROM item WHERE id IN ( ? , ? , ? )
16:42:29:396 DEBUG 25524 --- [http-nio-8083-exec-10] c.h.i.mapper.ItemMapper.selectBatchIds   : ==> Parameters: 100000006163(Long), 100001511821(Long), 2120808(Long)
16:42:29:398 DEBUG 25524 --- [http-nio-8083-exec-10] c.h.i.mapper.ItemMapper.selectBatchIds   : <==      Total: 3
16:42:29:596 DEBUG 24476 --- [http-nio-8081-exec-1] c.h.i.mapper.ItemMapper.selectBatchIds   : ==>  Preparing: SELECT id,name,price,stock,image,category,brand,spec,sold,comment_count,isAD,status,create_time,update_time,creater,updater FROM item WHERE id IN ( ? , ? , ? )
16:42:29:596 DEBUG 24476 --- [http-nio-8081-exec-1] c.h.i.mapper.ItemMapper.selectBatchIds   : ==> Parameters: 100000006163(Long), 100001511821(Long), 2120808(Long)
16:42:29:598 DEBUG 24476 --- [http-nio-8081-exec-1] c.h.i.mapper.ItemMapper.selectBatchIds   : <==      Total: 3
16:42:29:695 DEBUG 25524 --- [http-nio-8083-exec-1] c.h.i.mapper.ItemMapper.selectBatchIds   : ==>  Preparing: SELECT id,name,price,stock,image,category,brand,spec,sold,comment_count,isAD,status,create_time,update_time,creater,updater FROM item WHERE id IN ( ? , ? , ? )
16:42:29:695 DEBUG 25524 --- [http-nio-8083-exec-1] c.h.i.mapper.ItemMapper.selectBatchIds   : ==> Parameters: 100000006163(Long), 100001511821(Long), 2120808(Long)
16:42:29:696 DEBUG 25524 --- [http-nio-8083-exec-1] c.h.i.mapper.ItemMapper.selectBatchIds   : <==      Total: 3
16:42:30:094 DEBUG 24476 --- [http-nio-8081-exec-2] c.h.i.mapper.ItemMapper.selectBatchIds   : ==>  Preparing: SELECT id,name,price,stock,image,category,brand,spec,sold,comment_count,isAD,status,create_time,update_time,creater,updater FROM item WHERE id IN ( ? , ? , ? )
16:42:30:094 DEBUG 24476 --- [http-nio-8081-exec-2] c.h.i.mapper.ItemMapper.selectBatchIds   : ==> Parameters: 100000006163(Long), 100001511821(Long), 2120808(Long)
16:42:30:095 DEBUG 24476 --- [http-nio-8081-exec-2] c.h.i.mapper.ItemMapper.selectBatchIds   : <==      Total: 3
16:42:30:195 DEBUG 25524 --- [http-nio-8083-exec-2] c.h.i.mapper.ItemMapper.selectBatchIds   : ==>  Preparing: SELECT id,name,price,stock,image,category,brand,spec,sold,comment_count,isAD,status,create_time,update_time,creater,updater FROM item WHERE id IN ( ? , ? , ? )
16:42:30:195 DEBUG 25524 --- [http-nio-8083-exec-2] c.h.i.mapper.ItemMapper.selectBatchIds   : ==> Parameters: 100000006163(Long), 100001511821(Long), 2120808(Long)
16:42:30:196 DEBUG 25524 --- [http-nio-8083-exec-2] c.h.i.mapper.ItemMapper.selectBatchIds   : <==      Total: 3
16:42:30:297 DEBUG 24476 --- [http-nio-8081-exec-3] c.h.i.mapper.ItemMapper.selectBatchIds   : ==>  Preparing: SELECT id,name,price,stock,image,category,brand,spec,sold,comment_count,isAD,status,create_time,update_time,creater,updater FROM item WHERE id IN ( ? , ? , ? )
16:42:30:297 DEBUG 24476 --- [http-nio-8081-exec-3] c.h.i.mapper.ItemMapper.selectBatchIds   : ==> Parameters: 100000006163(Long), 100001511821(Long), 2120808(Long)
16:42:30:298 DEBUG 24476 --- [http-nio-8081-exec-3] c.h.i.mapper.ItemMapper.selectBatchIds   : <==      Total: 3
16:42:30:395 DEBUG 25524 --- [http-nio-8083-exec-3] c.h.i.mapper.ItemMapper.selectBatchIds   : ==>  Preparing: SELECT id,name,price,stock,image,category,brand,spec,sold,comment_count,isAD,status,create_time,update_time,creater,updater FROM item WHERE id IN ( ? , ? , ? )
16:42:30:395 DEBUG 25524 --- [http-nio-8083-exec-3] c.h.i.mapper.ItemMapper.selectBatchIds   : ==> Parameters: 100000006163(Long), 100001511821(Long), 2120808(Long)
16:42:30:396 DEBUG 25524 --- [http-nio-8083-exec-3] c.h.i.mapper.ItemMapper.selectBatchIds   : <==      Total: 3
16:42:30:596 DEBUG 24476 --- [http-nio-8081-exec-4] c.h.i.mapper.ItemMapper.selectBatchIds   : ==>  Preparing: SELECT id,name,price,stock,image,category,brand,spec,sold,comment_count,isAD,status,create_time,update_time,creater,updater FROM item WHERE id IN ( ? , ? , ? )
16:42:30:596 DEBUG 24476 --- [http-nio-8081-exec-4] c.h.i.mapper.ItemMapper.selectBatchIds   : ==> Parameters: 100000006163(Long), 100001511821(Long), 2120808(Long)
16:42:30:598 DEBUG 24476 --- [http-nio-8081-exec-4] c.h.i.mapper.ItemMapper.selectBatchIds   : <==      Total: 3
16:42:30:695 DEBUG 25524 --- [http-nio-8083-exec-4] c.h.i.mapper.ItemMapper.selectBatchIds   : ==>  Preparing: SELECT id,name,price,stock,image,category,brand,spec,sold,comment_count,isAD,status,create_time,update_time,creater,updater FROM item WHERE id IN ( ? , ? , ? )
16:42:30:695 DEBUG 25524 --- [http-nio-8083-exec-4] c.h.i.mapper.ItemMapper.selectBatchIds   : ==> Parameters: 100000006163(Long), 100001511821(Long), 2120808(Long)
16:42:30:696 DEBUG 25524 --- [http-nio-8083-exec-4] c.h.i.mapper.ItemMapper.selectBatchIds   : <==      Total: 3
16:42:31:093 DEBUG 24476 --- [http-nio-8081-exec-5] c.h.i.mapper.ItemMapper.selectBatchIds   : ==>  Preparing: SELECT id,name,price,stock,image,category,brand,spec,sold,comment_count,isAD,status,create_time,update_time,creater,updater FROM item WHERE id IN ( ? , ? , ? )
16:42:31:093 DEBUG 24476 --- [http-nio-8081-exec-5] c.h.i.mapper.ItemMapper.selectBatchIds   : ==> Parameters: 100000006163(Long), 100001511821(Long), 2120808(Long)
16:42:31:095 DEBUG 24476 --- [http-nio-8081-exec-5] c.h.i.mapper.ItemMapper.selectBatchIds   : <==      Total: 3
16:42:31:193 DEBUG 25524 --- [http-nio-8083-exec-6] c.h.i.mapper.ItemMapper.selectBatchIds   : ==>  Preparing: SELECT id,name,price,stock,image,category,brand,spec,sold,comment_count,isAD,status,create_time,update_time,creater,updater FROM item WHERE id IN ( ? , ? , ? )
16:42:31:193 DEBUG 25524 --- [http-nio-8083-exec-6] c.h.i.mapper.ItemMapper.selectBatchIds   : ==> Parameters: 100000006163(Long), 100001511821(Long), 2120808(Long)
16:42:31:195 DEBUG 25524 --- [http-nio-8083-exec-6] c.h.i.mapper.ItemMapper.selectBatchIds   : <==      Total: 3
16:42:31:297 DEBUG 24476 --- [http-nio-8081-exec-6] c.h.i.mapper.ItemMapper.selectBatchIds   : ==>  Preparing: SELECT id,name,price,stock,image,category,brand,spec,sold,comment_count,isAD,status,create_time,update_time,creater,updater FROM item WHERE id IN ( ? , ? , ? )
16:42:31:297 DEBUG 24476 --- [http-nio-8081-exec-6] c.h.i.mapper.ItemMapper.selectBatchIds   : ==> Parameters: 100000006163(Long), 100001511821(Long), 2120808(Long)
16:42:31:298 DEBUG 24476 --- [http-nio-8081-exec-6] c.h.i.mapper.ItemMapper.selectBatchIds   : <==      Total: 3
16:42:31:398 DEBUG 25524 --- [http-nio-8083-exec-5] c.h.i.mapper.ItemMapper.selectBatchIds   : ==>  Preparing: SELECT id,name,price,stock,image,category,brand,spec,sold,comment_count,isAD,status,create_time,update_time,creater,updater FROM item WHERE id IN ( ? , ? , ? )
16:42:31:398 DEBUG 25524 --- [http-nio-8083-exec-5] c.h.i.mapper.ItemMapper.selectBatchIds   : ==> Parameters: 100000006163(Long), 100001511821(Long), 2120808(Long)
16:42:31:400 DEBUG 25524 --- [http-nio-8083-exec-5] c.h.i.mapper.ItemMapper.selectBatchIds   : <==      Total: 3
16:42:31:598 DEBUG 24476 --- [http-nio-8081-exec-7] c.h.i.mapper.ItemMapper.selectBatchIds   : ==>  Preparing: SELECT id,name,price,stock,image,category,brand,spec,sold,comment_count,isAD,status,create_time,update_time,creater,updater FROM item WHERE id IN ( ? , ? , ? )
16:42:31:598 DEBUG 24476 --- [http-nio-8081-exec-7] c.h.i.mapper.ItemMapper.selectBatchIds   : ==> Parameters: 100000006163(Long), 100001511821(Long), 2120808(Long)
16:42:31:599 DEBUG 24476 --- [http-nio-8081-exec-7] c.h.i.mapper.ItemMapper.selectBatchIds   : <==      Total: 3
16:42:31:695 DEBUG 25524 --- [http-nio-8083-exec-9] c.h.i.mapper.ItemMapper.selectBatchIds   : ==>  Preparing: SELECT id,name,price,stock,image,category,brand,spec,sold,comment_count,isAD,status,create_time,update_time,creater,updater FROM item WHERE id IN ( ? , ? , ? )
16:42:31:696 DEBUG 25524 --- [http-nio-8083-exec-9] c.h.i.mapper.ItemMapper.selectBatchIds   : ==> Parameters: 100000006163(Long), 100001511821(Long), 2120808(Long)
16:42:31:696 DEBUG 25524 --- [http-nio-8083-exec-9] c.h.i.mapper.ItemMapper.selectBatchIds   : <==      Total: 3
16:42:32:095 DEBUG 24476 --- [http-nio-8081-exec-8] c.h.i.mapper.ItemMapper.selectBatchIds   : ==>  Preparing: SELECT id,name,price,stock,image,category,brand,spec,sold,comment_count,isAD,status,create_time,update_time,creater,updater FROM item WHERE id IN ( ? , ? , ? )
16:42:32:095 DEBUG 24476 --- [http-nio-8081-exec-8] c.h.i.mapper.ItemMapper.selectBatchIds   : ==> Parameters: 100000006163(Long), 100001511821(Long), 2120808(Long)
16:42:32:096 DEBUG 24476 --- [http-nio-8081-exec-8] c.h.i.mapper.ItemMapper.selectBatchIds   : <==      Total: 3
16:42:32:194 DEBUG 25524 --- [http-nio-8083-exec-8] c.h.i.mapper.ItemMapper.selectBatchIds   : ==>  Preparing: SELECT id,name,price,stock,image,category,brand,spec,sold,comment_count,isAD,status,create_time,update_time,creater,updater FROM item WHERE id IN ( ? , ? , ? )
16:42:32:196 DEBUG 25524 --- [http-nio-8083-exec-8] c.h.i.mapper.ItemMapper.selectBatchIds   : ==> Parameters: 100000006163(Long), 100001511821(Long), 2120808(Long)
16:42:32:197 DEBUG 25524 --- [http-nio-8083-exec-8] c.h.i.mapper.ItemMapper.selectBatchIds   : <==      Total: 3
16:42:32:295 DEBUG 24476 --- [http-nio-8081-exec-9] c.h.i.mapper.ItemMapper.selectBatchIds   : ==>  Preparing: SELECT id,name,price,stock,image,category,brand,spec,sold,comment_count,isAD,status,create_time,update_time,creater,updater FROM item WHERE id IN ( ? , ? , ? )
16:42:32:295 DEBUG 24476 --- [http-nio-8081-exec-9] c.h.i.mapper.ItemMapper.selectBatchIds   : ==> Parameters: 100000006163(Long), 100001511821(Long), 2120808(Long)
16:42:32:297 DEBUG 24476 --- [http-nio-8081-exec-9] c.h.i.mapper.ItemMapper.selectBatchIds   : <==      Total: 3
16:42:32:397 DEBUG 25524 --- [http-nio-8083-exec-7] c.h.i.mapper.ItemMapper.selectBatchIds   : ==>  Preparing: SELECT id,name,price,stock,image,category,brand,spec,sold,comment_count,isAD,status,create_time,update_time,creater,updater FROM item WHERE id IN ( ? , ? , ? )
16:42:32:397 DEBUG 25524 --- [http-nio-8083-exec-7] c.h.i.mapper.ItemMapper.selectBatchIds   : ==> Parameters: 100000006163(Long), 100001511821(Long), 2120808(Long)
16:42:32:398 DEBUG 25524 --- [http-nio-8083-exec-7] c.h.i.mapper.ItemMapper.selectBatchIds   : <==      Total: 3
16:42:32:596 DEBUG 24476 --- [http-nio-8081-exec-10] c.h.i.mapper.ItemMapper.selectBatchIds   : ==>  Preparing: SELECT id,name,price,stock,image,category,brand,spec,sold,comment_count,isAD,status,create_time,update_time,creater,updater FROM item WHERE id IN ( ? , ? , ? )
16:42:32:596 DEBUG 24476 --- [http-nio-8081-exec-10] c.h.i.mapper.ItemMapper.selectBatchIds   : ==> Parameters: 100000006163(Long), 100001511821(Long), 2120808(Long)
16:42:32:598 DEBUG 24476 --- [http-nio-8081-exec-10] c.h.i.mapper.ItemMapper.selectBatchIds   : <==      Total: 3
16:42:32:695 DEBUG 25524 --- [http-nio-8083-exec-10] c.h.i.mapper.ItemMapper.selectBatchIds   : ==>  Preparing: SELECT id,name,price,stock,image,category,brand,spec,sold,comment_count,isAD,status,create_time,update_time,creater,updater FROM item WHERE id IN ( ? , ? , ? )
16:42:32:695 DEBUG 25524 --- [http-nio-8083-exec-10] c.h.i.mapper.ItemMapper.selectBatchIds   : ==> Parameters: 100000006163(Long), 100001511821(Long), 2120808(Long)
16:42:32:697 DEBUG 25524 --- [http-nio-8083-exec-10] c.h.i.mapper.ItemMapper.selectBatchIds   : <==      Total: 3
16:42:33:095 DEBUG 24476 --- [http-nio-8081-exec-1] c.h.i.mapper.ItemMapper.selectBatchIds   : ==>  Preparing: SELECT id,name,price,stock,image,category,brand,spec,sold,comment_count,isAD,status,create_time,update_time,creater,updater FROM item WHERE id IN ( ? , ? , ? )
16:42:33:095 DEBUG 24476 --- [http-nio-8081-exec-1] c.h.i.mapper.ItemMapper.selectBatchIds   : ==> Parameters: 100000006163(Long), 100001511821(Long), 2120808(Long)
16:42:33:097 DEBUG 24476 --- [http-nio-8081-exec-1] c.h.i.mapper.ItemMapper.selectBatchIds   : <==      Total: 3
16:42:33:197 DEBUG 25524 --- [http-nio-8083-exec-1] c.h.i.mapper.ItemMapper.selectBatchIds   : ==>  Preparing: SELECT id,name,price,stock,image,category,brand,spec,sold,comment_count,isAD,status,create_time,update_time,creater,updater FROM item WHERE id IN ( ? , ? , ? )
16:42:33:197 DEBUG 25524 --- [http-nio-8083-exec-1] c.h.i.mapper.ItemMapper.selectBatchIds   : ==> Parameters: 100000006163(Long), 100001511821(Long), 2120808(Long)
16:42:33:199 DEBUG 25524 --- [http-nio-8083-exec-1] c.h.i.mapper.ItemMapper.selectBatchIds   : <==      Total: 3
16:42:33:294 DEBUG 24476 --- [http-nio-8081-exec-2] c.h.i.mapper.ItemMapper.selectBatchIds   : ==>  Preparing: SELECT id,name,price,stock,image,category,brand,spec,sold,comment_count,isAD,status,create_time,update_time,creater,updater FROM item WHERE id IN ( ? , ? , ? )
16:42:33:295 DEBUG 24476 --- [http-nio-8081-exec-2] c.h.i.mapper.ItemMapper.selectBatchIds   : ==> Parameters: 100000006163(Long), 100001511821(Long), 2120808(Long)
16:42:33:296 DEBUG 24476 --- [http-nio-8081-exec-2] c.h.i.mapper.ItemMapper.selectBatchIds   : <==      Total: 3
16:42:33:395 DEBUG 25524 --- [http-nio-8083-exec-2] c.h.i.mapper.ItemMapper.selectBatchIds   : ==>  Preparing: SELECT id,name,price,stock,image,category,brand,spec,sold,comment_count,isAD,status,create_time,update_time,creater,updater FROM item WHERE id IN ( ? , ? , ? )
16:42:33:395 DEBUG 25524 --- [http-nio-8083-exec-2] c.h.i.mapper.ItemMapper.selectBatchIds   : ==> Parameters: 100000006163(Long), 100001511821(Long), 2120808(Long)
16:42:33:396 DEBUG 25524 --- [http-nio-8083-exec-2] c.h.i.mapper.ItemMapper.selectBatchIds   : <==      Total: 3
16:42:33:595 DEBUG 24476 --- [http-nio-8081-exec-3] c.h.i.mapper.ItemMapper.selectBatchIds   : ==>  Preparing: SELECT id,name,price,stock,image,category,brand,spec,sold,comment_count,isAD,status,create_time,update_time,creater,updater FROM item WHERE id IN ( ? , ? , ? )
16:42:33:595 DEBUG 24476 --- [http-nio-8081-exec-3] c.h.i.mapper.ItemMapper.selectBatchIds   : ==> Parameters: 100000006163(Long), 100001511821(Long), 2120808(Long)
16:42:33:596 DEBUG 24476 --- [http-nio-8081-exec-3] c.h.i.mapper.ItemMapper.selectBatchIds   : <==      Total: 3
16:42:33:693 DEBUG 25524 --- [http-nio-8083-exec-3] c.h.i.mapper.ItemMapper.selectBatchIds   : ==>  Preparing: SELECT id,name,price,stock,image,category,brand,spec,sold,comment_count,isAD,status,create_time,update_time,creater,updater FROM item WHERE id IN ( ? , ? , ? )
16:42:33:693 DEBUG 25524 --- [http-nio-8083-exec-3] c.h.i.mapper.ItemMapper.selectBatchIds   : ==> Parameters: 100000006163(Long), 100001511821(Long), 2120808(Long)
16:42:33:695 DEBUG 25524 --- [http-nio-8083-exec-3] c.h.i.mapper.ItemMapper.selectBatchIds   : <==      Total: 3
16:42:34:094 DEBUG 24476 --- [http-nio-8081-exec-4] c.h.i.mapper.ItemMapper.selectBatchIds   : ==>  Preparing: SELECT id,name,price,stock,image,category,brand,spec,sold,comment_count,isAD,status,create_time,update_time,creater,updater FROM item WHERE id IN ( ? , ? , ? )
16:42:34:094 DEBUG 24476 --- [http-nio-8081-exec-4] c.h.i.mapper.ItemMapper.selectBatchIds   : ==> Parameters: 100000006163(Long), 100001511821(Long), 2120808(Long)
16:42:34:096 DEBUG 24476 --- [http-nio-8081-exec-4] c.h.i.mapper.ItemMapper.selectBatchIds   : <==      Total: 3
16:42:34:195 DEBUG 25524 --- [http-nio-8083-exec-4] c.h.i.mapper.ItemMapper.selectBatchIds   : ==>  Preparing: SELECT id,name,price,stock,image,category,brand,spec,sold,comment_count,isAD,status,create_time,update_time,creater,updater FROM item WHERE id IN ( ? , ? , ? )
16:42:34:195 DEBUG 25524 --- [http-nio-8083-exec-4] c.h.i.mapper.ItemMapper.selectBatchIds   : ==> Parameters: 100000006163(Long), 100001511821(Long), 2120808(Long)
16:42:34:196 DEBUG 25524 --- [http-nio-8083-exec-4] c.h.i.mapper.ItemMapper.selectBatchIds   : <==      Total: 3
16:42:34:294 DEBUG 24476 --- [http-nio-8081-exec-5] c.h.i.mapper.ItemMapper.selectBatchIds   : ==>  Preparing: SELECT id,name,price,stock,image,category,brand,spec,sold,comment_count,isAD,status,create_time,update_time,creater,updater FROM item WHERE id IN ( ? , ? , ? )
16:42:34:294 DEBUG 24476 --- [http-nio-8081-exec-5] c.h.i.mapper.ItemMapper.selectBatchIds   : ==> Parameters: 100000006163(Long), 100001511821(Long), 2120808(Long)
16:42:34:295 DEBUG 24476 --- [http-nio-8081-exec-5] c.h.i.mapper.ItemMapper.selectBatchIds   : <==      Total: 3
16:42:34:394 DEBUG 25524 --- [http-nio-8083-exec-6] c.h.i.mapper.ItemMapper.selectBatchIds   : ==>  Preparing: SELECT id,name,price,stock,image,category,brand,spec,sold,comment_count,isAD,status,create_time,update_time,creater,updater FROM item WHERE id IN ( ? , ? , ? )
16:42:34:394 DEBUG 25524 --- [http-nio-8083-exec-6] c.h.i.mapper.ItemMapper.selectBatchIds   : ==> Parameters: 100000006163(Long), 100001511821(Long), 2120808(Long)
16:42:34:395 DEBUG 25524 --- [http-nio-8083-exec-6] c.h.i.mapper.ItemMapper.selectBatchIds   : <==      Total: 3
16:42:34:596 DEBUG 24476 --- [http-nio-8081-exec-6] c.h.i.mapper.ItemMapper.selectBatchIds   : ==>  Preparing: SELECT id,name,price,stock,image,category,brand,spec,sold,comment_count,isAD,status,create_time,update_time,creater,updater FROM item WHERE id IN ( ? , ? , ? )
16:42:34:597 DEBUG 24476 --- [http-nio-8081-exec-6] c.h.i.mapper.ItemMapper.selectBatchIds   : ==> Parameters: 100000006163(Long), 100001511821(Long), 2120808(Long)
16:42:34:598 DEBUG 24476 --- [http-nio-8081-exec-6] c.h.i.mapper.ItemMapper.selectBatchIds   : <==      Total: 3
16:42:34:695 DEBUG 25524 --- [http-nio-8083-exec-5] c.h.i.mapper.ItemMapper.selectBatchIds   : ==>  Preparing: SELECT id,name,price,stock,image,category,brand,spec,sold,comment_count,isAD,status,create_time,update_time,creater,updater FROM item WHERE id IN ( ? , ? , ? )
16:42:34:695 DEBUG 25524 --- [http-nio-8083-exec-5] c.h.i.mapper.ItemMapper.selectBatchIds   : ==> Parameters: 100000006163(Long), 100001511821(Long), 2120808(Long)
16:42:34:696 DEBUG 25524 --- [http-nio-8083-exec-5] c.h.i.mapper.ItemMapper.selectBatchIds   : <==      Total: 3
16:42:35:095 DEBUG 24476 --- [http-nio-8081-exec-7] c.h.i.mapper.ItemMapper.selectBatchIds   : ==>  Preparing: SELECT id,name,price,stock,image,category,brand,spec,sold,comment_count,isAD,status,create_time,update_time,creater,updater FROM item WHERE id IN ( ? , ? , ? )
16:42:35:095 DEBUG 24476 --- [http-nio-8081-exec-7] c.h.i.mapper.ItemMapper.selectBatchIds   : ==> Parameters: 100000006163(Long), 100001511821(Long), 2120808(Long)
16:42:35:096 DEBUG 24476 --- [http-nio-8081-exec-7] c.h.i.mapper.ItemMapper.selectBatchIds   : <==      Total: 3
16:42:35:195 DEBUG 25524 --- [http-nio-8083-exec-9] c.h.i.mapper.ItemMapper.selectBatchIds   : ==>  Preparing: SELECT id,name,price,stock,image,category,brand,spec,sold,comment_count,isAD,status,create_time,update_time,creater,updater FROM item WHERE id IN ( ? , ? , ? )
16:42:35:195 DEBUG 25524 --- [http-nio-8083-exec-9] c.h.i.mapper.ItemMapper.selectBatchIds   : ==> Parameters: 100000006163(Long), 100001511821(Long), 2120808(Long)
16:42:35:196 DEBUG 25524 --- [http-nio-8083-exec-9] c.h.i.mapper.ItemMapper.selectBatchIds   : <==      Total: 3
16:42:35:297 DEBUG 24476 --- [http-nio-8081-exec-8] c.h.i.mapper.ItemMapper.selectBatchIds   : ==>  Preparing: SELECT id,name,price,stock,image,category,brand,spec,sold,comment_count,isAD,status,create_time,update_time,creater,updater FROM item WHERE id IN ( ? , ? , ? )
16:42:35:297 DEBUG 24476 --- [http-nio-8081-exec-8] c.h.i.mapper.ItemMapper.selectBatchIds   : ==> Parameters: 100000006163(Long), 100001511821(Long), 2120808(Long)
16:42:35:298 DEBUG 24476 --- [http-nio-8081-exec-8] c.h.i.mapper.ItemMapper.selectBatchIds   : <==      Total: 3
16:42:35:396 DEBUG 25524 --- [http-nio-8083-exec-8] c.h.i.mapper.ItemMapper.selectBatchIds   : ==>  Preparing: SELECT id,name,price,stock,image,category,brand,spec,sold,comment_count,isAD,status,create_time,update_time,creater,updater FROM item WHERE id IN ( ? , ? , ? )
16:42:35:397 DEBUG 25524 --- [http-nio-8083-exec-8] c.h.i.mapper.ItemMapper.selectBatchIds   : ==> Parameters: 100000006163(Long), 100001511821(Long), 2120808(Long)
16:42:35:398 DEBUG 25524 --- [http-nio-8083-exec-8] c.h.i.mapper.ItemMapper.selectBatchIds   : <==      Total: 3
16:42:35:595 DEBUG 24476 --- [http-nio-8081-exec-9] c.h.i.mapper.ItemMapper.selectBatchIds   : ==>  Preparing: SELECT id,name,price,stock,image,category,brand,spec,sold,comment_count,isAD,status,create_time,update_time,creater,updater FROM item WHERE id IN ( ? , ? , ? )
16:42:35:596 DEBUG 24476 --- [http-nio-8081-exec-9] c.h.i.mapper.ItemMapper.selectBatchIds   : ==> Parameters: 100000006163(Long), 100001511821(Long), 2120808(Long)
16:42:35:597 DEBUG 24476 --- [http-nio-8081-exec-9] c.h.i.mapper.ItemMapper.selectBatchIds   : <==      Total: 3
16:42:35:696 DEBUG 25524 --- [http-nio-8083-exec-7] c.h.i.mapper.ItemMapper.selectBatchIds   : ==>  Preparing: SELECT id,name,price,stock,image,category,brand,spec,sold,comment_count,isAD,status,create_time,update_time,creater,updater FROM item WHERE id IN ( ? , ? , ? )
16:42:35:697 DEBUG 25524 --- [http-nio-8083-exec-7] c.h.i.mapper.ItemMapper.selectBatchIds   : ==> Parameters: 100000006163(Long), 100001511821(Long), 2120808(Long)
16:42:35:698 DEBUG 25524 --- [http-nio-8083-exec-7] c.h.i.mapper.ItemMapper.selectBatchIds   : <==      Total: 3
16:42:36:094 DEBUG 24476 --- [http-nio-8081-exec-10] c.h.i.mapper.ItemMapper.selectBatchIds   : ==>  Preparing: SELECT id,name,price,stock,image,category,brand,spec,sold,comment_count,isAD,status,create_time,update_time,creater,updater FROM item WHERE id IN ( ? , ? , ? )
16:42:36:094 DEBUG 24476 --- [http-nio-8081-exec-10] c.h.i.mapper.ItemMapper.selectBatchIds   : ==> Parameters: 100000006163(Long), 100001511821(Long), 2120808(Long)
16:42:36:096 DEBUG 24476 --- [http-nio-8081-exec-10] c.h.i.mapper.ItemMapper.selectBatchIds   : <==      Total: 3
16:42:36:197 DEBUG 25524 --- [http-nio-8083-exec-10] c.h.i.mapper.ItemMapper.selectBatchIds   : ==>  Preparing: SELECT id,name,price,stock,image,category,brand,spec,sold,comment_count,isAD,status,create_time,update_time,creater,updater FROM item WHERE id IN ( ? , ? , ? )
16:42:36:197 DEBUG 25524 --- [http-nio-8083-exec-10] c.h.i.mapper.ItemMapper.selectBatchIds   : ==> Parameters: 100000006163(Long), 100001511821(Long), 2120808(Long)
16:42:36:198 DEBUG 25524 --- [http-nio-8083-exec-10] c.h.i.mapper.ItemMapper.selectBatchIds   : <==      Total: 3
16:42:36:295 DEBUG 24476 --- [http-nio-8081-exec-1] c.h.i.mapper.ItemMapper.selectBatchIds   : ==>  Preparing: SELECT id,name,price,stock,image,category,brand,spec,sold,comment_count,isAD,status,create_time,update_time,creater,updater FROM item WHERE id IN ( ? , ? , ? )
16:42:36:295 DEBUG 24476 --- [http-nio-8081-exec-1] c.h.i.mapper.ItemMapper.selectBatchIds   : ==> Parameters: 100000006163(Long), 100001511821(Long), 2120808(Long)
16:42:36:296 DEBUG 24476 --- [http-nio-8081-exec-1] c.h.i.mapper.ItemMapper.selectBatchIds   : <==      Total: 3
16:42:36:396 DEBUG 25524 --- [http-nio-8083-exec-1] c.h.i.mapper.ItemMapper.selectBatchIds   : ==>  Preparing: SELECT id,name,price,stock,image,category,brand,spec,sold,comment_count,isAD,status,create_time,update_time,creater,updater FROM item WHERE id IN ( ? , ? , ? )
16:42:36:396 DEBUG 25524 --- [http-nio-8083-exec-1] c.h.i.mapper.ItemMapper.selectBatchIds   : ==> Parameters: 100000006163(Long), 100001511821(Long), 2120808(Long)
16:42:36:397 DEBUG 25524 --- [http-nio-8083-exec-1] c.h.i.mapper.ItemMapper.selectBatchIds   : <==      Total: 3
16:42:36:594 DEBUG 24476 --- [http-nio-8081-exec-2] c.h.i.mapper.ItemMapper.selectBatchIds   : ==>  Preparing: SELECT id,name,price,stock,image,category,brand,spec,sold,comment_count,isAD,status,create_time,update_time,creater,updater FROM item WHERE id IN ( ? , ? , ? )
16:42:36:594 DEBUG 24476 --- [http-nio-8081-exec-2] c.h.i.mapper.ItemMapper.selectBatchIds   : ==> Parameters: 100000006163(Long), 100001511821(Long), 2120808(Long)
16:42:36:596 DEBUG 24476 --- [http-nio-8081-exec-2] c.h.i.mapper.ItemMapper.selectBatchIds   : <==      Total: 3
16:42:36:695 DEBUG 25524 --- [http-nio-8083-exec-2] c.h.i.mapper.ItemMapper.selectBatchIds   : ==>  Preparing: SELECT id,name,price,stock,image,category,brand,spec,sold,comment_count,isAD,status,create_time,update_time,creater,updater FROM item WHERE id IN ( ? , ? , ? )
16:42:36:695 DEBUG 25524 --- [http-nio-8083-exec-2] c.h.i.mapper.ItemMapper.selectBatchIds   : ==> Parameters: 100000006163(Long), 100001511821(Long), 2120808(Long)
16:42:36:697 DEBUG 25524 --- [http-nio-8083-exec-2] c.h.i.mapper.ItemMapper.selectBatchIds   : <==      Total: 3
16:42:37:094 DEBUG 24476 --- [http-nio-8081-exec-3] c.h.i.mapper.ItemMapper.selectBatchIds   : ==>  Preparing: SELECT id,name,price,stock,image,category,brand,spec,sold,comment_count,isAD,status,create_time,update_time,creater,updater FROM item WHERE id IN ( ? , ? , ? )
16:42:37:094 DEBUG 24476 --- [http-nio-8081-exec-3] c.h.i.mapper.ItemMapper.selectBatchIds   : ==> Parameters: 100000006163(Long), 100001511821(Long), 2120808(Long)
16:42:37:095 DEBUG 24476 --- [http-nio-8081-exec-3] c.h.i.mapper.ItemMapper.selectBatchIds   : <==      Total: 3
16:42:37:194 DEBUG 25524 --- [http-nio-8083-exec-3] c.h.i.mapper.ItemMapper.selectBatchIds   : ==>  Preparing: SELECT id,name,price,stock,image,category,brand,spec,sold,comment_count,isAD,status,create_time,update_time,creater,updater FROM item WHERE id IN ( ? , ? , ? )
16:42:37:194 DEBUG 25524 --- [http-nio-8083-exec-3] c.h.i.mapper.ItemMapper.selectBatchIds   : ==> Parameters: 100000006163(Long), 100001511821(Long), 2120808(Long)
16:42:37:194 DEBUG 25524 --- [http-nio-8083-exec-3] c.h.i.mapper.ItemMapper.selectBatchIds   : <==      Total: 3
16:42:37:294 DEBUG 24476 --- [http-nio-8081-exec-4] c.h.i.mapper.ItemMapper.selectBatchIds   : ==>  Preparing: SELECT id,name,price,stock,image,category,brand,spec,sold,comment_count,isAD,status,create_time,update_time,creater,updater FROM item WHERE id IN ( ? , ? , ? )
16:42:37:294 DEBUG 24476 --- [http-nio-8081-exec-4] c.h.i.mapper.ItemMapper.selectBatchIds   : ==> Parameters: 100000006163(Long), 100001511821(Long), 2120808(Long)
16:42:37:296 DEBUG 24476 --- [http-nio-8081-exec-4] c.h.i.mapper.ItemMapper.selectBatchIds   : <==      Total: 3
16:42:37:396 DEBUG 25524 --- [http-nio-8083-exec-4] c.h.i.mapper.ItemMapper.selectBatchIds   : ==>  Preparing: SELECT id,name,price,stock,image,category,brand,spec,sold,comment_count,isAD,status,create_time,update_time,creater,updater FROM item WHERE id IN ( ? , ? , ? )
16:42:37:396 DEBUG 25524 --- [http-nio-8083-exec-4] c.h.i.mapper.ItemMapper.selectBatchIds   : ==> Parameters: 100000006163(Long), 100001511821(Long), 2120808(Long)
16:42:37:397 DEBUG 25524 --- [http-nio-8083-exec-4] c.h.i.mapper.ItemMapper.selectBatchIds   : <==      Total: 3
16:42:37:636 DEBUG 24476 --- [http-nio-8081-exec-5] c.h.i.mapper.ItemMapper.selectBatchIds   : ==>  Preparing: SELECT id,name,price,stock,image,category,brand,spec,sold,comment_count,isAD,status,create_time,update_time,creater,updater FROM item WHERE id IN ( ? , ? , ? )
16:42:37:636 DEBUG 24476 --- [http-nio-8081-exec-5] c.h.i.mapper.ItemMapper.selectBatchIds   : ==> Parameters: 100000006163(Long), 100001511821(Long), 2120808(Long)
16:42:37:637 DEBUG 24476 --- [http-nio-8081-exec-5] c.h.i.mapper.ItemMapper.selectBatchIds   : <==      Total: 3
16:42:37:694 DEBUG 25524 --- [http-nio-8083-exec-6] c.h.i.mapper.ItemMapper.selectBatchIds   : ==>  Preparing: SELECT id,name,price,stock,image,category,brand,spec,sold,comment_count,isAD,status,create_time,update_time,creater,updater FROM item WHERE id IN ( ? , ? , ? )
16:42:37:694 DEBUG 25524 --- [http-nio-8083-exec-6] c.h.i.mapper.ItemMapper.selectBatchIds   : ==> Parameters: 100000006163(Long), 100001511821(Long), 2120808(Long)
16:42:37:696 DEBUG 25524 --- [http-nio-8083-exec-6] c.h.i.mapper.ItemMapper.selectBatchIds   : <==      Total: 3
16:42:38:094 DEBUG 24476 --- [http-nio-8081-exec-6] c.h.i.mapper.ItemMapper.selectBatchIds   : ==>  Preparing: SELECT id,name,price,stock,image,category,brand,spec,sold,comment_count,isAD,status,create_time,update_time,creater,updater FROM item WHERE id IN ( ? , ? , ? )
16:42:38:094 DEBUG 24476 --- [http-nio-8081-exec-6] c.h.i.mapper.ItemMapper.selectBatchIds   : ==> Parameters: 100000006163(Long), 100001511821(Long), 2120808(Long)
16:42:38:096 DEBUG 24476 --- [http-nio-8081-exec-6] c.h.i.mapper.ItemMapper.selectBatchIds   : <==      Total: 3
16:42:38:195 DEBUG 25524 --- [http-nio-8083-exec-5] c.h.i.mapper.ItemMapper.selectBatchIds   : ==>  Preparing: SELECT id,name,price,stock,image,category,brand,spec,sold,comment_count,isAD,status,create_time,update_time,creater,updater FROM item WHERE id IN ( ? , ? , ? )
16:42:38:195 DEBUG 25524 --- [http-nio-8083-exec-5] c.h.i.mapper.ItemMapper.selectBatchIds   : ==> Parameters: 100000006163(Long), 100001511821(Long), 2120808(Long)
16:42:38:197 DEBUG 25524 --- [http-nio-8083-exec-5] c.h.i.mapper.ItemMapper.selectBatchIds   : <==      Total: 3
16:42:38:296 DEBUG 24476 --- [http-nio-8081-exec-7] c.h.i.mapper.ItemMapper.selectBatchIds   : ==>  Preparing: SELECT id,name,price,stock,image,category,brand,spec,sold,comment_count,isAD,status,create_time,update_time,creater,updater FROM item WHERE id IN ( ? , ? , ? )
16:42:38:296 DEBUG 24476 --- [http-nio-8081-exec-7] c.h.i.mapper.ItemMapper.selectBatchIds   : ==> Parameters: 100000006163(Long), 100001511821(Long), 2120808(Long)
16:42:38:297 DEBUG 24476 --- [http-nio-8081-exec-7] c.h.i.mapper.ItemMapper.selectBatchIds   : <==      Total: 3
16:42:38:399 DEBUG 25524 --- [http-nio-8083-exec-9] c.h.i.mapper.ItemMapper.selectBatchIds   : ==>  Preparing: SELECT id,name,price,stock,image,category,brand,spec,sold,comment_count,isAD,status,create_time,update_time,creater,updater FROM item WHERE id IN ( ? , ? , ? )
16:42:38:399 DEBUG 25524 --- [http-nio-8083-exec-9] c.h.i.mapper.ItemMapper.selectBatchIds   : ==> Parameters: 100000006163(Long), 100001511821(Long), 2120808(Long)
16:42:38:399 DEBUG 25524 --- [http-nio-8083-exec-9] c.h.i.mapper.ItemMapper.selectBatchIds   : <==      Total: 3
16:42:38:596 DEBUG 24476 --- [http-nio-8081-exec-8] c.h.i.mapper.ItemMapper.selectBatchIds   : ==>  Preparing: SELECT id,name,price,stock,image,category,brand,spec,sold,comment_count,isAD,status,create_time,update_time,creater,updater FROM item WHERE id IN ( ? , ? , ? )
16:42:38:596 DEBUG 24476 --- [http-nio-8081-exec-8] c.h.i.mapper.ItemMapper.selectBatchIds   : ==> Parameters: 100000006163(Long), 100001511821(Long), 2120808(Long)
16:42:38:598 DEBUG 24476 --- [http-nio-8081-exec-8] c.h.i.mapper.ItemMapper.selectBatchIds   : <==      Total: 3
16:42:38:696 DEBUG 25524 --- [http-nio-8083-exec-8] c.h.i.mapper.ItemMapper.selectBatchIds   : ==>  Preparing: SELECT id,name,price,stock,image,category,brand,spec,sold,comment_count,isAD,status,create_time,update_time,creater,updater FROM item WHERE id IN ( ? , ? , ? )
16:42:38:696 DEBUG 25524 --- [http-nio-8083-exec-8] c.h.i.mapper.ItemMapper.selectBatchIds   : ==> Parameters: 100000006163(Long), 100001511821(Long), 2120808(Long)
16:42:38:698 DEBUG 25524 --- [http-nio-8083-exec-8] c.h.i.mapper.ItemMapper.selectBatchIds   : <==      Total: 3
16:42:39:095 DEBUG 24476 --- [http-nio-8081-exec-9] c.h.i.mapper.ItemMapper.selectBatchIds   : ==>  Preparing: SELECT id,name,price,stock,image,category,brand,spec,sold,comment_count,isAD,status,create_time,update_time,creater,updater FROM item WHERE id IN ( ? , ? , ? )
16:42:39:096 DEBUG 24476 --- [http-nio-8081-exec-9] c.h.i.mapper.ItemMapper.selectBatchIds   : ==> Parameters: 100000006163(Long), 100001511821(Long), 2120808(Long)
16:42:39:097 DEBUG 24476 --- [http-nio-8081-exec-9] c.h.i.mapper.ItemMapper.selectBatchIds   : <==      Total: 3
16:42:39:197 DEBUG 25524 --- [http-nio-8083-exec-7] c.h.i.mapper.ItemMapper.selectBatchIds   : ==>  Preparing: SELECT id,name,price,stock,image,category,brand,spec,sold,comment_count,isAD,status,create_time,update_time,creater,updater FROM item WHERE id IN ( ? , ? , ? )
16:42:39:197 DEBUG 25524 --- [http-nio-8083-exec-7] c.h.i.mapper.ItemMapper.selectBatchIds   : ==> Parameters: 100000006163(Long), 100001511821(Long), 2120808(Long)
16:42:39:198 DEBUG 25524 --- [http-nio-8083-exec-7] c.h.i.mapper.ItemMapper.selectBatchIds   : <==      Total: 3
16:42:39:294 DEBUG 24476 --- [http-nio-8081-exec-10] c.h.i.mapper.ItemMapper.selectBatchIds   : ==>  Preparing: SELECT id,name,price,stock,image,category,brand,spec,sold,comment_count,isAD,status,create_time,update_time,creater,updater FROM item WHERE id IN ( ? , ? , ? )
16:42:39:294 DEBUG 24476 --- [http-nio-8081-exec-10] c.h.i.mapper.ItemMapper.selectBatchIds   : ==> Parameters: 100000006163(Long), 100001511821(Long), 2120808(Long)
16:42:39:296 DEBUG 24476 --- [http-nio-8081-exec-10] c.h.i.mapper.ItemMapper.selectBatchIds   : <==      Total: 3
16:42:39:396 DEBUG 25524 --- [http-nio-8083-exec-10] c.h.i.mapper.ItemMapper.selectBatchIds   : ==>  Preparing: SELECT id,name,price,stock,image,category,brand,spec,sold,comment_count,isAD,status,create_time,update_time,creater,updater FROM item WHERE id IN ( ? , ? , ? )
16:42:39:396 DEBUG 25524 --- [http-nio-8083-exec-10] c.h.i.mapper.ItemMapper.selectBatchIds   : ==> Parameters: 100000006163(Long), 100001511821(Long), 2120808(Long)
16:42:39:397 DEBUG 25524 --- [http-nio-8083-exec-10] c.h.i.mapper.ItemMapper.selectBatchIds   : <==      Total: 3
16:42:39:596 DEBUG 24476 --- [http-nio-8081-exec-1] c.h.i.mapper.ItemMapper.selectBatchIds   : ==>  Preparing: SELECT id,name,price,stock,image,category,brand,spec,sold,comment_count,isAD,status,create_time,update_time,creater,updater FROM item WHERE id IN ( ? , ? , ? )
16:42:39:596 DEBUG 24476 --- [http-nio-8081-exec-1] c.h.i.mapper.ItemMapper.selectBatchIds   : ==> Parameters: 100000006163(Long), 100001511821(Long), 2120808(Long)
16:42:39:598 DEBUG 24476 --- [http-nio-8081-exec-1] c.h.i.mapper.ItemMapper.selectBatchIds   : <==      Total: 3
16:42:39:694 DEBUG 25524 --- [http-nio-8083-exec-1] c.h.i.mapper.ItemMapper.selectBatchIds   : ==>  Preparing: SELECT id,name,price,stock,image,category,brand,spec,sold,comment_count,isAD,status,create_time,update_time,creater,updater FROM item WHERE id IN ( ? , ? , ? )
16:42:39:694 DEBUG 25524 --- [http-nio-8083-exec-1] c.h.i.mapper.ItemMapper.selectBatchIds   : ==> Parameters: 100000006163(Long), 100001511821(Long), 2120808(Long)
16:42:39:696 DEBUG 25524 --- [http-nio-8083-exec-1] c.h.i.mapper.ItemMapper.selectBatchIds   : <==      Total: 3
16:42:40:095 DEBUG 24476 --- [http-nio-8081-exec-2] c.h.i.mapper.ItemMapper.selectBatchIds   : ==>  Preparing: SELECT id,name,price,stock,image,category,brand,spec,sold,comment_count,isAD,status,create_time,update_time,creater,updater FROM item WHERE id IN ( ? , ? , ? )
16:42:40:095 DEBUG 24476 --- [http-nio-8081-exec-2] c.h.i.mapper.ItemMapper.selectBatchIds   : ==> Parameters: 100000006163(Long), 100001511821(Long), 2120808(Long)
16:42:40:097 DEBUG 24476 --- [http-nio-8081-exec-2] c.h.i.mapper.ItemMapper.selectBatchIds   : <==      Total: 3
16:42:40:193 DEBUG 25524 --- [http-nio-8083-exec-2] c.h.i.mapper.ItemMapper.selectBatchIds   : ==>  Preparing: SELECT id,name,price,stock,image,category,brand,spec,sold,comment_count,isAD,status,create_time,update_time,creater,updater FROM item WHERE id IN ( ? , ? , ? )
16:42:40:194 DEBUG 25524 --- [http-nio-8083-exec-2] c.h.i.mapper.ItemMapper.selectBatchIds   : ==> Parameters: 100000006163(Long), 100001511821(Long), 2120808(Long)
16:42:40:194 DEBUG 25524 --- [http-nio-8083-exec-2] c.h.i.mapper.ItemMapper.selectBatchIds   : <==      Total: 3
16:42:40:294 DEBUG 24476 --- [http-nio-8081-exec-3] c.h.i.mapper.ItemMapper.selectBatchIds   : ==>  Preparing: SELECT id,name,price,stock,image,category,brand,spec,sold,comment_count,isAD,status,create_time,update_time,creater,updater FROM item WHERE id IN ( ? , ? , ? )
16:42:40:295 DEBUG 24476 --- [http-nio-8081-exec-3] c.h.i.mapper.ItemMapper.selectBatchIds   : ==> Parameters: 100000006163(Long), 100001511821(Long), 2120808(Long)
16:42:40:296 DEBUG 24476 --- [http-nio-8081-exec-3] c.h.i.mapper.ItemMapper.selectBatchIds   : <==      Total: 3
16:42:40:396 DEBUG 25524 --- [http-nio-8083-exec-3] c.h.i.mapper.ItemMapper.selectBatchIds   : ==>  Preparing: SELECT id,name,price,stock,image,category,brand,spec,sold,comment_count,isAD,status,create_time,update_time,creater,updater FROM item WHERE id IN ( ? , ? , ? )
16:42:40:396 DEBUG 25524 --- [http-nio-8083-exec-3] c.h.i.mapper.ItemMapper.selectBatchIds   : ==> Parameters: 100000006163(Long), 100001511821(Long), 2120808(Long)
16:42:40:397 DEBUG 25524 --- [http-nio-8083-exec-3] c.h.i.mapper.ItemMapper.selectBatchIds   : <==      Total: 3
16:42:40:597 DEBUG 24476 --- [http-nio-8081-exec-4] c.h.i.mapper.ItemMapper.selectBatchIds   : ==>  Preparing: SELECT id,name,price,stock,image,category,brand,spec,sold,comment_count,isAD,status,create_time,update_time,creater,updater FROM item WHERE id IN ( ? , ? , ? )
16:42:40:598 DEBUG 24476 --- [http-nio-8081-exec-4] c.h.i.mapper.ItemMapper.selectBatchIds   : ==> Parameters: 100000006163(Long), 100001511821(Long), 2120808(Long)
16:42:40:599 DEBUG 24476 --- [http-nio-8081-exec-4] c.h.i.mapper.ItemMapper.selectBatchIds   : <==      Total: 3
16:42:40:696 DEBUG 25524 --- [http-nio-8083-exec-4] c.h.i.mapper.ItemMapper.selectBatchIds   : ==>  Preparing: SELECT id,name,price,stock,image,category,brand,spec,sold,comment_count,isAD,status,create_time,update_time,creater,updater FROM item WHERE id IN ( ? , ? , ? )
16:42:40:696 DEBUG 25524 --- [http-nio-8083-exec-4] c.h.i.mapper.ItemMapper.selectBatchIds   : ==> Parameters: 100000006163(Long), 100001511821(Long), 2120808(Long)
16:42:40:698 DEBUG 25524 --- [http-nio-8083-exec-4] c.h.i.mapper.ItemMapper.selectBatchIds   : <==      Total: 3
16:42:41:095 DEBUG 24476 --- [http-nio-8081-exec-5] c.h.i.mapper.ItemMapper.selectBatchIds   : ==>  Preparing: SELECT id,name,price,stock,image,category,brand,spec,sold,comment_count,isAD,status,create_time,update_time,creater,updater FROM item WHERE id IN ( ? , ? , ? )
16:42:41:095 DEBUG 24476 --- [http-nio-8081-exec-5] c.h.i.mapper.ItemMapper.selectBatchIds   : ==> Parameters: 100000006163(Long), 100001511821(Long), 2120808(Long)
16:42:41:097 DEBUG 24476 --- [http-nio-8081-exec-5] c.h.i.mapper.ItemMapper.selectBatchIds   : <==      Total: 3
16:42:41:196 DEBUG 25524 --- [http-nio-8083-exec-6] c.h.i.mapper.ItemMapper.selectBatchIds   : ==>  Preparing: SELECT id,name,price,stock,image,category,brand,spec,sold,comment_count,isAD,status,create_time,update_time,creater,updater FROM item WHERE id IN ( ? , ? , ? )
16:42:41:196 DEBUG 25524 --- [http-nio-8083-exec-6] c.h.i.mapper.ItemMapper.selectBatchIds   : ==> Parameters: 100000006163(Long), 100001511821(Long), 2120808(Long)
16:42:41:199 DEBUG 25524 --- [http-nio-8083-exec-6] c.h.i.mapper.ItemMapper.selectBatchIds   : <==      Total: 3
16:42:41:295 DEBUG 24476 --- [http-nio-8081-exec-6] c.h.i.mapper.ItemMapper.selectBatchIds   : ==>  Preparing: SELECT id,name,price,stock,image,category,brand,spec,sold,comment_count,isAD,status,create_time,update_time,creater,updater FROM item WHERE id IN ( ? , ? , ? )
16:42:41:295 DEBUG 24476 --- [http-nio-8081-exec-6] c.h.i.mapper.ItemMapper.selectBatchIds   : ==> Parameters: 100000006163(Long), 100001511821(Long), 2120808(Long)
16:42:41:297 DEBUG 24476 --- [http-nio-8081-exec-6] c.h.i.mapper.ItemMapper.selectBatchIds   : <==      Total: 3
16:42:41:395 DEBUG 25524 --- [http-nio-8083-exec-5] c.h.i.mapper.ItemMapper.selectBatchIds   : ==>  Preparing: SELECT id,name,price,stock,image,category,brand,spec,sold,comment_count,isAD,status,create_time,update_time,creater,updater FROM item WHERE id IN ( ? , ? , ? )
16:42:41:395 DEBUG 25524 --- [http-nio-8083-exec-5] c.h.i.mapper.ItemMapper.selectBatchIds   : ==> Parameters: 100000006163(Long), 100001511821(Long), 2120808(Long)
16:42:41:397 DEBUG 25524 --- [http-nio-8083-exec-5] c.h.i.mapper.ItemMapper.selectBatchIds   : <==      Total: 3
16:42:41:597 DEBUG 24476 --- [http-nio-8081-exec-7] c.h.i.mapper.ItemMapper.selectBatchIds   : ==>  Preparing: SELECT id,name,price,stock,image,category,brand,spec,sold,comment_count,isAD,status,create_time,update_time,creater,updater FROM item WHERE id IN ( ? , ? , ? )
16:42:41:597 DEBUG 24476 --- [http-nio-8081-exec-7] c.h.i.mapper.ItemMapper.selectBatchIds   : ==> Parameters: 100000006163(Long), 100001511821(Long), 2120808(Long)
16:42:41:599 DEBUG 24476 --- [http-nio-8081-exec-7] c.h.i.mapper.ItemMapper.selectBatchIds   : <==      Total: 3
16:42:41:696 DEBUG 25524 --- [http-nio-8083-exec-9] c.h.i.mapper.ItemMapper.selectBatchIds   : ==>  Preparing: SELECT id,name,price,stock,image,category,brand,spec,sold,comment_count,isAD,status,create_time,update_time,creater,updater FROM item WHERE id IN ( ? , ? , ? )
16:42:41:696 DEBUG 25524 --- [http-nio-8083-exec-9] c.h.i.mapper.ItemMapper.selectBatchIds   : ==> Parameters: 100000006163(Long), 100001511821(Long), 2120808(Long)
16:42:41:698 DEBUG 25524 --- [http-nio-8083-exec-9] c.h.i.mapper.ItemMapper.selectBatchIds   : <==      Total: 3
16:42:42:096 DEBUG 24476 --- [http-nio-8081-exec-8] c.h.i.mapper.ItemMapper.selectBatchIds   : ==>  Preparing: SELECT id,name,price,stock,image,category,brand,spec,sold,comment_count,isAD,status,create_time,update_time,creater,updater FROM item WHERE id IN ( ? , ? , ? )
16:42:42:096 DEBUG 24476 --- [http-nio-8081-exec-8] c.h.i.mapper.ItemMapper.selectBatchIds   : ==> Parameters: 100000006163(Long), 100001511821(Long), 2120808(Long)
16:42:42:097 DEBUG 24476 --- [http-nio-8081-exec-8] c.h.i.mapper.ItemMapper.selectBatchIds   : <==      Total: 3
16:42:42:194 DEBUG 25524 --- [http-nio-8083-exec-8] c.h.i.mapper.ItemMapper.selectBatchIds   : ==>  Preparing: SELECT id,name,price,stock,image,category,brand,spec,sold,comment_count,isAD,status,create_time,update_time,creater,updater FROM item WHERE id IN ( ? , ? , ? )
16:42:42:194 DEBUG 25524 --- [http-nio-8083-exec-8] c.h.i.mapper.ItemMapper.selectBatchIds   : ==> Parameters: 100000006163(Long), 100001511821(Long), 2120808(Long)
16:42:42:195 DEBUG 25524 --- [http-nio-8083-exec-8] c.h.i.mapper.ItemMapper.selectBatchIds   : <==      Total: 3
16:42:42:293 DEBUG 24476 --- [http-nio-8081-exec-9] c.h.i.mapper.ItemMapper.selectBatchIds   : ==>  Preparing: SELECT id,name,price,stock,image,category,brand,spec,sold,comment_count,isAD,status,create_time,update_time,creater,updater FROM item WHERE id IN ( ? , ? , ? )
16:42:42:293 DEBUG 24476 --- [http-nio-8081-exec-9] c.h.i.mapper.ItemMapper.selectBatchIds   : ==> Parameters: 100000006163(Long), 100001511821(Long), 2120808(Long)
16:42:42:295 DEBUG 24476 --- [http-nio-8081-exec-9] c.h.i.mapper.ItemMapper.selectBatchIds   : <==      Total: 3
16:42:42:395 DEBUG 25524 --- [http-nio-8083-exec-7] c.h.i.mapper.ItemMapper.selectBatchIds   : ==>  Preparing: SELECT id,name,price,stock,image,category,brand,spec,sold,comment_count,isAD,status,create_time,update_time,creater,updater FROM item WHERE id IN ( ? , ? , ? )
16:42:42:395 DEBUG 25524 --- [http-nio-8083-exec-7] c.h.i.mapper.ItemMapper.selectBatchIds   : ==> Parameters: 100000006163(Long), 100001511821(Long), 2120808(Long)
16:42:42:397 DEBUG 25524 --- [http-nio-8083-exec-7] c.h.i.mapper.ItemMapper.selectBatchIds   : <==      Total: 3
16:42:42:596 DEBUG 24476 --- [http-nio-8081-exec-10] c.h.i.mapper.ItemMapper.selectBatchIds   : ==>  Preparing: SELECT id,name,price,stock,image,category,brand,spec,sold,comment_count,isAD,status,create_time,update_time,creater,updater FROM item WHERE id IN ( ? , ? , ? )
16:42:42:596 DEBUG 24476 --- [http-nio-8081-exec-10] c.h.i.mapper.ItemMapper.selectBatchIds   : ==> Parameters: 100000006163(Long), 100001511821(Long), 2120808(Long)
16:42:42:598 DEBUG 24476 --- [http-nio-8081-exec-10] c.h.i.mapper.ItemMapper.selectBatchIds   : <==      Total: 3
16:42:42:695 DEBUG 25524 --- [http-nio-8083-exec-10] c.h.i.mapper.ItemMapper.selectBatchIds   : ==>  Preparing: SELECT id,name,price,stock,image,category,brand,spec,sold,comment_count,isAD,status,create_time,update_time,creater,updater FROM item WHERE id IN ( ? , ? , ? )
16:42:42:695 DEBUG 25524 --- [http-nio-8083-exec-10] c.h.i.mapper.ItemMapper.selectBatchIds   : ==> Parameters: 100000006163(Long), 100001511821(Long), 2120808(Long)
16:42:42:696 DEBUG 25524 --- [http-nio-8083-exec-10] c.h.i.mapper.ItemMapper.selectBatchIds   : <==      Total: 3
16:42:43:095 DEBUG 24476 --- [http-nio-8081-exec-1] c.h.i.mapper.ItemMapper.selectBatchIds   : ==>  Preparing: SELECT id,name,price,stock,image,category,brand,spec,sold,comment_count,isAD,status,create_time,update_time,creater,updater FROM item WHERE id IN ( ? , ? , ? )
16:42:43:095 DEBUG 24476 --- [http-nio-8081-exec-1] c.h.i.mapper.ItemMapper.selectBatchIds   : ==> Parameters: 100000006163(Long), 100001511821(Long), 2120808(Long)
16:42:43:097 DEBUG 24476 --- [http-nio-8081-exec-1] c.h.i.mapper.ItemMapper.selectBatchIds   : <==      Total: 3
16:42:43:196 DEBUG 25524 --- [http-nio-8083-exec-1] c.h.i.mapper.ItemMapper.selectBatchIds   : ==>  Preparing: SELECT id,name,price,stock,image,category,brand,spec,sold,comment_count,isAD,status,create_time,update_time,creater,updater FROM item WHERE id IN ( ? , ? , ? )
16:42:43:196 DEBUG 25524 --- [http-nio-8083-exec-1] c.h.i.mapper.ItemMapper.selectBatchIds   : ==> Parameters: 100000006163(Long), 100001511821(Long), 2120808(Long)
16:42:43:197 DEBUG 25524 --- [http-nio-8083-exec-1] c.h.i.mapper.ItemMapper.selectBatchIds   : <==      Total: 3
16:42:43:294 DEBUG 24476 --- [http-nio-8081-exec-2] c.h.i.mapper.ItemMapper.selectBatchIds   : ==>  Preparing: SELECT id,name,price,stock,image,category,brand,spec,sold,comment_count,isAD,status,create_time,update_time,creater,updater FROM item WHERE id IN ( ? , ? , ? )
16:42:43:294 DEBUG 24476 --- [http-nio-8081-exec-2] c.h.i.mapper.ItemMapper.selectBatchIds   : ==> Parameters: 100000006163(Long), 100001511821(Long), 2120808(Long)
16:42:43:297 DEBUG 24476 --- [http-nio-8081-exec-2] c.h.i.mapper.ItemMapper.selectBatchIds   : <==      Total: 3
16:42:43:396 DEBUG 25524 --- [http-nio-8083-exec-2] c.h.i.mapper.ItemMapper.selectBatchIds   : ==>  Preparing: SELECT id,name,price,stock,image,category,brand,spec,sold,comment_count,isAD,status,create_time,update_time,creater,updater FROM item WHERE id IN ( ? , ? , ? )
16:42:43:396 DEBUG 25524 --- [http-nio-8083-exec-2] c.h.i.mapper.ItemMapper.selectBatchIds   : ==> Parameters: 100000006163(Long), 100001511821(Long), 2120808(Long)
16:42:43:398 DEBUG 25524 --- [http-nio-8083-exec-2] c.h.i.mapper.ItemMapper.selectBatchIds   : <==      Total: 3
16:42:43:595 DEBUG 24476 --- [http-nio-8081-exec-3] c.h.i.mapper.ItemMapper.selectBatchIds   : ==>  Preparing: SELECT id,name,price,stock,image,category,brand,spec,sold,comment_count,isAD,status,create_time,update_time,creater,updater FROM item WHERE id IN ( ? , ? , ? )
16:42:43:595 DEBUG 24476 --- [http-nio-8081-exec-3] c.h.i.mapper.ItemMapper.selectBatchIds   : ==> Parameters: 100000006163(Long), 100001511821(Long), 2120808(Long)
16:42:43:597 DEBUG 24476 --- [http-nio-8081-exec-3] c.h.i.mapper.ItemMapper.selectBatchIds   : <==      Total: 3
16:42:43:694 DEBUG 25524 --- [http-nio-8083-exec-3] c.h.i.mapper.ItemMapper.selectBatchIds   : ==>  Preparing: SELECT id,name,price,stock,image,category,brand,spec,sold,comment_count,isAD,status,create_time,update_time,creater,updater FROM item WHERE id IN ( ? , ? , ? )
16:42:43:694 DEBUG 25524 --- [http-nio-8083-exec-3] c.h.i.mapper.ItemMapper.selectBatchIds   : ==> Parameters: 100000006163(Long), 100001511821(Long), 2120808(Long)
16:42:43:696 DEBUG 25524 --- [http-nio-8083-exec-3] c.h.i.mapper.ItemMapper.selectBatchIds   : <==      Total: 3
16:42:44:095 DEBUG 24476 --- [http-nio-8081-exec-4] c.h.i.mapper.ItemMapper.selectBatchIds   : ==>  Preparing: SELECT id,name,price,stock,image,category,brand,spec,sold,comment_count,isAD,status,create_time,update_time,creater,updater FROM item WHERE id IN ( ? , ? , ? )
16:42:44:095 DEBUG 24476 --- [http-nio-8081-exec-4] c.h.i.mapper.ItemMapper.selectBatchIds   : ==> Parameters: 100000006163(Long), 100001511821(Long), 2120808(Long)
16:42:44:096 DEBUG 24476 --- [http-nio-8081-exec-4] c.h.i.mapper.ItemMapper.selectBatchIds   : <==      Total: 3
16:42:44:203 DEBUG 25524 --- [http-nio-8083-exec-4] c.h.i.mapper.ItemMapper.selectBatchIds   : ==>  Preparing: SELECT id,name,price,stock,image,category,brand,spec,sold,comment_count,isAD,status,create_time,update_time,creater,updater FROM item WHERE id IN ( ? , ? , ? )
16:42:44:205 DEBUG 25524 --- [http-nio-8083-exec-4] c.h.i.mapper.ItemMapper.selectBatchIds   : ==> Parameters: 100000006163(Long), 100001511821(Long), 2120808(Long)
16:42:44:205 DEBUG 25524 --- [http-nio-8083-exec-4] c.h.i.mapper.ItemMapper.selectBatchIds   : <==      Total: 3
16:42:44:300 DEBUG 24476 --- [http-nio-8081-exec-5] c.h.i.mapper.ItemMapper.selectBatchIds   : ==>  Preparing: SELECT id,name,price,stock,image,category,brand,spec,sold,comment_count,isAD,status,create_time,update_time,creater,updater FROM item WHERE id IN ( ? , ? , ? )
16:42:44:301 DEBUG 24476 --- [http-nio-8081-exec-5] c.h.i.mapper.ItemMapper.selectBatchIds   : ==> Parameters: 100000006163(Long), 100001511821(Long), 2120808(Long)
16:42:44:302 DEBUG 24476 --- [http-nio-8081-exec-5] c.h.i.mapper.ItemMapper.selectBatchIds   : <==      Total: 3
16:42:44:395 DEBUG 25524 --- [http-nio-8083-exec-6] c.h.i.mapper.ItemMapper.selectBatchIds   : ==>  Preparing: SELECT id,name,price,stock,image,category,brand,spec,sold,comment_count,isAD,status,create_time,update_time,creater,updater FROM item WHERE id IN ( ? , ? , ? )
16:42:44:395 DEBUG 25524 --- [http-nio-8083-exec-6] c.h.i.mapper.ItemMapper.selectBatchIds   : ==> Parameters: 100000006163(Long), 100001511821(Long), 2120808(Long)
16:42:44:397 DEBUG 25524 --- [http-nio-8083-exec-6] c.h.i.mapper.ItemMapper.selectBatchIds   : <==      Total: 3
16:42:44:505 DEBUG 24476 --- [http-nio-8081-exec-6] c.h.i.mapper.ItemMapper.selectBatchIds   : ==>  Preparing: SELECT id,name,price,stock,image,category,brand,spec,sold,comment_count,isAD,status,create_time,update_time,creater,updater FROM item WHERE id IN ( ? , ? , ? )
16:42:44:505 DEBUG 24476 --- [http-nio-8081-exec-6] c.h.i.mapper.ItemMapper.selectBatchIds   : ==> Parameters: 100000006163(Long), 100001511821(Long), 2120808(Long)
16:42:44:506 DEBUG 24476 --- [http-nio-8081-exec-6] c.h.i.mapper.ItemMapper.selectBatchIds   : <==      Total: 3
16:42:44:599 DEBUG 25524 --- [http-nio-8083-exec-5] c.h.i.mapper.ItemMapper.selectBatchIds   : ==>  Preparing: SELECT id,name,price,stock,image,category,brand,spec,sold,comment_count,isAD,status,create_time,update_time,creater,updater FROM item WHERE id IN ( ? , ? , ? )
16:42:44:600 DEBUG 25524 --- [http-nio-8083-exec-5] c.h.i.mapper.ItemMapper.selectBatchIds   : ==> Parameters: 100000006163(Long), 100001511821(Long), 2120808(Long)
16:42:44:602 DEBUG 25524 --- [http-nio-8083-exec-5] c.h.i.mapper.ItemMapper.selectBatchIds   : <==      Total: 3
16:42:45:096 DEBUG 24476 --- [http-nio-8081-exec-7] c.h.i.mapper.ItemMapper.selectBatchIds   : ==>  Preparing: SELECT id,name,price,stock,image,category,brand,spec,sold,comment_count,isAD,status,create_time,update_time,creater,updater FROM item WHERE id IN ( ? , ? , ? )
16:42:45:096 DEBUG 24476 --- [http-nio-8081-exec-7] c.h.i.mapper.ItemMapper.selectBatchIds   : ==> Parameters: 100000006163(Long), 100001511821(Long), 2120808(Long)
16:42:45:097 DEBUG 24476 --- [http-nio-8081-exec-7] c.h.i.mapper.ItemMapper.selectBatchIds   : <==      Total: 3
16:42:45:196 DEBUG 25524 --- [http-nio-8083-exec-9] c.h.i.mapper.ItemMapper.selectBatchIds   : ==>  Preparing: SELECT id,name,price,stock,image,category,brand,spec,sold,comment_count,isAD,status,create_time,update_time,creater,updater FROM item WHERE id IN ( ? , ? , ? )
16:42:45:196 DEBUG 25524 --- [http-nio-8083-exec-9] c.h.i.mapper.ItemMapper.selectBatchIds   : ==> Parameters: 100000006163(Long), 100001511821(Long), 2120808(Long)
16:42:45:196 DEBUG 25524 --- [http-nio-8083-exec-9] c.h.i.mapper.ItemMapper.selectBatchIds   : <==      Total: 3
16:42:45:298 DEBUG 24476 --- [http-nio-8081-exec-8] c.h.i.mapper.ItemMapper.selectBatchIds   : ==>  Preparing: SELECT id,name,price,stock,image,category,brand,spec,sold,comment_count,isAD,status,create_time,update_time,creater,updater FROM item WHERE id IN ( ? , ? , ? )
16:42:45:298 DEBUG 24476 --- [http-nio-8081-exec-8] c.h.i.mapper.ItemMapper.selectBatchIds   : ==> Parameters: 100000006163(Long), 100001511821(Long), 2120808(Long)
16:42:45:299 DEBUG 24476 --- [http-nio-8081-exec-8] c.h.i.mapper.ItemMapper.selectBatchIds   : <==      Total: 3
16:42:45:397 DEBUG 25524 --- [http-nio-8083-exec-8] c.h.i.mapper.ItemMapper.selectBatchIds   : ==>  Preparing: SELECT id,name,price,stock,image,category,brand,spec,sold,comment_count,isAD,status,create_time,update_time,creater,updater FROM item WHERE id IN ( ? , ? , ? )
16:42:45:397 DEBUG 25524 --- [http-nio-8083-exec-8] c.h.i.mapper.ItemMapper.selectBatchIds   : ==> Parameters: 100000006163(Long), 100001511821(Long), 2120808(Long)
16:42:45:398 DEBUG 25524 --- [http-nio-8083-exec-8] c.h.i.mapper.ItemMapper.selectBatchIds   : <==      Total: 3
16:42:45:594 DEBUG 24476 --- [http-nio-8081-exec-9] c.h.i.mapper.ItemMapper.selectBatchIds   : ==>  Preparing: SELECT id,name,price,stock,image,category,brand,spec,sold,comment_count,isAD,status,create_time,update_time,creater,updater FROM item WHERE id IN ( ? , ? , ? )
16:42:45:594 DEBUG 24476 --- [http-nio-8081-exec-9] c.h.i.mapper.ItemMapper.selectBatchIds   : ==> Parameters: 100000006163(Long), 100001511821(Long), 2120808(Long)
16:42:45:598 DEBUG 24476 --- [http-nio-8081-exec-9] c.h.i.mapper.ItemMapper.selectBatchIds   : <==      Total: 3
16:42:45:694 DEBUG 25524 --- [http-nio-8083-exec-7] c.h.i.mapper.ItemMapper.selectBatchIds   : ==>  Preparing: SELECT id,name,price,stock,image,category,brand,spec,sold,comment_count,isAD,status,create_time,update_time,creater,updater FROM item WHERE id IN ( ? , ? , ? )
16:42:45:695 DEBUG 25524 --- [http-nio-8083-exec-7] c.h.i.mapper.ItemMapper.selectBatchIds   : ==> Parameters: 100000006163(Long), 100001511821(Long), 2120808(Long)
16:42:45:696 DEBUG 25524 --- [http-nio-8083-exec-7] c.h.i.mapper.ItemMapper.selectBatchIds   : <==      Total: 3
16:42:46:096 DEBUG 24476 --- [http-nio-8081-exec-10] c.h.i.mapper.ItemMapper.selectBatchIds   : ==>  Preparing: SELECT id,name,price,stock,image,category,brand,spec,sold,comment_count,isAD,status,create_time,update_time,creater,updater FROM item WHERE id IN ( ? , ? , ? )
16:42:46:097 DEBUG 24476 --- [http-nio-8081-exec-10] c.h.i.mapper.ItemMapper.selectBatchIds   : ==> Parameters: 100000006163(Long), 100001511821(Long), 2120808(Long)
16:42:46:098 DEBUG 24476 --- [http-nio-8081-exec-10] c.h.i.mapper.ItemMapper.selectBatchIds   : <==      Total: 3
16:42:46:194 DEBUG 25524 --- [http-nio-8083-exec-10] c.h.i.mapper.ItemMapper.selectBatchIds   : ==>  Preparing: SELECT id,name,price,stock,image,category,brand,spec,sold,comment_count,isAD,status,create_time,update_time,creater,updater FROM item WHERE id IN ( ? , ? , ? )
16:42:46:194 DEBUG 25524 --- [http-nio-8083-exec-10] c.h.i.mapper.ItemMapper.selectBatchIds   : ==> Parameters: 100000006163(Long), 100001511821(Long), 2120808(Long)
16:42:46:196 DEBUG 25524 --- [http-nio-8083-exec-10] c.h.i.mapper.ItemMapper.selectBatchIds   : <==      Total: 3
16:42:46:294 DEBUG 24476 --- [http-nio-8081-exec-1] c.h.i.mapper.ItemMapper.selectBatchIds   : ==>  Preparing: SELECT id,name,price,stock,image,category,brand,spec,sold,comment_count,isAD,status,create_time,update_time,creater,updater FROM item WHERE id IN ( ? , ? , ? )
16:42:46:294 DEBUG 24476 --- [http-nio-8081-exec-1] c.h.i.mapper.ItemMapper.selectBatchIds   : ==> Parameters: 100000006163(Long), 100001511821(Long), 2120808(Long)
16:42:46:295 DEBUG 24476 --- [http-nio-8081-exec-1] c.h.i.mapper.ItemMapper.selectBatchIds   : <==      Total: 3
16:42:46:396 DEBUG 25524 --- [http-nio-8083-exec-1] c.h.i.mapper.ItemMapper.selectBatchIds   : ==>  Preparing: SELECT id,name,price,stock,image,category,brand,spec,sold,comment_count,isAD,status,create_time,update_time,creater,updater FROM item WHERE id IN ( ? , ? , ? )
16:42:46:396 DEBUG 25524 --- [http-nio-8083-exec-1] c.h.i.mapper.ItemMapper.selectBatchIds   : ==> Parameters: 100000006163(Long), 100001511821(Long), 2120808(Long)
16:42:46:399 DEBUG 25524 --- [http-nio-8083-exec-1] c.h.i.mapper.ItemMapper.selectBatchIds   : <==      Total: 3
16:42:46:594 DEBUG 24476 --- [http-nio-8081-exec-2] c.h.i.mapper.ItemMapper.selectBatchIds   : ==>  Preparing: SELECT id,name,price,stock,image,category,brand,spec,sold,comment_count,isAD,status,create_time,update_time,creater,updater FROM item WHERE id IN ( ? , ? , ? )
16:42:46:596 DEBUG 24476 --- [http-nio-8081-exec-2] c.h.i.mapper.ItemMapper.selectBatchIds   : ==> Parameters: 100000006163(Long), 100001511821(Long), 2120808(Long)
16:42:46:597 DEBUG 24476 --- [http-nio-8081-exec-2] c.h.i.mapper.ItemMapper.selectBatchIds   : <==      Total: 3
16:42:46:695 DEBUG 25524 --- [http-nio-8083-exec-2] c.h.i.mapper.ItemMapper.selectBatchIds   : ==>  Preparing: SELECT id,name,price,stock,image,category,brand,spec,sold,comment_count,isAD,status,create_time,update_time,creater,updater FROM item WHERE id IN ( ? , ? , ? )
16:42:46:695 DEBUG 25524 --- [http-nio-8083-exec-2] c.h.i.mapper.ItemMapper.selectBatchIds   : ==> Parameters: 100000006163(Long), 100001511821(Long), 2120808(Long)
16:42:46:697 DEBUG 25524 --- [http-nio-8083-exec-2] c.h.i.mapper.ItemMapper.selectBatchIds   : <==      Total: 3
16:42:47:097 DEBUG 24476 --- [http-nio-8081-exec-3] c.h.i.mapper.ItemMapper.selectBatchIds   : ==>  Preparing: SELECT id,name,price,stock,image,category,brand,spec,sold,comment_count,isAD,status,create_time,update_time,creater,updater FROM item WHERE id IN ( ? , ? , ? )
16:42:47:097 DEBUG 24476 --- [http-nio-8081-exec-3] c.h.i.mapper.ItemMapper.selectBatchIds   : ==> Parameters: 100000006163(Long), 100001511821(Long), 2120808(Long)
16:42:47:099 DEBUG 24476 --- [http-nio-8081-exec-3] c.h.i.mapper.ItemMapper.selectBatchIds   : <==      Total: 3
16:42:47:194 DEBUG 25524 --- [http-nio-8083-exec-3] c.h.i.mapper.ItemMapper.selectBatchIds   : ==>  Preparing: SELECT id,name,price,stock,image,category,brand,spec,sold,comment_count,isAD,status,create_time,update_time,creater,updater FROM item WHERE id IN ( ? , ? , ? )
16:42:47:194 DEBUG 25524 --- [http-nio-8083-exec-3] c.h.i.mapper.ItemMapper.selectBatchIds   : ==> Parameters: 100000006163(Long), 100001511821(Long), 2120808(Long)
16:42:47:195 DEBUG 25524 --- [http-nio-8083-exec-3] c.h.i.mapper.ItemMapper.selectBatchIds   : <==      Total: 3
16:42:47:295 DEBUG 24476 --- [http-nio-8081-exec-4] c.h.i.mapper.ItemMapper.selectBatchIds   : ==>  Preparing: SELECT id,name,price,stock,image,category,brand,spec,sold,comment_count,isAD,status,create_time,update_time,creater,updater FROM item WHERE id IN ( ? , ? , ? )
16:42:47:295 DEBUG 24476 --- [http-nio-8081-exec-4] c.h.i.mapper.ItemMapper.selectBatchIds   : ==> Parameters: 100000006163(Long), 100001511821(Long), 2120808(Long)
16:42:47:297 DEBUG 24476 --- [http-nio-8081-exec-4] c.h.i.mapper.ItemMapper.selectBatchIds   : <==      Total: 3
16:42:47:396 DEBUG 25524 --- [http-nio-8083-exec-4] c.h.i.mapper.ItemMapper.selectBatchIds   : ==>  Preparing: SELECT id,name,price,stock,image,category,brand,spec,sold,comment_count,isAD,status,create_time,update_time,creater,updater FROM item WHERE id IN ( ? , ? , ? )
16:42:47:396 DEBUG 25524 --- [http-nio-8083-exec-4] c.h.i.mapper.ItemMapper.selectBatchIds   : ==> Parameters: 100000006163(Long), 100001511821(Long), 2120808(Long)
16:42:47:398 DEBUG 25524 --- [http-nio-8083-exec-4] c.h.i.mapper.ItemMapper.selectBatchIds   : <==      Total: 3
16:42:47:595 DEBUG 24476 --- [http-nio-8081-exec-5] c.h.i.mapper.ItemMapper.selectBatchIds   : ==>  Preparing: SELECT id,name,price,stock,image,category,brand,spec,sold,comment_count,isAD,status,create_time,update_time,creater,updater FROM item WHERE id IN ( ? , ? , ? )
16:42:47:595 DEBUG 24476 --- [http-nio-8081-exec-5] c.h.i.mapper.ItemMapper.selectBatchIds   : ==> Parameters: 100000006163(Long), 100001511821(Long), 2120808(Long)
16:42:47:598 DEBUG 24476 --- [http-nio-8081-exec-5] c.h.i.mapper.ItemMapper.selectBatchIds   : <==      Total: 3
16:42:47:694 DEBUG 25524 --- [http-nio-8083-exec-6] c.h.i.mapper.ItemMapper.selectBatchIds   : ==>  Preparing: SELECT id,name,price,stock,image,category,brand,spec,sold,comment_count,isAD,status,create_time,update_time,creater,updater FROM item WHERE id IN ( ? , ? , ? )
16:42:47:694 DEBUG 25524 --- [http-nio-8083-exec-6] c.h.i.mapper.ItemMapper.selectBatchIds   : ==> Parameters: 100000006163(Long), 100001511821(Long), 2120808(Long)
16:42:47:696 DEBUG 25524 --- [http-nio-8083-exec-6] c.h.i.mapper.ItemMapper.selectBatchIds   : <==      Total: 3
16:42:48:093 DEBUG 24476 --- [http-nio-8081-exec-6] c.h.i.mapper.ItemMapper.selectBatchIds   : ==>  Preparing: SELECT id,name,price,stock,image,category,brand,spec,sold,comment_count,isAD,status,create_time,update_time,creater,updater FROM item WHERE id IN ( ? , ? , ? )
16:42:48:094 DEBUG 24476 --- [http-nio-8081-exec-6] c.h.i.mapper.ItemMapper.selectBatchIds   : ==> Parameters: 100000006163(Long), 100001511821(Long), 2120808(Long)
16:42:48:095 DEBUG 24476 --- [http-nio-8081-exec-6] c.h.i.mapper.ItemMapper.selectBatchIds   : <==      Total: 3
16:42:48:193 DEBUG 25524 --- [http-nio-8083-exec-5] c.h.i.mapper.ItemMapper.selectBatchIds   : ==>  Preparing: SELECT id,name,price,stock,image,category,brand,spec,sold,comment_count,isAD,status,create_time,update_time,creater,updater FROM item WHERE id IN ( ? , ? , ? )
16:42:48:193 DEBUG 25524 --- [http-nio-8083-exec-5] c.h.i.mapper.ItemMapper.selectBatchIds   : ==> Parameters: 100000006163(Long), 100001511821(Long), 2120808(Long)
16:42:48:195 DEBUG 25524 --- [http-nio-8083-exec-5] c.h.i.mapper.ItemMapper.selectBatchIds   : <==      Total: 3
16:42:48:295 DEBUG 24476 --- [http-nio-8081-exec-7] c.h.i.mapper.ItemMapper.selectBatchIds   : ==>  Preparing: SELECT id,name,price,stock,image,category,brand,spec,sold,comment_count,isAD,status,create_time,update_time,creater,updater FROM item WHERE id IN ( ? , ? , ? )
16:42:48:296 DEBUG 24476 --- [http-nio-8081-exec-7] c.h.i.mapper.ItemMapper.selectBatchIds   : ==> Parameters: 100000006163(Long), 100001511821(Long), 2120808(Long)
16:42:48:297 DEBUG 24476 --- [http-nio-8081-exec-7] c.h.i.mapper.ItemMapper.selectBatchIds   : <==      Total: 3
16:42:48:398 DEBUG 25524 --- [http-nio-8083-exec-9] c.h.i.mapper.ItemMapper.selectBatchIds   : ==>  Preparing: SELECT id,name,price,stock,image,category,brand,spec,sold,comment_count,isAD,status,create_time,update_time,creater,updater FROM item WHERE id IN ( ? , ? , ? )
16:42:48:398 DEBUG 25524 --- [http-nio-8083-exec-9] c.h.i.mapper.ItemMapper.selectBatchIds   : ==> Parameters: 100000006163(Long), 100001511821(Long), 2120808(Long)
16:42:48:399 DEBUG 25524 --- [http-nio-8083-exec-9] c.h.i.mapper.ItemMapper.selectBatchIds   : <==      Total: 3
16:42:48:594 DEBUG 24476 --- [http-nio-8081-exec-8] c.h.i.mapper.ItemMapper.selectBatchIds   : ==>  Preparing: SELECT id,name,price,stock,image,category,brand,spec,sold,comment_count,isAD,status,create_time,update_time,creater,updater FROM item WHERE id IN ( ? , ? , ? )
16:42:48:594 DEBUG 24476 --- [http-nio-8081-exec-8] c.h.i.mapper.ItemMapper.selectBatchIds   : ==> Parameters: 100000006163(Long), 100001511821(Long), 2120808(Long)
16:42:48:596 DEBUG 24476 --- [http-nio-8081-exec-8] c.h.i.mapper.ItemMapper.selectBatchIds   : <==      Total: 3
16:42:48:694 DEBUG 25524 --- [http-nio-8083-exec-8] c.h.i.mapper.ItemMapper.selectBatchIds   : ==>  Preparing: SELECT id,name,price,stock,image,category,brand,spec,sold,comment_count,isAD,status,create_time,update_time,creater,updater FROM item WHERE id IN ( ? , ? , ? )
16:42:48:694 DEBUG 25524 --- [http-nio-8083-exec-8] c.h.i.mapper.ItemMapper.selectBatchIds   : ==> Parameters: 100000006163(Long), 100001511821(Long), 2120808(Long)
16:42:48:696 DEBUG 25524 --- [http-nio-8083-exec-8] c.h.i.mapper.ItemMapper.selectBatchIds   : <==      Total: 3
16:42:49:094 DEBUG 24476 --- [http-nio-8081-exec-9] c.h.i.mapper.ItemMapper.selectBatchIds   : ==>  Preparing: SELECT id,name,price,stock,image,category,brand,spec,sold,comment_count,isAD,status,create_time,update_time,creater,updater FROM item WHERE id IN ( ? , ? , ? )
16:42:49:094 DEBUG 24476 --- [http-nio-8081-exec-9] c.h.i.mapper.ItemMapper.selectBatchIds   : ==> Parameters: 100000006163(Long), 100001511821(Long), 2120808(Long)
16:42:49:096 DEBUG 24476 --- [http-nio-8081-exec-9] c.h.i.mapper.ItemMapper.selectBatchIds   : <==      Total: 3
16:42:49:194 DEBUG 25524 --- [http-nio-8083-exec-7] c.h.i.mapper.ItemMapper.selectBatchIds   : ==>  Preparing: SELECT id,name,price,stock,image,category,brand,spec,sold,comment_count,isAD,status,create_time,update_time,creater,updater FROM item WHERE id IN ( ? , ? , ? )
16:42:49:194 DEBUG 25524 --- [http-nio-8083-exec-7] c.h.i.mapper.ItemMapper.selectBatchIds   : ==> Parameters: 100000006163(Long), 100001511821(Long), 2120808(Long)
16:42:49:195 DEBUG 25524 --- [http-nio-8083-exec-7] c.h.i.mapper.ItemMapper.selectBatchIds   : <==      Total: 3
16:42:49:295 DEBUG 24476 --- [http-nio-8081-exec-10] c.h.i.mapper.ItemMapper.selectBatchIds   : ==>  Preparing: SELECT id,name,price,stock,image,category,brand,spec,sold,comment_count,isAD,status,create_time,update_time,creater,updater FROM item WHERE id IN ( ? , ? , ? )
16:42:49:295 DEBUG 24476 --- [http-nio-8081-exec-10] c.h.i.mapper.ItemMapper.selectBatchIds   : ==> Parameters: 100000006163(Long), 100001511821(Long), 2120808(Long)
16:42:49:296 DEBUG 24476 --- [http-nio-8081-exec-10] c.h.i.mapper.ItemMapper.selectBatchIds   : <==      Total: 3
16:42:49:397 DEBUG 25524 --- [http-nio-8083-exec-10] c.h.i.mapper.ItemMapper.selectBatchIds   : ==>  Preparing: SELECT id,name,price,stock,image,category,brand,spec,sold,comment_count,isAD,status,create_time,update_time,creater,updater FROM item WHERE id IN ( ? , ? , ? )
16:42:49:397 DEBUG 25524 --- [http-nio-8083-exec-10] c.h.i.mapper.ItemMapper.selectBatchIds   : ==> Parameters: 100000006163(Long), 100001511821(Long), 2120808(Long)
16:42:49:398 DEBUG 25524 --- [http-nio-8083-exec-10] c.h.i.mapper.ItemMapper.selectBatchIds   : <==      Total: 3
16:42:49:595 DEBUG 24476 --- [http-nio-8081-exec-1] c.h.i.mapper.ItemMapper.selectBatchIds   : ==>  Preparing: SELECT id,name,price,stock,image,category,brand,spec,sold,comment_count,isAD,status,create_time,update_time,creater,updater FROM item WHERE id IN ( ? , ? , ? )
16:42:49:595 DEBUG 24476 --- [http-nio-8081-exec-1] c.h.i.mapper.ItemMapper.selectBatchIds   : ==> Parameters: 100000006163(Long), 100001511821(Long), 2120808(Long)
16:42:49:597 DEBUG 24476 --- [http-nio-8081-exec-1] c.h.i.mapper.ItemMapper.selectBatchIds   : <==      Total: 3
16:42:49:694 DEBUG 25524 --- [http-nio-8083-exec-1] c.h.i.mapper.ItemMapper.selectBatchIds   : ==>  Preparing: SELECT id,name,price,stock,image,category,brand,spec,sold,comment_count,isAD,status,create_time,update_time,creater,updater FROM item WHERE id IN ( ? , ? , ? )
16:42:49:694 DEBUG 25524 --- [http-nio-8083-exec-1] c.h.i.mapper.ItemMapper.selectBatchIds   : ==> Parameters: 100000006163(Long), 100001511821(Long), 2120808(Long)
16:42:49:695 DEBUG 25524 --- [http-nio-8083-exec-1] c.h.i.mapper.ItemMapper.selectBatchIds   : <==      Total: 3
16:42:50:095 DEBUG 24476 --- [http-nio-8081-exec-2] c.h.i.mapper.ItemMapper.selectBatchIds   : ==>  Preparing: SELECT id,name,price,stock,image,category,brand,spec,sold,comment_count,isAD,status,create_time,update_time,creater,updater FROM item WHERE id IN ( ? , ? , ? )
16:42:50:095 DEBUG 24476 --- [http-nio-8081-exec-2] c.h.i.mapper.ItemMapper.selectBatchIds   : ==> Parameters: 100000006163(Long), 100001511821(Long), 2120808(Long)
16:42:50:097 DEBUG 24476 --- [http-nio-8081-exec-2] c.h.i.mapper.ItemMapper.selectBatchIds   : <==      Total: 3
16:42:50:194 DEBUG 25524 --- [http-nio-8083-exec-2] c.h.i.mapper.ItemMapper.selectBatchIds   : ==>  Preparing: SELECT id,name,price,stock,image,category,brand,spec,sold,comment_count,isAD,status,create_time,update_time,creater,updater FROM item WHERE id IN ( ? , ? , ? )
16:42:50:194 DEBUG 25524 --- [http-nio-8083-exec-2] c.h.i.mapper.ItemMapper.selectBatchIds   : ==> Parameters: 100000006163(Long), 100001511821(Long), 2120808(Long)
16:42:50:196 DEBUG 25524 --- [http-nio-8083-exec-2] c.h.i.mapper.ItemMapper.selectBatchIds   : <==      Total: 3
16:42:50:296 DEBUG 24476 --- [http-nio-8081-exec-3] c.h.i.mapper.ItemMapper.selectBatchIds   : ==>  Preparing: SELECT id,name,price,stock,image,category,brand,spec,sold,comment_count,isAD,status,create_time,update_time,creater,updater FROM item WHERE id IN ( ? , ? , ? )
16:42:50:296 DEBUG 24476 --- [http-nio-8081-exec-3] c.h.i.mapper.ItemMapper.selectBatchIds   : ==> Parameters: 100000006163(Long), 100001511821(Long), 2120808(Long)
16:42:50:297 DEBUG 24476 --- [http-nio-8081-exec-3] c.h.i.mapper.ItemMapper.selectBatchIds   : <==      Total: 3
16:42:50:399 DEBUG 25524 --- [http-nio-8083-exec-3] c.h.i.mapper.ItemMapper.selectBatchIds   : ==>  Preparing: SELECT id,name,price,stock,image,category,brand,spec,sold,comment_count,isAD,status,create_time,update_time,creater,updater FROM item WHERE id IN ( ? , ? , ? )
16:42:50:400 DEBUG 25524 --- [http-nio-8083-exec-3] c.h.i.mapper.ItemMapper.selectBatchIds   : ==> Parameters: 100000006163(Long), 100001511821(Long), 2120808(Long)
16:42:50:400 DEBUG 25524 --- [http-nio-8083-exec-3] c.h.i.mapper.ItemMapper.selectBatchIds   : <==      Total: 3
16:42:50:595 DEBUG 24476 --- [http-nio-8081-exec-4] c.h.i.mapper.ItemMapper.selectBatchIds   : ==>  Preparing: SELECT id,name,price,stock,image,category,brand,spec,sold,comment_count,isAD,status,create_time,update_time,creater,updater FROM item WHERE id IN ( ? , ? , ? )
16:42:50:596 DEBUG 24476 --- [http-nio-8081-exec-4] c.h.i.mapper.ItemMapper.selectBatchIds   : ==> Parameters: 100000006163(Long), 100001511821(Long), 2120808(Long)
16:42:50:597 DEBUG 24476 --- [http-nio-8081-exec-4] c.h.i.mapper.ItemMapper.selectBatchIds   : <==      Total: 3
16:42:50:696 DEBUG 25524 --- [http-nio-8083-exec-4] c.h.i.mapper.ItemMapper.selectBatchIds   : ==>  Preparing: SELECT id,name,price,stock,image,category,brand,spec,sold,comment_count,isAD,status,create_time,update_time,creater,updater FROM item WHERE id IN ( ? , ? , ? )
16:42:50:696 DEBUG 25524 --- [http-nio-8083-exec-4] c.h.i.mapper.ItemMapper.selectBatchIds   : ==> Parameters: 100000006163(Long), 100001511821(Long), 2120808(Long)
16:42:50:697 DEBUG 25524 --- [http-nio-8083-exec-4] c.h.i.mapper.ItemMapper.selectBatchIds   : <==      Total: 3
16:42:51:093 DEBUG 24476 --- [http-nio-8081-exec-5] c.h.i.mapper.ItemMapper.selectBatchIds   : ==>  Preparing: SELECT id,name,price,stock,image,category,brand,spec,sold,comment_count,isAD,status,create_time,update_time,creater,updater FROM item WHERE id IN ( ? , ? , ? )
16:42:51:093 DEBUG 24476 --- [http-nio-8081-exec-5] c.h.i.mapper.ItemMapper.selectBatchIds   : ==> Parameters: 100000006163(Long), 100001511821(Long), 2120808(Long)
16:42:51:094 DEBUG 24476 --- [http-nio-8081-exec-5] c.h.i.mapper.ItemMapper.selectBatchIds   : <==      Total: 3
16:42:51:193 DEBUG 25524 --- [http-nio-8083-exec-6] c.h.i.mapper.ItemMapper.selectBatchIds   : ==>  Preparing: SELECT id,name,price,stock,image,category,brand,spec,sold,comment_count,isAD,status,create_time,update_time,creater,updater FROM item WHERE id IN ( ? , ? , ? )
16:42:51:193 DEBUG 25524 --- [http-nio-8083-exec-6] c.h.i.mapper.ItemMapper.selectBatchIds   : ==> Parameters: 100000006163(Long), 100001511821(Long), 2120808(Long)
16:42:51:195 DEBUG 25524 --- [http-nio-8083-exec-6] c.h.i.mapper.ItemMapper.selectBatchIds   : <==      Total: 3
16:42:51:293 DEBUG 24476 --- [http-nio-8081-exec-6] c.h.i.mapper.ItemMapper.selectBatchIds   : ==>  Preparing: SELECT id,name,price,stock,image,category,brand,spec,sold,comment_count,isAD,status,create_time,update_time,creater,updater FROM item WHERE id IN ( ? , ? , ? )
16:42:51:293 DEBUG 24476 --- [http-nio-8081-exec-6] c.h.i.mapper.ItemMapper.selectBatchIds   : ==> Parameters: 100000006163(Long), 100001511821(Long), 2120808(Long)
16:42:51:294 DEBUG 24476 --- [http-nio-8081-exec-6] c.h.i.mapper.ItemMapper.selectBatchIds   : <==      Total: 3
16:42:51:395 DEBUG 25524 --- [http-nio-8083-exec-5] c.h.i.mapper.ItemMapper.selectBatchIds   : ==>  Preparing: SELECT id,name,price,stock,image,category,brand,spec,sold,comment_count,isAD,status,create_time,update_time,creater,updater FROM item WHERE id IN ( ? , ? , ? )
16:42:51:396 DEBUG 25524 --- [http-nio-8083-exec-5] c.h.i.mapper.ItemMapper.selectBatchIds   : ==> Parameters: 100000006163(Long), 100001511821(Long), 2120808(Long)
16:42:51:397 DEBUG 25524 --- [http-nio-8083-exec-5] c.h.i.mapper.ItemMapper.selectBatchIds   : <==      Total: 3
16:42:51:595 DEBUG 24476 --- [http-nio-8081-exec-7] c.h.i.mapper.ItemMapper.selectBatchIds   : ==>  Preparing: SELECT id,name,price,stock,image,category,brand,spec,sold,comment_count,isAD,status,create_time,update_time,creater,updater FROM item WHERE id IN ( ? , ? , ? )
16:42:51:595 DEBUG 24476 --- [http-nio-8081-exec-7] c.h.i.mapper.ItemMapper.selectBatchIds   : ==> Parameters: 100000006163(Long), 100001511821(Long), 2120808(Long)
16:42:51:596 DEBUG 24476 --- [http-nio-8081-exec-7] c.h.i.mapper.ItemMapper.selectBatchIds   : <==      Total: 3
16:42:51:693 DEBUG 25524 --- [http-nio-8083-exec-9] c.h.i.mapper.ItemMapper.selectBatchIds   : ==>  Preparing: SELECT id,name,price,stock,image,category,brand,spec,sold,comment_count,isAD,status,create_time,update_time,creater,updater FROM item WHERE id IN ( ? , ? , ? )
16:42:51:693 DEBUG 25524 --- [http-nio-8083-exec-9] c.h.i.mapper.ItemMapper.selectBatchIds   : ==> Parameters: 100000006163(Long), 100001511821(Long), 2120808(Long)
16:42:51:694 DEBUG 25524 --- [http-nio-8083-exec-9] c.h.i.mapper.ItemMapper.selectBatchIds   : <==      Total: 3
16:42:52:096 DEBUG 24476 --- [http-nio-8081-exec-8] c.h.i.mapper.ItemMapper.selectBatchIds   : ==>  Preparing: SELECT id,name,price,stock,image,category,brand,spec,sold,comment_count,isAD,status,create_time,update_time,creater,updater FROM item WHERE id IN ( ? , ? , ? )
16:42:52:096 DEBUG 24476 --- [http-nio-8081-exec-8] c.h.i.mapper.ItemMapper.selectBatchIds   : ==> Parameters: 100000006163(Long), 100001511821(Long), 2120808(Long)
16:42:52:097 DEBUG 24476 --- [http-nio-8081-exec-8] c.h.i.mapper.ItemMapper.selectBatchIds   : <==      Total: 3
16:42:52:197 DEBUG 25524 --- [http-nio-8083-exec-8] c.h.i.mapper.ItemMapper.selectBatchIds   : ==>  Preparing: SELECT id,name,price,stock,image,category,brand,spec,sold,comment_count,isAD,status,create_time,update_time,creater,updater FROM item WHERE id IN ( ? , ? , ? )
16:42:52:197 DEBUG 25524 --- [http-nio-8083-exec-8] c.h.i.mapper.ItemMapper.selectBatchIds   : ==> Parameters: 100000006163(Long), 100001511821(Long), 2120808(Long)
16:42:52:199 DEBUG 25524 --- [http-nio-8083-exec-8] c.h.i.mapper.ItemMapper.selectBatchIds   : <==      Total: 3
16:42:52:294 DEBUG 24476 --- [http-nio-8081-exec-9] c.h.i.mapper.ItemMapper.selectBatchIds   : ==>  Preparing: SELECT id,name,price,stock,image,category,brand,spec,sold,comment_count,isAD,status,create_time,update_time,creater,updater FROM item WHERE id IN ( ? , ? , ? )
16:42:52:294 DEBUG 24476 --- [http-nio-8081-exec-9] c.h.i.mapper.ItemMapper.selectBatchIds   : ==> Parameters: 100000006163(Long), 100001511821(Long), 2120808(Long)
16:42:52:295 DEBUG 24476 --- [http-nio-8081-exec-9] c.h.i.mapper.ItemMapper.selectBatchIds   : <==      Total: 3
16:42:52:395 DEBUG 25524 --- [http-nio-8083-exec-7] c.h.i.mapper.ItemMapper.selectBatchIds   : ==>  Preparing: SELECT id,name,price,stock,image,category,brand,spec,sold,comment_count,isAD,status,create_time,update_time,creater,updater FROM item WHERE id IN ( ? , ? , ? )
16:42:52:395 DEBUG 25524 --- [http-nio-8083-exec-7] c.h.i.mapper.ItemMapper.selectBatchIds   : ==> Parameters: 100000006163(Long), 100001511821(Long), 2120808(Long)
16:42:52:397 DEBUG 25524 --- [http-nio-8083-exec-7] c.h.i.mapper.ItemMapper.selectBatchIds   : <==      Total: 3
16:42:52:595 DEBUG 24476 --- [http-nio-8081-exec-10] c.h.i.mapper.ItemMapper.selectBatchIds   : ==>  Preparing: SELECT id,name,price,stock,image,category,brand,spec,sold,comment_count,isAD,status,create_time,update_time,creater,updater FROM item WHERE id IN ( ? , ? , ? )
16:42:52:595 DEBUG 24476 --- [http-nio-8081-exec-10] c.h.i.mapper.ItemMapper.selectBatchIds   : ==> Parameters: 100000006163(Long), 100001511821(Long), 2120808(Long)
16:42:52:597 DEBUG 24476 --- [http-nio-8081-exec-10] c.h.i.mapper.ItemMapper.selectBatchIds   : <==      Total: 3
16:42:52:694 DEBUG 25524 --- [http-nio-8083-exec-10] c.h.i.mapper.ItemMapper.selectBatchIds   : ==>  Preparing: SELECT id,name,price,stock,image,category,brand,spec,sold,comment_count,isAD,status,create_time,update_time,creater,updater FROM item WHERE id IN ( ? , ? , ? )
16:42:52:694 DEBUG 25524 --- [http-nio-8083-exec-10] c.h.i.mapper.ItemMapper.selectBatchIds   : ==> Parameters: 100000006163(Long), 100001511821(Long), 2120808(Long)
16:42:52:696 DEBUG 25524 --- [http-nio-8083-exec-10] c.h.i.mapper.ItemMapper.selectBatchIds   : <==      Total: 3
16:42:53:094 DEBUG 24476 --- [http-nio-8081-exec-1] c.h.i.mapper.ItemMapper.selectBatchIds   : ==>  Preparing: SELECT id,name,price,stock,image,category,brand,spec,sold,comment_count,isAD,status,create_time,update_time,creater,updater FROM item WHERE id IN ( ? , ? , ? )
16:42:53:094 DEBUG 24476 --- [http-nio-8081-exec-1] c.h.i.mapper.ItemMapper.selectBatchIds   : ==> Parameters: 100000006163(Long), 100001511821(Long), 2120808(Long)
16:42:53:096 DEBUG 24476 --- [http-nio-8081-exec-1] c.h.i.mapper.ItemMapper.selectBatchIds   : <==      Total: 3
16:42:53:193 DEBUG 25524 --- [http-nio-8083-exec-1] c.h.i.mapper.ItemMapper.selectBatchIds   : ==>  Preparing: SELECT id,name,price,stock,image,category,brand,spec,sold,comment_count,isAD,status,create_time,update_time,creater,updater FROM item WHERE id IN ( ? , ? , ? )
16:42:53:194 DEBUG 25524 --- [http-nio-8083-exec-1] c.h.i.mapper.ItemMapper.selectBatchIds   : ==> Parameters: 100000006163(Long), 100001511821(Long), 2120808(Long)
16:42:53:196 DEBUG 25524 --- [http-nio-8083-exec-1] c.h.i.mapper.ItemMapper.selectBatchIds   : <==      Total: 3
16:42:53:295 DEBUG 24476 --- [http-nio-8081-exec-2] c.h.i.mapper.ItemMapper.selectBatchIds   : ==>  Preparing: SELECT id,name,price,stock,image,category,brand,spec,sold,comment_count,isAD,status,create_time,update_time,creater,updater FROM item WHERE id IN ( ? , ? , ? )
16:42:53:295 DEBUG 24476 --- [http-nio-8081-exec-2] c.h.i.mapper.ItemMapper.selectBatchIds   : ==> Parameters: 100000006163(Long), 100001511821(Long), 2120808(Long)
16:42:53:296 DEBUG 24476 --- [http-nio-8081-exec-2] c.h.i.mapper.ItemMapper.selectBatchIds   : <==      Total: 3
16:42:53:395 DEBUG 25524 --- [http-nio-8083-exec-2] c.h.i.mapper.ItemMapper.selectBatchIds   : ==>  Preparing: SELECT id,name,price,stock,image,category,brand,spec,sold,comment_count,isAD,status,create_time,update_time,creater,updater FROM item WHERE id IN ( ? , ? , ? )
16:42:53:396 DEBUG 25524 --- [http-nio-8083-exec-2] c.h.i.mapper.ItemMapper.selectBatchIds   : ==> Parameters: 100000006163(Long), 100001511821(Long), 2120808(Long)
16:42:53:397 DEBUG 25524 --- [http-nio-8083-exec-2] c.h.i.mapper.ItemMapper.selectBatchIds   : <==      Total: 3
16:42:53:595 DEBUG 24476 --- [http-nio-8081-exec-3] c.h.i.mapper.ItemMapper.selectBatchIds   : ==>  Preparing: SELECT id,name,price,stock,image,category,brand,spec,sold,comment_count,isAD,status,create_time,update_time,creater,updater FROM item WHERE id IN ( ? , ? , ? )
16:42:53:595 DEBUG 24476 --- [http-nio-8081-exec-3] c.h.i.mapper.ItemMapper.selectBatchIds   : ==> Parameters: 100000006163(Long), 100001511821(Long), 2120808(Long)
16:42:53:597 DEBUG 24476 --- [http-nio-8081-exec-3] c.h.i.mapper.ItemMapper.selectBatchIds   : <==      Total: 3
16:42:53:694 DEBUG 25524 --- [http-nio-8083-exec-3] c.h.i.mapper.ItemMapper.selectBatchIds   : ==>  Preparing: SELECT id,name,price,stock,image,category,brand,spec,sold,comment_count,isAD,status,create_time,update_time,creater,updater FROM item WHERE id IN ( ? , ? , ? )
16:42:53:694 DEBUG 25524 --- [http-nio-8083-exec-3] c.h.i.mapper.ItemMapper.selectBatchIds   : ==> Parameters: 100000006163(Long), 100001511821(Long), 2120808(Long)
16:42:53:695 DEBUG 25524 --- [http-nio-8083-exec-3] c.h.i.mapper.ItemMapper.selectBatchIds   : <==      Total: 3
16:42:54:095 DEBUG 24476 --- [http-nio-8081-exec-4] c.h.i.mapper.ItemMapper.selectBatchIds   : ==>  Preparing: SELECT id,name,price,stock,image,category,brand,spec,sold,comment_count,isAD,status,create_time,update_time,creater,updater FROM item WHERE id IN ( ? , ? , ? )
16:42:54:095 DEBUG 24476 --- [http-nio-8081-exec-4] c.h.i.mapper.ItemMapper.selectBatchIds   : ==> Parameters: 100000006163(Long), 100001511821(Long), 2120808(Long)
16:42:54:095 DEBUG 24476 --- [http-nio-8081-exec-4] c.h.i.mapper.ItemMapper.selectBatchIds   : <==      Total: 3
16:42:54:193 DEBUG 25524 --- [http-nio-8083-exec-4] c.h.i.mapper.ItemMapper.selectBatchIds   : ==>  Preparing: SELECT id,name,price,stock,image,category,brand,spec,sold,comment_count,isAD,status,create_time,update_time,creater,updater FROM item WHERE id IN ( ? , ? , ? )
16:42:54:193 DEBUG 25524 --- [http-nio-8083-exec-4] c.h.i.mapper.ItemMapper.selectBatchIds   : ==> Parameters: 100000006163(Long), 100001511821(Long), 2120808(Long)
16:42:54:194 DEBUG 25524 --- [http-nio-8083-exec-4] c.h.i.mapper.ItemMapper.selectBatchIds   : <==      Total: 3
16:42:54:293 DEBUG 24476 --- [http-nio-8081-exec-5] c.h.i.mapper.ItemMapper.selectBatchIds   : ==>  Preparing: SELECT id,name,price,stock,image,category,brand,spec,sold,comment_count,isAD,status,create_time,update_time,creater,updater FROM item WHERE id IN ( ? , ? , ? )
16:42:54:293 DEBUG 24476 --- [http-nio-8081-exec-5] c.h.i.mapper.ItemMapper.selectBatchIds   : ==> Parameters: 100000006163(Long), 100001511821(Long), 2120808(Long)
16:42:54:294 DEBUG 24476 --- [http-nio-8081-exec-5] c.h.i.mapper.ItemMapper.selectBatchIds   : <==      Total: 3
16:42:54:395 DEBUG 25524 --- [http-nio-8083-exec-6] c.h.i.mapper.ItemMapper.selectBatchIds   : ==>  Preparing: SELECT id,name,price,stock,image,category,brand,spec,sold,comment_count,isAD,status,create_time,update_time,creater,updater FROM item WHERE id IN ( ? , ? , ? )
16:42:54:395 DEBUG 25524 --- [http-nio-8083-exec-6] c.h.i.mapper.ItemMapper.selectBatchIds   : ==> Parameters: 100000006163(Long), 100001511821(Long), 2120808(Long)
16:42:54:397 DEBUG 25524 --- [http-nio-8083-exec-6] c.h.i.mapper.ItemMapper.selectBatchIds   : <==      Total: 3
16:42:54:597 DEBUG 24476 --- [http-nio-8081-exec-6] c.h.i.mapper.ItemMapper.selectBatchIds   : ==>  Preparing: SELECT id,name,price,stock,image,category,brand,spec,sold,comment_count,isAD,status,create_time,update_time,creater,updater FROM item WHERE id IN ( ? , ? , ? )
16:42:54:597 DEBUG 24476 --- [http-nio-8081-exec-6] c.h.i.mapper.ItemMapper.selectBatchIds   : ==> Parameters: 100000006163(Long), 100001511821(Long), 2120808(Long)
16:42:54:598 DEBUG 24476 --- [http-nio-8081-exec-6] c.h.i.mapper.ItemMapper.selectBatchIds   : <==      Total: 3
16:42:54:694 DEBUG 25524 --- [http-nio-8083-exec-5] c.h.i.mapper.ItemMapper.selectBatchIds   : ==>  Preparing: SELECT id,name,price,stock,image,category,brand,spec,sold,comment_count,isAD,status,create_time,update_time,creater,updater FROM item WHERE id IN ( ? , ? , ? )
16:42:54:694 DEBUG 25524 --- [http-nio-8083-exec-5] c.h.i.mapper.ItemMapper.selectBatchIds   : ==> Parameters: 100000006163(Long), 100001511821(Long), 2120808(Long)
16:42:54:696 DEBUG 25524 --- [http-nio-8083-exec-5] c.h.i.mapper.ItemMapper.selectBatchIds   : <==      Total: 3
16:42:55:094 DEBUG 24476 --- [http-nio-8081-exec-7] c.h.i.mapper.ItemMapper.selectBatchIds   : ==>  Preparing: SELECT id,name,price,stock,image,category,brand,spec,sold,comment_count,isAD,status,create_time,update_time,creater,updater FROM item WHERE id IN ( ? , ? , ? )
16:42:55:094 DEBUG 24476 --- [http-nio-8081-exec-7] c.h.i.mapper.ItemMapper.selectBatchIds   : ==> Parameters: 100000006163(Long), 100001511821(Long), 2120808(Long)
16:42:55:096 DEBUG 24476 --- [http-nio-8081-exec-7] c.h.i.mapper.ItemMapper.selectBatchIds   : <==      Total: 3
16:42:55:195 DEBUG 25524 --- [http-nio-8083-exec-9] c.h.i.mapper.ItemMapper.selectBatchIds   : ==>  Preparing: SELECT id,name,price,stock,image,category,brand,spec,sold,comment_count,isAD,status,create_time,update_time,creater,updater FROM item WHERE id IN ( ? , ? , ? )
16:42:55:195 DEBUG 25524 --- [http-nio-8083-exec-9] c.h.i.mapper.ItemMapper.selectBatchIds   : ==> Parameters: 100000006163(Long), 100001511821(Long), 2120808(Long)
16:42:55:196 DEBUG 25524 --- [http-nio-8083-exec-9] c.h.i.mapper.ItemMapper.selectBatchIds   : <==      Total: 3
16:42:55:296 DEBUG 24476 --- [http-nio-8081-exec-8] c.h.i.mapper.ItemMapper.selectBatchIds   : ==>  Preparing: SELECT id,name,price,stock,image,category,brand,spec,sold,comment_count,isAD,status,create_time,update_time,creater,updater FROM item WHERE id IN ( ? , ? , ? )
16:42:55:296 DEBUG 24476 --- [http-nio-8081-exec-8] c.h.i.mapper.ItemMapper.selectBatchIds   : ==> Parameters: 100000006163(Long), 100001511821(Long), 2120808(Long)
16:42:55:296 DEBUG 24476 --- [http-nio-8081-exec-8] c.h.i.mapper.ItemMapper.selectBatchIds   : <==      Total: 3
16:42:55:398 DEBUG 25524 --- [http-nio-8083-exec-8] c.h.i.mapper.ItemMapper.selectBatchIds   : ==>  Preparing: SELECT id,name,price,stock,image,category,brand,spec,sold,comment_count,isAD,status,create_time,update_time,creater,updater FROM item WHERE id IN ( ? , ? , ? )
16:42:55:399 DEBUG 25524 --- [http-nio-8083-exec-8] c.h.i.mapper.ItemMapper.selectBatchIds   : ==> Parameters: 100000006163(Long), 100001511821(Long), 2120808(Long)
16:42:55:400 DEBUG 25524 --- [http-nio-8083-exec-8] c.h.i.mapper.ItemMapper.selectBatchIds   : <==      Total: 3
16:42:55:594 DEBUG 24476 --- [http-nio-8081-exec-9] c.h.i.mapper.ItemMapper.selectBatchIds   : ==>  Preparing: SELECT id,name,price,stock,image,category,brand,spec,sold,comment_count,isAD,status,create_time,update_time,creater,updater FROM item WHERE id IN ( ? , ? , ? )
16:42:55:594 DEBUG 24476 --- [http-nio-8081-exec-9] c.h.i.mapper.ItemMapper.selectBatchIds   : ==> Parameters: 100000006163(Long), 100001511821(Long), 2120808(Long)
16:42:55:596 DEBUG 24476 --- [http-nio-8081-exec-9] c.h.i.mapper.ItemMapper.selectBatchIds   : <==      Total: 3
16:42:55:694 DEBUG 25524 --- [http-nio-8083-exec-7] c.h.i.mapper.ItemMapper.selectBatchIds   : ==>  Preparing: SELECT id,name,price,stock,image,category,brand,spec,sold,comment_count,isAD,status,create_time,update_time,creater,updater FROM item WHERE id IN ( ? , ? , ? )
16:42:55:694 DEBUG 25524 --- [http-nio-8083-exec-7] c.h.i.mapper.ItemMapper.selectBatchIds   : ==> Parameters: 100000006163(Long), 100001511821(Long), 2120808(Long)
16:42:55:695 DEBUG 25524 --- [http-nio-8083-exec-7] c.h.i.mapper.ItemMapper.selectBatchIds   : <==      Total: 3
16:42:56:093 DEBUG 24476 --- [http-nio-8081-exec-10] c.h.i.mapper.ItemMapper.selectBatchIds   : ==>  Preparing: SELECT id,name,price,stock,image,category,brand,spec,sold,comment_count,isAD,status,create_time,update_time,creater,updater FROM item WHERE id IN ( ? , ? , ? )
16:42:56:095 DEBUG 24476 --- [http-nio-8081-exec-10] c.h.i.mapper.ItemMapper.selectBatchIds   : ==> Parameters: 100000006163(Long), 100001511821(Long), 2120808(Long)
16:42:56:097 DEBUG 24476 --- [http-nio-8081-exec-10] c.h.i.mapper.ItemMapper.selectBatchIds   : <==      Total: 3
16:42:56:194 DEBUG 25524 --- [http-nio-8083-exec-10] c.h.i.mapper.ItemMapper.selectBatchIds   : ==>  Preparing: SELECT id,name,price,stock,image,category,brand,spec,sold,comment_count,isAD,status,create_time,update_time,creater,updater FROM item WHERE id IN ( ? , ? , ? )
16:42:56:194 DEBUG 25524 --- [http-nio-8083-exec-10] c.h.i.mapper.ItemMapper.selectBatchIds   : ==> Parameters: 100000006163(Long), 100001511821(Long), 2120808(Long)
16:42:56:195 DEBUG 25524 --- [http-nio-8083-exec-10] c.h.i.mapper.ItemMapper.selectBatchIds   : <==      Total: 3
16:42:56:294 DEBUG 24476 --- [http-nio-8081-exec-1] c.h.i.mapper.ItemMapper.selectBatchIds   : ==>  Preparing: SELECT id,name,price,stock,image,category,brand,spec,sold,comment_count,isAD,status,create_time,update_time,creater,updater FROM item WHERE id IN ( ? , ? , ? )
16:42:56:294 DEBUG 24476 --- [http-nio-8081-exec-1] c.h.i.mapper.ItemMapper.selectBatchIds   : ==> Parameters: 100000006163(Long), 100001511821(Long), 2120808(Long)
16:42:56:297 DEBUG 24476 --- [http-nio-8081-exec-1] c.h.i.mapper.ItemMapper.selectBatchIds   : <==      Total: 3
16:42:56:396 DEBUG 25524 --- [http-nio-8083-exec-1] c.h.i.mapper.ItemMapper.selectBatchIds   : ==>  Preparing: SELECT id,name,price,stock,image,category,brand,spec,sold,comment_count,isAD,status,create_time,update_time,creater,updater FROM item WHERE id IN ( ? , ? , ? )
16:42:56:396 DEBUG 25524 --- [http-nio-8083-exec-1] c.h.i.mapper.ItemMapper.selectBatchIds   : ==> Parameters: 100000006163(Long), 100001511821(Long), 2120808(Long)
16:42:56:398 DEBUG 25524 --- [http-nio-8083-exec-1] c.h.i.mapper.ItemMapper.selectBatchIds   : <==      Total: 3
16:42:56:595 DEBUG 24476 --- [http-nio-8081-exec-2] c.h.i.mapper.ItemMapper.selectBatchIds   : ==>  Preparing: SELECT id,name,price,stock,image,category,brand,spec,sold,comment_count,isAD,status,create_time,update_time,creater,updater FROM item WHERE id IN ( ? , ? , ? )
16:42:56:595 DEBUG 24476 --- [http-nio-8081-exec-2] c.h.i.mapper.ItemMapper.selectBatchIds   : ==> Parameters: 100000006163(Long), 100001511821(Long), 2120808(Long)
16:42:56:596 DEBUG 24476 --- [http-nio-8081-exec-2] c.h.i.mapper.ItemMapper.selectBatchIds   : <==      Total: 3
16:42:56:693 DEBUG 25524 --- [http-nio-8083-exec-2] c.h.i.mapper.ItemMapper.selectBatchIds   : ==>  Preparing: SELECT id,name,price,stock,image,category,brand,spec,sold,comment_count,isAD,status,create_time,update_time,creater,updater FROM item WHERE id IN ( ? , ? , ? )
16:42:56:693 DEBUG 25524 --- [http-nio-8083-exec-2] c.h.i.mapper.ItemMapper.selectBatchIds   : ==> Parameters: 100000006163(Long), 100001511821(Long), 2120808(Long)
16:42:56:695 DEBUG 25524 --- [http-nio-8083-exec-2] c.h.i.mapper.ItemMapper.selectBatchIds   : <==      Total: 3
16:42:57:094 DEBUG 24476 --- [http-nio-8081-exec-3] c.h.i.mapper.ItemMapper.selectBatchIds   : ==>  Preparing: SELECT id,name,price,stock,image,category,brand,spec,sold,comment_count,isAD,status,create_time,update_time,creater,updater FROM item WHERE id IN ( ? , ? , ? )
16:42:57:094 DEBUG 24476 --- [http-nio-8081-exec-3] c.h.i.mapper.ItemMapper.selectBatchIds   : ==> Parameters: 100000006163(Long), 100001511821(Long), 2120808(Long)
16:42:57:095 DEBUG 24476 --- [http-nio-8081-exec-3] c.h.i.mapper.ItemMapper.selectBatchIds   : <==      Total: 3
16:42:57:196 DEBUG 25524 --- [http-nio-8083-exec-3] c.h.i.mapper.ItemMapper.selectBatchIds   : ==>  Preparing: SELECT id,name,price,stock,image,category,brand,spec,sold,comment_count,isAD,status,create_time,update_time,creater,updater FROM item WHERE id IN ( ? , ? , ? )
16:42:57:196 DEBUG 25524 --- [http-nio-8083-exec-3] c.h.i.mapper.ItemMapper.selectBatchIds   : ==> Parameters: 100000006163(Long), 100001511821(Long), 2120808(Long)
16:42:57:197 DEBUG 25524 --- [http-nio-8083-exec-3] c.h.i.mapper.ItemMapper.selectBatchIds   : <==      Total: 3
16:42:57:297 DEBUG 24476 --- [http-nio-8081-exec-4] c.h.i.mapper.ItemMapper.selectBatchIds   : ==>  Preparing: SELECT id,name,price,stock,image,category,brand,spec,sold,comment_count,isAD,status,create_time,update_time,creater,updater FROM item WHERE id IN ( ? , ? , ? )
16:42:57:297 DEBUG 24476 --- [http-nio-8081-exec-4] c.h.i.mapper.ItemMapper.selectBatchIds   : ==> Parameters: 100000006163(Long), 100001511821(Long), 2120808(Long)
16:42:57:298 DEBUG 24476 --- [http-nio-8081-exec-4] c.h.i.mapper.ItemMapper.selectBatchIds   : <==      Total: 3
16:42:57:395 DEBUG 25524 --- [http-nio-8083-exec-4] c.h.i.mapper.ItemMapper.selectBatchIds   : ==>  Preparing: SELECT id,name,price,stock,image,category,brand,spec,sold,comment_count,isAD,status,create_time,update_time,creater,updater FROM item WHERE id IN ( ? , ? , ? )
16:42:57:395 DEBUG 25524 --- [http-nio-8083-exec-4] c.h.i.mapper.ItemMapper.selectBatchIds   : ==> Parameters: 100000006163(Long), 100001511821(Long), 2120808(Long)
16:42:57:397 DEBUG 25524 --- [http-nio-8083-exec-4] c.h.i.mapper.ItemMapper.selectBatchIds   : <==      Total: 3
16:42:57:595 DEBUG 24476 --- [http-nio-8081-exec-5] c.h.i.mapper.ItemMapper.selectBatchIds   : ==>  Preparing: SELECT id,name,price,stock,image,category,brand,spec,sold,comment_count,isAD,status,create_time,update_time,creater,updater FROM item WHERE id IN ( ? , ? , ? )
16:42:57:595 DEBUG 24476 --- [http-nio-8081-exec-5] c.h.i.mapper.ItemMapper.selectBatchIds   : ==> Parameters: 100000006163(Long), 100001511821(Long), 2120808(Long)
16:42:57:596 DEBUG 24476 --- [http-nio-8081-exec-5] c.h.i.mapper.ItemMapper.selectBatchIds   : <==      Total: 3
16:42:57:695 DEBUG 25524 --- [http-nio-8083-exec-6] c.h.i.mapper.ItemMapper.selectBatchIds   : ==>  Preparing: SELECT id,name,price,stock,image,category,brand,spec,sold,comment_count,isAD,status,create_time,update_time,creater,updater FROM item WHERE id IN ( ? , ? , ? )
16:42:57:695 DEBUG 25524 --- [http-nio-8083-exec-6] c.h.i.mapper.ItemMapper.selectBatchIds   : ==> Parameters: 100000006163(Long), 100001511821(Long), 2120808(Long)
16:42:57:696 DEBUG 25524 --- [http-nio-8083-exec-6] c.h.i.mapper.ItemMapper.selectBatchIds   : <==      Total: 3
16:42:58:093 DEBUG 24476 --- [http-nio-8081-exec-6] c.h.i.mapper.ItemMapper.selectBatchIds   : ==>  Preparing: SELECT id,name,price,stock,image,category,brand,spec,sold,comment_count,isAD,status,create_time,update_time,creater,updater FROM item WHERE id IN ( ? , ? , ? )
16:42:58:094 DEBUG 24476 --- [http-nio-8081-exec-6] c.h.i.mapper.ItemMapper.selectBatchIds   : ==> Parameters: 100000006163(Long), 100001511821(Long), 2120808(Long)
16:42:58:095 DEBUG 24476 --- [http-nio-8081-exec-6] c.h.i.mapper.ItemMapper.selectBatchIds   : <==      Total: 3
16:42:58:194 DEBUG 25524 --- [http-nio-8083-exec-5] c.h.i.mapper.ItemMapper.selectBatchIds   : ==>  Preparing: SELECT id,name,price,stock,image,category,brand,spec,sold,comment_count,isAD,status,create_time,update_time,creater,updater FROM item WHERE id IN ( ? , ? , ? )
16:42:58:195 DEBUG 25524 --- [http-nio-8083-exec-5] c.h.i.mapper.ItemMapper.selectBatchIds   : ==> Parameters: 100000006163(Long), 100001511821(Long), 2120808(Long)
16:42:58:195 DEBUG 25524 --- [http-nio-8083-exec-5] c.h.i.mapper.ItemMapper.selectBatchIds   : <==      Total: 3
16:42:58:295 DEBUG 24476 --- [http-nio-8081-exec-7] c.h.i.mapper.ItemMapper.selectBatchIds   : ==>  Preparing: SELECT id,name,price,stock,image,category,brand,spec,sold,comment_count,isAD,status,create_time,update_time,creater,updater FROM item WHERE id IN ( ? , ? , ? )
16:42:58:295 DEBUG 24476 --- [http-nio-8081-exec-7] c.h.i.mapper.ItemMapper.selectBatchIds   : ==> Parameters: 100000006163(Long), 100001511821(Long), 2120808(Long)
16:42:58:296 DEBUG 24476 --- [http-nio-8081-exec-7] c.h.i.mapper.ItemMapper.selectBatchIds   : <==      Total: 3
16:42:58:397 DEBUG 25524 --- [http-nio-8083-exec-9] c.h.i.mapper.ItemMapper.selectBatchIds   : ==>  Preparing: SELECT id,name,price,stock,image,category,brand,spec,sold,comment_count,isAD,status,create_time,update_time,creater,updater FROM item WHERE id IN ( ? , ? , ? )
16:42:58:397 DEBUG 25524 --- [http-nio-8083-exec-9] c.h.i.mapper.ItemMapper.selectBatchIds   : ==> Parameters: 100000006163(Long), 100001511821(Long), 2120808(Long)
16:42:58:398 DEBUG 25524 --- [http-nio-8083-exec-9] c.h.i.mapper.ItemMapper.selectBatchIds   : <==      Total: 3
16:42:58:594 DEBUG 24476 --- [http-nio-8081-exec-8] c.h.i.mapper.ItemMapper.selectBatchIds   : ==>  Preparing: SELECT id,name,price,stock,image,category,brand,spec,sold,comment_count,isAD,status,create_time,update_time,creater,updater FROM item WHERE id IN ( ? , ? , ? )
16:42:58:594 DEBUG 24476 --- [http-nio-8081-exec-8] c.h.i.mapper.ItemMapper.selectBatchIds   : ==> Parameters: 100000006163(Long), 100001511821(Long), 2120808(Long)
16:42:58:596 DEBUG 24476 --- [http-nio-8081-exec-8] c.h.i.mapper.ItemMapper.selectBatchIds   : <==      Total: 3
16:42:58:694 DEBUG 25524 --- [http-nio-8083-exec-8] c.h.i.mapper.ItemMapper.selectBatchIds   : ==>  Preparing: SELECT id,name,price,stock,image,category,brand,spec,sold,comment_count,isAD,status,create_time,update_time,creater,updater FROM item WHERE id IN ( ? , ? , ? )
16:42:58:694 DEBUG 25524 --- [http-nio-8083-exec-8] c.h.i.mapper.ItemMapper.selectBatchIds   : ==> Parameters: 100000006163(Long), 100001511821(Long), 2120808(Long)
16:42:58:695 DEBUG 25524 --- [http-nio-8083-exec-8] c.h.i.mapper.ItemMapper.selectBatchIds   : <==      Total: 3
16:42:59:095 DEBUG 24476 --- [http-nio-8081-exec-9] c.h.i.mapper.ItemMapper.selectBatchIds   : ==>  Preparing: SELECT id,name,price,stock,image,category,brand,spec,sold,comment_count,isAD,status,create_time,update_time,creater,updater FROM item WHERE id IN ( ? , ? , ? )
16:42:59:095 DEBUG 24476 --- [http-nio-8081-exec-9] c.h.i.mapper.ItemMapper.selectBatchIds   : ==> Parameters: 100000006163(Long), 100001511821(Long), 2120808(Long)
16:42:59:095 DEBUG 24476 --- [http-nio-8081-exec-9] c.h.i.mapper.ItemMapper.selectBatchIds   : <==      Total: 3
16:42:59:194 DEBUG 25524 --- [http-nio-8083-exec-7] c.h.i.mapper.ItemMapper.selectBatchIds   : ==>  Preparing: SELECT id,name,price,stock,image,category,brand,spec,sold,comment_count,isAD,status,create_time,update_time,creater,updater FROM item WHERE id IN ( ? , ? , ? )
16:42:59:194 DEBUG 25524 --- [http-nio-8083-exec-7] c.h.i.mapper.ItemMapper.selectBatchIds   : ==> Parameters: 100000006163(Long), 100001511821(Long), 2120808(Long)
16:42:59:195 DEBUG 25524 --- [http-nio-8083-exec-7] c.h.i.mapper.ItemMapper.selectBatchIds   : <==      Total: 3
16:42:59:294 DEBUG 24476 --- [http-nio-8081-exec-10] c.h.i.mapper.ItemMapper.selectBatchIds   : ==>  Preparing: SELECT id,name,price,stock,image,category,brand,spec,sold,comment_count,isAD,status,create_time,update_time,creater,updater FROM item WHERE id IN ( ? , ? , ? )
16:42:59:294 DEBUG 24476 --- [http-nio-8081-exec-10] c.h.i.mapper.ItemMapper.selectBatchIds   : ==> Parameters: 100000006163(Long), 100001511821(Long), 2120808(Long)
16:42:59:295 DEBUG 24476 --- [http-nio-8081-exec-10] c.h.i.mapper.ItemMapper.selectBatchIds   : <==      Total: 3
16:42:59:397 DEBUG 25524 --- [http-nio-8083-exec-10] c.h.i.mapper.ItemMapper.selectBatchIds   : ==>  Preparing: SELECT id,name,price,stock,image,category,brand,spec,sold,comment_count,isAD,status,create_time,update_time,creater,updater FROM item WHERE id IN ( ? , ? , ? )
16:42:59:397 DEBUG 25524 --- [http-nio-8083-exec-10] c.h.i.mapper.ItemMapper.selectBatchIds   : ==> Parameters: 100000006163(Long), 100001511821(Long), 2120808(Long)
16:42:59:399 DEBUG 25524 --- [http-nio-8083-exec-10] c.h.i.mapper.ItemMapper.selectBatchIds   : <==      Total: 3
16:42:59:597 DEBUG 24476 --- [http-nio-8081-exec-1] c.h.i.mapper.ItemMapper.selectBatchIds   : ==>  Preparing: SELECT id,name,price,stock,image,category,brand,spec,sold,comment_count,isAD,status,create_time,update_time,creater,updater FROM item WHERE id IN ( ? , ? , ? )
16:42:59:597 DEBUG 24476 --- [http-nio-8081-exec-1] c.h.i.mapper.ItemMapper.selectBatchIds   : ==> Parameters: 100000006163(Long), 100001511821(Long), 2120808(Long)
16:42:59:598 DEBUG 24476 --- [http-nio-8081-exec-1] c.h.i.mapper.ItemMapper.selectBatchIds   : <==      Total: 3
16:42:59:695 DEBUG 25524 --- [http-nio-8083-exec-1] c.h.i.mapper.ItemMapper.selectBatchIds   : ==>  Preparing: SELECT id,name,price,stock,image,category,brand,spec,sold,comment_count,isAD,status,create_time,update_time,creater,updater FROM item WHERE id IN ( ? , ? , ? )
16:42:59:695 DEBUG 25524 --- [http-nio-8083-exec-1] c.h.i.mapper.ItemMapper.selectBatchIds   : ==> Parameters: 100000006163(Long), 100001511821(Long), 2120808(Long)
16:42:59:697 DEBUG 25524 --- [http-nio-8083-exec-1] c.h.i.mapper.ItemMapper.selectBatchIds   : <==      Total: 3
16:43:00:094 DEBUG 24476 --- [http-nio-8081-exec-2] c.h.i.mapper.ItemMapper.selectBatchIds   : ==>  Preparing: SELECT id,name,price,stock,image,category,brand,spec,sold,comment_count,isAD,status,create_time,update_time,creater,updater FROM item WHERE id IN ( ? , ? , ? )
16:43:00:096 DEBUG 24476 --- [http-nio-8081-exec-2] c.h.i.mapper.ItemMapper.selectBatchIds   : ==> Parameters: 100000006163(Long), 100001511821(Long), 2120808(Long)
16:43:00:097 DEBUG 24476 --- [http-nio-8081-exec-2] c.h.i.mapper.ItemMapper.selectBatchIds   : <==      Total: 3
16:43:00:193 DEBUG 25524 --- [http-nio-8083-exec-2] c.h.i.mapper.ItemMapper.selectBatchIds   : ==>  Preparing: SELECT id,name,price,stock,image,category,brand,spec,sold,comment_count,isAD,status,create_time,update_time,creater,updater FROM item WHERE id IN ( ? , ? , ? )
16:43:00:193 DEBUG 25524 --- [http-nio-8083-exec-2] c.h.i.mapper.ItemMapper.selectBatchIds   : ==> Parameters: 100000006163(Long), 100001511821(Long), 2120808(Long)
16:43:00:195 DEBUG 25524 --- [http-nio-8083-exec-2] c.h.i.mapper.ItemMapper.selectBatchIds   : <==      Total: 3
16:43:00:294 DEBUG 24476 --- [http-nio-8081-exec-3] c.h.i.mapper.ItemMapper.selectBatchIds   : ==>  Preparing: SELECT id,name,price,stock,image,category,brand,spec,sold,comment_count,isAD,status,create_time,update_time,creater,updater FROM item WHERE id IN ( ? , ? , ? )
16:43:00:294 DEBUG 24476 --- [http-nio-8081-exec-3] c.h.i.mapper.ItemMapper.selectBatchIds   : ==> Parameters: 100000006163(Long), 100001511821(Long), 2120808(Long)
16:43:00:295 DEBUG 24476 --- [http-nio-8081-exec-3] c.h.i.mapper.ItemMapper.selectBatchIds   : <==      Total: 3
16:43:00:396 DEBUG 25524 --- [http-nio-8083-exec-3] c.h.i.mapper.ItemMapper.selectBatchIds   : ==>  Preparing: SELECT id,name,price,stock,image,category,brand,spec,sold,comment_count,isAD,status,create_time,update_time,creater,updater FROM item WHERE id IN ( ? , ? , ? )
16:43:00:396 DEBUG 25524 --- [http-nio-8083-exec-3] c.h.i.mapper.ItemMapper.selectBatchIds   : ==> Parameters: 100000006163(Long), 100001511821(Long), 2120808(Long)
16:43:00:398 DEBUG 25524 --- [http-nio-8083-exec-3] c.h.i.mapper.ItemMapper.selectBatchIds   : <==      Total: 3
16:43:00:595 DEBUG 24476 --- [http-nio-8081-exec-4] c.h.i.mapper.ItemMapper.selectBatchIds   : ==>  Preparing: SELECT id,name,price,stock,image,category,brand,spec,sold,comment_count,isAD,status,create_time,update_time,creater,updater FROM item WHERE id IN ( ? , ? , ? )
16:43:00:595 DEBUG 24476 --- [http-nio-8081-exec-4] c.h.i.mapper.ItemMapper.selectBatchIds   : ==> Parameters: 100000006163(Long), 100001511821(Long), 2120808(Long)
16:43:00:596 DEBUG 24476 --- [http-nio-8081-exec-4] c.h.i.mapper.ItemMapper.selectBatchIds   : <==      Total: 3
16:43:00:695 DEBUG 25524 --- [http-nio-8083-exec-4] c.h.i.mapper.ItemMapper.selectBatchIds   : ==>  Preparing: SELECT id,name,price,stock,image,category,brand,spec,sold,comment_count,isAD,status,create_time,update_time,creater,updater FROM item WHERE id IN ( ? , ? , ? )
16:43:00:695 DEBUG 25524 --- [http-nio-8083-exec-4] c.h.i.mapper.ItemMapper.selectBatchIds   : ==> Parameters: 100000006163(Long), 100001511821(Long), 2120808(Long)
16:43:00:696 DEBUG 25524 --- [http-nio-8083-exec-4] c.h.i.mapper.ItemMapper.selectBatchIds   : <==      Total: 3
16:43:01:092 DEBUG 24476 --- [http-nio-8081-exec-5] c.h.i.mapper.ItemMapper.selectBatchIds   : ==>  Preparing: SELECT id,name,price,stock,image,category,brand,spec,sold,comment_count,isAD,status,create_time,update_time,creater,updater FROM item WHERE id IN ( ? , ? , ? )
16:43:01:093 DEBUG 24476 --- [http-nio-8081-exec-5] c.h.i.mapper.ItemMapper.selectBatchIds   : ==> Parameters: 100000006163(Long), 100001511821(Long), 2120808(Long)
16:43:01:094 DEBUG 24476 --- [http-nio-8081-exec-5] c.h.i.mapper.ItemMapper.selectBatchIds   : <==      Total: 3
16:43:01:195 DEBUG 25524 --- [http-nio-8083-exec-6] c.h.i.mapper.ItemMapper.selectBatchIds   : ==>  Preparing: SELECT id,name,price,stock,image,category,brand,spec,sold,comment_count,isAD,status,create_time,update_time,creater,updater FROM item WHERE id IN ( ? , ? , ? )
16:43:01:195 DEBUG 25524 --- [http-nio-8083-exec-6] c.h.i.mapper.ItemMapper.selectBatchIds   : ==> Parameters: 100000006163(Long), 100001511821(Long), 2120808(Long)
16:43:01:197 DEBUG 25524 --- [http-nio-8083-exec-6] c.h.i.mapper.ItemMapper.selectBatchIds   : <==      Total: 3
16:43:01:295 DEBUG 24476 --- [http-nio-8081-exec-6] c.h.i.mapper.ItemMapper.selectBatchIds   : ==>  Preparing: SELECT id,name,price,stock,image,category,brand,spec,sold,comment_count,isAD,status,create_time,update_time,creater,updater FROM item WHERE id IN ( ? , ? , ? )
16:43:01:295 DEBUG 24476 --- [http-nio-8081-exec-6] c.h.i.mapper.ItemMapper.selectBatchIds   : ==> Parameters: 100000006163(Long), 100001511821(Long), 2120808(Long)
16:43:01:296 DEBUG 24476 --- [http-nio-8081-exec-6] c.h.i.mapper.ItemMapper.selectBatchIds   : <==      Total: 3
16:43:01:395 DEBUG 25524 --- [http-nio-8083-exec-5] c.h.i.mapper.ItemMapper.selectBatchIds   : ==>  Preparing: SELECT id,name,price,stock,image,category,brand,spec,sold,comment_count,isAD,status,create_time,update_time,creater,updater FROM item WHERE id IN ( ? , ? , ? )
16:43:01:395 DEBUG 25524 --- [http-nio-8083-exec-5] c.h.i.mapper.ItemMapper.selectBatchIds   : ==> Parameters: 100000006163(Long), 100001511821(Long), 2120808(Long)
16:43:01:396 DEBUG 25524 --- [http-nio-8083-exec-5] c.h.i.mapper.ItemMapper.selectBatchIds   : <==      Total: 3
16:43:01:598 DEBUG 24476 --- [http-nio-8081-exec-7] c.h.i.mapper.ItemMapper.selectBatchIds   : ==>  Preparing: SELECT id,name,price,stock,image,category,brand,spec,sold,comment_count,isAD,status,create_time,update_time,creater,updater FROM item WHERE id IN ( ? , ? , ? )
16:43:01:598 DEBUG 24476 --- [http-nio-8081-exec-7] c.h.i.mapper.ItemMapper.selectBatchIds   : ==> Parameters: 100000006163(Long), 100001511821(Long), 2120808(Long)
16:43:01:599 DEBUG 24476 --- [http-nio-8081-exec-7] c.h.i.mapper.ItemMapper.selectBatchIds   : <==      Total: 3
16:43:01:694 DEBUG 25524 --- [http-nio-8083-exec-9] c.h.i.mapper.ItemMapper.selectBatchIds   : ==>  Preparing: SELECT id,name,price,stock,image,category,brand,spec,sold,comment_count,isAD,status,create_time,update_time,creater,updater FROM item WHERE id IN ( ? , ? , ? )
16:43:01:694 DEBUG 25524 --- [http-nio-8083-exec-9] c.h.i.mapper.ItemMapper.selectBatchIds   : ==> Parameters: 100000006163(Long), 100001511821(Long), 2120808(Long)
16:43:01:697 DEBUG 25524 --- [http-nio-8083-exec-9] c.h.i.mapper.ItemMapper.selectBatchIds   : <==      Total: 3
16:43:02:096 DEBUG 24476 --- [http-nio-8081-exec-8] c.h.i.mapper.ItemMapper.selectBatchIds   : ==>  Preparing: SELECT id,name,price,stock,image,category,brand,spec,sold,comment_count,isAD,status,create_time,update_time,creater,updater FROM item WHERE id IN ( ? , ? , ? )
16:43:02:096 DEBUG 24476 --- [http-nio-8081-exec-8] c.h.i.mapper.ItemMapper.selectBatchIds   : ==> Parameters: 100000006163(Long), 100001511821(Long), 2120808(Long)
16:43:02:097 DEBUG 24476 --- [http-nio-8081-exec-8] c.h.i.mapper.ItemMapper.selectBatchIds   : <==      Total: 3
16:43:02:195 DEBUG 25524 --- [http-nio-8083-exec-8] c.h.i.mapper.ItemMapper.selectBatchIds   : ==>  Preparing: SELECT id,name,price,stock,image,category,brand,spec,sold,comment_count,isAD,status,create_time,update_time,creater,updater FROM item WHERE id IN ( ? , ? , ? )
16:43:02:195 DEBUG 25524 --- [http-nio-8083-exec-8] c.h.i.mapper.ItemMapper.selectBatchIds   : ==> Parameters: 100000006163(Long), 100001511821(Long), 2120808(Long)
16:43:02:197 DEBUG 25524 --- [http-nio-8083-exec-8] c.h.i.mapper.ItemMapper.selectBatchIds   : <==      Total: 3
16:43:02:308 DEBUG 24476 --- [http-nio-8081-exec-9] c.h.i.mapper.ItemMapper.selectBatchIds   : ==>  Preparing: SELECT id,name,price,stock,image,category,brand,spec,sold,comment_count,isAD,status,create_time,update_time,creater,updater FROM item WHERE id IN ( ? , ? , ? )
16:43:02:308 DEBUG 24476 --- [http-nio-8081-exec-9] c.h.i.mapper.ItemMapper.selectBatchIds   : ==> Parameters: 100000006163(Long), 100001511821(Long), 2120808(Long)
16:43:02:310 DEBUG 24476 --- [http-nio-8081-exec-9] c.h.i.mapper.ItemMapper.selectBatchIds   : <==      Total: 3
16:43:02:403 DEBUG 25524 --- [http-nio-8083-exec-7] c.h.i.mapper.ItemMapper.selectBatchIds   : ==>  Preparing: SELECT id,name,price,stock,image,category,brand,spec,sold,comment_count,isAD,status,create_time,update_time,creater,updater FROM item WHERE id IN ( ? , ? , ? )
16:43:02:403 DEBUG 25524 --- [http-nio-8083-exec-7] c.h.i.mapper.ItemMapper.selectBatchIds   : ==> Parameters: 100000006163(Long), 100001511821(Long), 2120808(Long)
16:43:02:404 DEBUG 25524 --- [http-nio-8083-exec-7] c.h.i.mapper.ItemMapper.selectBatchIds   : <==      Total: 3
16:43:02:595 DEBUG 24476 --- [http-nio-8081-exec-10] c.h.i.mapper.ItemMapper.selectBatchIds   : ==>  Preparing: SELECT id,name,price,stock,image,category,brand,spec,sold,comment_count,isAD,status,create_time,update_time,creater,updater FROM item WHERE id IN ( ? , ? , ? )
16:43:02:595 DEBUG 24476 --- [http-nio-8081-exec-10] c.h.i.mapper.ItemMapper.selectBatchIds   : ==> Parameters: 100000006163(Long), 100001511821(Long), 2120808(Long)
16:43:02:597 DEBUG 24476 --- [http-nio-8081-exec-10] c.h.i.mapper.ItemMapper.selectBatchIds   : <==      Total: 3
16:43:02:696 DEBUG 25524 --- [http-nio-8083-exec-10] c.h.i.mapper.ItemMapper.selectBatchIds   : ==>  Preparing: SELECT id,name,price,stock,image,category,brand,spec,sold,comment_count,isAD,status,create_time,update_time,creater,updater FROM item WHERE id IN ( ? , ? , ? )
16:43:02:696 DEBUG 25524 --- [http-nio-8083-exec-10] c.h.i.mapper.ItemMapper.selectBatchIds   : ==> Parameters: 100000006163(Long), 100001511821(Long), 2120808(Long)
16:43:02:697 DEBUG 25524 --- [http-nio-8083-exec-10] c.h.i.mapper.ItemMapper.selectBatchIds   : <==      Total: 3
16:43:03:094 DEBUG 24476 --- [http-nio-8081-exec-1] c.h.i.mapper.ItemMapper.selectBatchIds   : ==>  Preparing: SELECT id,name,price,stock,image,category,brand,spec,sold,comment_count,isAD,status,create_time,update_time,creater,updater FROM item WHERE id IN ( ? , ? , ? )
16:43:03:095 DEBUG 24476 --- [http-nio-8081-exec-1] c.h.i.mapper.ItemMapper.selectBatchIds   : ==> Parameters: 100000006163(Long), 100001511821(Long), 2120808(Long)
16:43:03:097 DEBUG 24476 --- [http-nio-8081-exec-1] c.h.i.mapper.ItemMapper.selectBatchIds   : <==      Total: 3
16:43:03:193 DEBUG 25524 --- [http-nio-8083-exec-1] c.h.i.mapper.ItemMapper.selectBatchIds   : ==>  Preparing: SELECT id,name,price,stock,image,category,brand,spec,sold,comment_count,isAD,status,create_time,update_time,creater,updater FROM item WHERE id IN ( ? , ? , ? )
16:43:03:194 DEBUG 25524 --- [http-nio-8083-exec-1] c.h.i.mapper.ItemMapper.selectBatchIds   : ==> Parameters: 100000006163(Long), 100001511821(Long), 2120808(Long)
16:43:03:195 DEBUG 25524 --- [http-nio-8083-exec-1] c.h.i.mapper.ItemMapper.selectBatchIds   : <==      Total: 3
16:43:03:293 DEBUG 24476 --- [http-nio-8081-exec-2] c.h.i.mapper.ItemMapper.selectBatchIds   : ==>  Preparing: SELECT id,name,price,stock,image,category,brand,spec,sold,comment_count,isAD,status,create_time,update_time,creater,updater FROM item WHERE id IN ( ? , ? , ? )
16:43:03:293 DEBUG 24476 --- [http-nio-8081-exec-2] c.h.i.mapper.ItemMapper.selectBatchIds   : ==> Parameters: 100000006163(Long), 100001511821(Long), 2120808(Long)
16:43:03:295 DEBUG 24476 --- [http-nio-8081-exec-2] c.h.i.mapper.ItemMapper.selectBatchIds   : <==      Total: 3
16:43:03:399 DEBUG 25524 --- [http-nio-8083-exec-2] c.h.i.mapper.ItemMapper.selectBatchIds   : ==>  Preparing: SELECT id,name,price,stock,image,category,brand,spec,sold,comment_count,isAD,status,create_time,update_time,creater,updater FROM item WHERE id IN ( ? , ? , ? )
16:43:03:400 DEBUG 25524 --- [http-nio-8083-exec-2] c.h.i.mapper.ItemMapper.selectBatchIds   : ==> Parameters: 100000006163(Long), 100001511821(Long), 2120808(Long)
16:43:03:401 DEBUG 25524 --- [http-nio-8083-exec-2] c.h.i.mapper.ItemMapper.selectBatchIds   : <==      Total: 3
16:43:03:595 DEBUG 24476 --- [http-nio-8081-exec-3] c.h.i.mapper.ItemMapper.selectBatchIds   : ==>  Preparing: SELECT id,name,price,stock,image,category,brand,spec,sold,comment_count,isAD,status,create_time,update_time,creater,updater FROM item WHERE id IN ( ? , ? , ? )
16:43:03:595 DEBUG 24476 --- [http-nio-8081-exec-3] c.h.i.mapper.ItemMapper.selectBatchIds   : ==> Parameters: 100000006163(Long), 100001511821(Long), 2120808(Long)
16:43:03:598 DEBUG 24476 --- [http-nio-8081-exec-3] c.h.i.mapper.ItemMapper.selectBatchIds   : <==      Total: 3
16:43:03:694 DEBUG 25524 --- [http-nio-8083-exec-3] c.h.i.mapper.ItemMapper.selectBatchIds   : ==>  Preparing: SELECT id,name,price,stock,image,category,brand,spec,sold,comment_count,isAD,status,create_time,update_time,creater,updater FROM item WHERE id IN ( ? , ? , ? )
16:43:03:694 DEBUG 25524 --- [http-nio-8083-exec-3] c.h.i.mapper.ItemMapper.selectBatchIds   : ==> Parameters: 100000006163(Long), 100001511821(Long), 2120808(Long)
16:43:03:695 DEBUG 25524 --- [http-nio-8083-exec-3] c.h.i.mapper.ItemMapper.selectBatchIds   : <==      Total: 3
16:43:04:093 DEBUG 24476 --- [http-nio-8081-exec-4] c.h.i.mapper.ItemMapper.selectBatchIds   : ==>  Preparing: SELECT id,name,price,stock,image,category,brand,spec,sold,comment_count,isAD,status,create_time,update_time,creater,updater FROM item WHERE id IN ( ? , ? , ? )
16:43:04:093 DEBUG 24476 --- [http-nio-8081-exec-4] c.h.i.mapper.ItemMapper.selectBatchIds   : ==> Parameters: 100000006163(Long), 100001511821(Long), 2120808(Long)
16:43:04:095 DEBUG 24476 --- [http-nio-8081-exec-4] c.h.i.mapper.ItemMapper.selectBatchIds   : <==      Total: 3
16:43:04:194 DEBUG 25524 --- [http-nio-8083-exec-4] c.h.i.mapper.ItemMapper.selectBatchIds   : ==>  Preparing: SELECT id,name,price,stock,image,category,brand,spec,sold,comment_count,isAD,status,create_time,update_time,creater,updater FROM item WHERE id IN ( ? , ? , ? )
16:43:04:194 DEBUG 25524 --- [http-nio-8083-exec-4] c.h.i.mapper.ItemMapper.selectBatchIds   : ==> Parameters: 100000006163(Long), 100001511821(Long), 2120808(Long)
16:43:04:196 DEBUG 25524 --- [http-nio-8083-exec-4] c.h.i.mapper.ItemMapper.selectBatchIds   : <==      Total: 3
16:43:04:295 DEBUG 24476 --- [http-nio-8081-exec-5] c.h.i.mapper.ItemMapper.selectBatchIds   : ==>  Preparing: SELECT id,name,price,stock,image,category,brand,spec,sold,comment_count,isAD,status,create_time,update_time,creater,updater FROM item WHERE id IN ( ? , ? , ? )
16:43:04:295 DEBUG 24476 --- [http-nio-8081-exec-5] c.h.i.mapper.ItemMapper.selectBatchIds   : ==> Parameters: 100000006163(Long), 100001511821(Long), 2120808(Long)
16:43:04:297 DEBUG 24476 --- [http-nio-8081-exec-5] c.h.i.mapper.ItemMapper.selectBatchIds   : <==      Total: 3
16:43:04:394 DEBUG 25524 --- [http-nio-8083-exec-6] c.h.i.mapper.ItemMapper.selectBatchIds   : ==>  Preparing: SELECT id,name,price,stock,image,category,brand,spec,sold,comment_count,isAD,status,create_time,update_time,creater,updater FROM item WHERE id IN ( ? , ? , ? )
16:43:04:394 DEBUG 25524 --- [http-nio-8083-exec-6] c.h.i.mapper.ItemMapper.selectBatchIds   : ==> Parameters: 100000006163(Long), 100001511821(Long), 2120808(Long)
16:43:04:396 DEBUG 25524 --- [http-nio-8083-exec-6] c.h.i.mapper.ItemMapper.selectBatchIds   : <==      Total: 3
16:43:04:594 DEBUG 24476 --- [http-nio-8081-exec-6] c.h.i.mapper.ItemMapper.selectBatchIds   : ==>  Preparing: SELECT id,name,price,stock,image,category,brand,spec,sold,comment_count,isAD,status,create_time,update_time,creater,updater FROM item WHERE id IN ( ? , ? , ? )
16:43:04:594 DEBUG 24476 --- [http-nio-8081-exec-6] c.h.i.mapper.ItemMapper.selectBatchIds   : ==> Parameters: 100000006163(Long), 100001511821(Long), 2120808(Long)
16:43:04:595 DEBUG 24476 --- [http-nio-8081-exec-6] c.h.i.mapper.ItemMapper.selectBatchIds   : <==      Total: 3
16:43:04:693 DEBUG 25524 --- [http-nio-8083-exec-5] c.h.i.mapper.ItemMapper.selectBatchIds   : ==>  Preparing: SELECT id,name,price,stock,image,category,brand,spec,sold,comment_count,isAD,status,create_time,update_time,creater,updater FROM item WHERE id IN ( ? , ? , ? )
16:43:04:693 DEBUG 25524 --- [http-nio-8083-exec-5] c.h.i.mapper.ItemMapper.selectBatchIds   : ==> Parameters: 100000006163(Long), 100001511821(Long), 2120808(Long)
16:43:04:694 DEBUG 25524 --- [http-nio-8083-exec-5] c.h.i.mapper.ItemMapper.selectBatchIds   : <==      Total: 3
16:46:30:837 DEBUG 24476 --- [http-nio-8081-exec-7] c.h.i.mapper.ItemMapper.selectBatchIds   : ==>  Preparing: SELECT id,name,price,stock,image,category,brand,spec,sold,comment_count,isAD,status,create_time,update_time,creater,updater FROM item WHERE id IN ( ? , ? , ? )
16:46:30:837 DEBUG 24476 --- [http-nio-8081-exec-7] c.h.i.mapper.ItemMapper.selectBatchIds   : ==> Parameters: 100000006163(Long), 100001511821(Long), 2120808(Long)
16:46:30:840 DEBUG 24476 --- [http-nio-8081-exec-7] c.h.i.mapper.ItemMapper.selectBatchIds   : <==      Total: 3
16:46:30:933 DEBUG 25524 --- [http-nio-8083-exec-9] c.h.i.mapper.ItemMapper.selectBatchIds   : ==>  Preparing: SELECT id,name,price,stock,image,category,brand,spec,sold,comment_count,isAD,status,create_time,update_time,creater,updater FROM item WHERE id IN ( ? , ? , ? )
16:46:30:933 DEBUG 25524 --- [http-nio-8083-exec-9] c.h.i.mapper.ItemMapper.selectBatchIds   : ==> Parameters: 100000006163(Long), 100001511821(Long), 2120808(Long)
16:46:30:933 DEBUG 25524 --- [http-nio-8083-exec-9] c.h.i.mapper.ItemMapper.selectBatchIds   : <==      Total: 3
16:46:31:034 DEBUG 24476 --- [http-nio-8081-exec-8] c.h.i.mapper.ItemMapper.selectBatchIds   : ==>  Preparing: SELECT id,name,price,stock,image,category,brand,spec,sold,comment_count,isAD,status,create_time,update_time,creater,updater FROM item WHERE id IN ( ? , ? , ? )
16:46:31:036 DEBUG 24476 --- [http-nio-8081-exec-8] c.h.i.mapper.ItemMapper.selectBatchIds   : ==> Parameters: 100000006163(Long), 100001511821(Long), 2120808(Long)
16:46:31:038 DEBUG 24476 --- [http-nio-8081-exec-8] c.h.i.mapper.ItemMapper.selectBatchIds   : <==      Total: 3
16:46:31:133 DEBUG 25524 --- [http-nio-8083-exec-8] c.h.i.mapper.ItemMapper.selectBatchIds   : ==>  Preparing: SELECT id,name,price,stock,image,category,brand,spec,sold,comment_count,isAD,status,create_time,update_time,creater,updater FROM item WHERE id IN ( ? , ? , ? )
16:46:31:133 DEBUG 25524 --- [http-nio-8083-exec-8] c.h.i.mapper.ItemMapper.selectBatchIds   : ==> Parameters: 100000006163(Long), 100001511821(Long), 2120808(Long)
16:46:31:135 DEBUG 25524 --- [http-nio-8083-exec-8] c.h.i.mapper.ItemMapper.selectBatchIds   : <==      Total: 3
16:46:31:233 DEBUG 24476 --- [http-nio-8081-exec-9] c.h.i.mapper.ItemMapper.selectBatchIds   : ==>  Preparing: SELECT id,name,price,stock,image,category,brand,spec,sold,comment_count,isAD,status,create_time,update_time,creater,updater FROM item WHERE id IN ( ? , ? , ? )
16:46:31:233 DEBUG 24476 --- [http-nio-8081-exec-9] c.h.i.mapper.ItemMapper.selectBatchIds   : ==> Parameters: 100000006163(Long), 100001511821(Long), 2120808(Long)
16:46:31:234 DEBUG 24476 --- [http-nio-8081-exec-9] c.h.i.mapper.ItemMapper.selectBatchIds   : <==      Total: 3
16:46:31:334 DEBUG 25524 --- [http-nio-8083-exec-7] c.h.i.mapper.ItemMapper.selectBatchIds   : ==>  Preparing: SELECT id,name,price,stock,image,category,brand,spec,sold,comment_count,isAD,status,create_time,update_time,creater,updater FROM item WHERE id IN ( ? , ? , ? )
16:46:31:335 DEBUG 25524 --- [http-nio-8083-exec-7] c.h.i.mapper.ItemMapper.selectBatchIds   : ==> Parameters: 100000006163(Long), 100001511821(Long), 2120808(Long)
16:46:31:335 DEBUG 25524 --- [http-nio-8083-exec-7] c.h.i.mapper.ItemMapper.selectBatchIds   : <==      Total: 3
16:46:31:532 DEBUG 24476 --- [http-nio-8081-exec-10] c.h.i.mapper.ItemMapper.selectBatchIds   : ==>  Preparing: SELECT id,name,price,stock,image,category,brand,spec,sold,comment_count,isAD,status,create_time,update_time,creater,updater FROM item WHERE id IN ( ? , ? , ? )
16:46:31:532 DEBUG 24476 --- [http-nio-8081-exec-10] c.h.i.mapper.ItemMapper.selectBatchIds   : ==> Parameters: 100000006163(Long), 100001511821(Long), 2120808(Long)
16:46:31:533 DEBUG 24476 --- [http-nio-8081-exec-10] c.h.i.mapper.ItemMapper.selectBatchIds   : <==      Total: 3
16:46:31:634 DEBUG 25524 --- [http-nio-8083-exec-10] c.h.i.mapper.ItemMapper.selectBatchIds   : ==>  Preparing: SELECT id,name,price,stock,image,category,brand,spec,sold,comment_count,isAD,status,create_time,update_time,creater,updater FROM item WHERE id IN ( ? , ? , ? )
16:46:31:634 DEBUG 25524 --- [http-nio-8083-exec-10] c.h.i.mapper.ItemMapper.selectBatchIds   : ==> Parameters: 100000006163(Long), 100001511821(Long), 2120808(Long)
16:46:31:636 DEBUG 25524 --- [http-nio-8083-exec-10] c.h.i.mapper.ItemMapper.selectBatchIds   : <==      Total: 3
16:46:32:031 DEBUG 24476 --- [http-nio-8081-exec-1] c.h.i.mapper.ItemMapper.selectBatchIds   : ==>  Preparing: SELECT id,name,price,stock,image,category,brand,spec,sold,comment_count,isAD,status,create_time,update_time,creater,updater FROM item WHERE id IN ( ? , ? , ? )
16:46:32:033 DEBUG 24476 --- [http-nio-8081-exec-1] c.h.i.mapper.ItemMapper.selectBatchIds   : ==> Parameters: 100000006163(Long), 100001511821(Long), 2120808(Long)
16:46:32:037 DEBUG 24476 --- [http-nio-8081-exec-1] c.h.i.mapper.ItemMapper.selectBatchIds   : <==      Total: 3
16:46:32:131 DEBUG 25524 --- [http-nio-8083-exec-1] c.h.i.mapper.ItemMapper.selectBatchIds   : ==>  Preparing: SELECT id,name,price,stock,image,category,brand,spec,sold,comment_count,isAD,status,create_time,update_time,creater,updater FROM item WHERE id IN ( ? , ? , ? )
16:46:32:131 DEBUG 25524 --- [http-nio-8083-exec-1] c.h.i.mapper.ItemMapper.selectBatchIds   : ==> Parameters: 100000006163(Long), 100001511821(Long), 2120808(Long)
16:46:32:134 DEBUG 25524 --- [http-nio-8083-exec-1] c.h.i.mapper.ItemMapper.selectBatchIds   : <==      Total: 3
16:46:32:231 DEBUG 24476 --- [http-nio-8081-exec-2] c.h.i.mapper.ItemMapper.selectBatchIds   : ==>  Preparing: SELECT id,name,price,stock,image,category,brand,spec,sold,comment_count,isAD,status,create_time,update_time,creater,updater FROM item WHERE id IN ( ? , ? , ? )
16:46:32:231 DEBUG 24476 --- [http-nio-8081-exec-2] c.h.i.mapper.ItemMapper.selectBatchIds   : ==> Parameters: 100000006163(Long), 100001511821(Long), 2120808(Long)
16:46:32:232 DEBUG 24476 --- [http-nio-8081-exec-2] c.h.i.mapper.ItemMapper.selectBatchIds   : <==      Total: 3
16:46:32:332 DEBUG 25524 --- [http-nio-8083-exec-2] c.h.i.mapper.ItemMapper.selectBatchIds   : ==>  Preparing: SELECT id,name,price,stock,image,category,brand,spec,sold,comment_count,isAD,status,create_time,update_time,creater,updater FROM item WHERE id IN ( ? , ? , ? )
16:46:32:332 DEBUG 25524 --- [http-nio-8083-exec-2] c.h.i.mapper.ItemMapper.selectBatchIds   : ==> Parameters: 100000006163(Long), 100001511821(Long), 2120808(Long)
16:46:32:334 DEBUG 25524 --- [http-nio-8083-exec-2] c.h.i.mapper.ItemMapper.selectBatchIds   : <==      Total: 3
16:46:32:531 DEBUG 24476 --- [http-nio-8081-exec-3] c.h.i.mapper.ItemMapper.selectBatchIds   : ==>  Preparing: SELECT id,name,price,stock,image,category,brand,spec,sold,comment_count,isAD,status,create_time,update_time,creater,updater FROM item WHERE id IN ( ? , ? , ? )
16:46:32:531 DEBUG 24476 --- [http-nio-8081-exec-3] c.h.i.mapper.ItemMapper.selectBatchIds   : ==> Parameters: 100000006163(Long), 100001511821(Long), 2120808(Long)
16:46:32:532 DEBUG 24476 --- [http-nio-8081-exec-3] c.h.i.mapper.ItemMapper.selectBatchIds   : <==      Total: 3
16:46:32:632 DEBUG 25524 --- [http-nio-8083-exec-3] c.h.i.mapper.ItemMapper.selectBatchIds   : ==>  Preparing: SELECT id,name,price,stock,image,category,brand,spec,sold,comment_count,isAD,status,create_time,update_time,creater,updater FROM item WHERE id IN ( ? , ? , ? )
16:46:32:632 DEBUG 25524 --- [http-nio-8083-exec-3] c.h.i.mapper.ItemMapper.selectBatchIds   : ==> Parameters: 100000006163(Long), 100001511821(Long), 2120808(Long)
16:46:32:633 DEBUG 25524 --- [http-nio-8083-exec-3] c.h.i.mapper.ItemMapper.selectBatchIds   : <==      Total: 3
16:46:33:031 DEBUG 24476 --- [http-nio-8081-exec-4] c.h.i.mapper.ItemMapper.selectBatchIds   : ==>  Preparing: SELECT id,name,price,stock,image,category,brand,spec,sold,comment_count,isAD,status,create_time,update_time,creater,updater FROM item WHERE id IN ( ? , ? , ? )
16:46:33:031 DEBUG 24476 --- [http-nio-8081-exec-4] c.h.i.mapper.ItemMapper.selectBatchIds   : ==> Parameters: 100000006163(Long), 100001511821(Long), 2120808(Long)
16:46:33:033 DEBUG 24476 --- [http-nio-8081-exec-4] c.h.i.mapper.ItemMapper.selectBatchIds   : <==      Total: 3
16:46:33:131 DEBUG 25524 --- [http-nio-8083-exec-4] c.h.i.mapper.ItemMapper.selectBatchIds   : ==>  Preparing: SELECT id,name,price,stock,image,category,brand,spec,sold,comment_count,isAD,status,create_time,update_time,creater,updater FROM item WHERE id IN ( ? , ? , ? )
16:46:33:133 DEBUG 25524 --- [http-nio-8083-exec-4] c.h.i.mapper.ItemMapper.selectBatchIds   : ==> Parameters: 100000006163(Long), 100001511821(Long), 2120808(Long)
16:46:33:133 DEBUG 25524 --- [http-nio-8083-exec-4] c.h.i.mapper.ItemMapper.selectBatchIds   : <==      Total: 3
16:46:33:232 DEBUG 24476 --- [http-nio-8081-exec-5] c.h.i.mapper.ItemMapper.selectBatchIds   : ==>  Preparing: SELECT id,name,price,stock,image,category,brand,spec,sold,comment_count,isAD,status,create_time,update_time,creater,updater FROM item WHERE id IN ( ? , ? , ? )
16:46:33:232 DEBUG 24476 --- [http-nio-8081-exec-5] c.h.i.mapper.ItemMapper.selectBatchIds   : ==> Parameters: 100000006163(Long), 100001511821(Long), 2120808(Long)
16:46:33:235 DEBUG 24476 --- [http-nio-8081-exec-5] c.h.i.mapper.ItemMapper.selectBatchIds   : <==      Total: 3
16:46:33:332 DEBUG 25524 --- [http-nio-8083-exec-6] c.h.i.mapper.ItemMapper.selectBatchIds   : ==>  Preparing: SELECT id,name,price,stock,image,category,brand,spec,sold,comment_count,isAD,status,create_time,update_time,creater,updater FROM item WHERE id IN ( ? , ? , ? )
16:46:33:333 DEBUG 25524 --- [http-nio-8083-exec-6] c.h.i.mapper.ItemMapper.selectBatchIds   : ==> Parameters: 100000006163(Long), 100001511821(Long), 2120808(Long)
16:46:33:333 DEBUG 25524 --- [http-nio-8083-exec-6] c.h.i.mapper.ItemMapper.selectBatchIds   : <==      Total: 3
16:46:33:530 DEBUG 24476 --- [http-nio-8081-exec-6] c.h.i.mapper.ItemMapper.selectBatchIds   : ==>  Preparing: SELECT id,name,price,stock,image,category,brand,spec,sold,comment_count,isAD,status,create_time,update_time,creater,updater FROM item WHERE id IN ( ? , ? , ? )
16:46:33:531 DEBUG 24476 --- [http-nio-8081-exec-6] c.h.i.mapper.ItemMapper.selectBatchIds   : ==> Parameters: 100000006163(Long), 100001511821(Long), 2120808(Long)
16:46:33:532 DEBUG 24476 --- [http-nio-8081-exec-6] c.h.i.mapper.ItemMapper.selectBatchIds   : <==      Total: 3
16:46:33:634 DEBUG 25524 --- [http-nio-8083-exec-5] c.h.i.mapper.ItemMapper.selectBatchIds   : ==>  Preparing: SELECT id,name,price,stock,image,category,brand,spec,sold,comment_count,isAD,status,create_time,update_time,creater,updater FROM item WHERE id IN ( ? , ? , ? )
16:46:33:634 DEBUG 25524 --- [http-nio-8083-exec-5] c.h.i.mapper.ItemMapper.selectBatchIds   : ==> Parameters: 100000006163(Long), 100001511821(Long), 2120808(Long)
16:46:33:636 DEBUG 25524 --- [http-nio-8083-exec-5] c.h.i.mapper.ItemMapper.selectBatchIds   : <==      Total: 3
16:46:34:033 DEBUG 24476 --- [http-nio-8081-exec-7] c.h.i.mapper.ItemMapper.selectBatchIds   : ==>  Preparing: SELECT id,name,price,stock,image,category,brand,spec,sold,comment_count,isAD,status,create_time,update_time,creater,updater FROM item WHERE id IN ( ? , ? , ? )
16:46:34:033 DEBUG 24476 --- [http-nio-8081-exec-7] c.h.i.mapper.ItemMapper.selectBatchIds   : ==> Parameters: 100000006163(Long), 100001511821(Long), 2120808(Long)
16:46:34:034 DEBUG 24476 --- [http-nio-8081-exec-7] c.h.i.mapper.ItemMapper.selectBatchIds   : <==      Total: 3
16:46:34:132 DEBUG 25524 --- [http-nio-8083-exec-9] c.h.i.mapper.ItemMapper.selectBatchIds   : ==>  Preparing: SELECT id,name,price,stock,image,category,brand,spec,sold,comment_count,isAD,status,create_time,update_time,creater,updater FROM item WHERE id IN ( ? , ? , ? )
16:46:34:132 DEBUG 25524 --- [http-nio-8083-exec-9] c.h.i.mapper.ItemMapper.selectBatchIds   : ==> Parameters: 100000006163(Long), 100001511821(Long), 2120808(Long)
16:46:34:135 DEBUG 25524 --- [http-nio-8083-exec-9] c.h.i.mapper.ItemMapper.selectBatchIds   : <==      Total: 3
16:46:34:232 DEBUG 24476 --- [http-nio-8081-exec-8] c.h.i.mapper.ItemMapper.selectBatchIds   : ==>  Preparing: SELECT id,name,price,stock,image,category,brand,spec,sold,comment_count,isAD,status,create_time,update_time,creater,updater FROM item WHERE id IN ( ? , ? , ? )
16:46:34:232 DEBUG 24476 --- [http-nio-8081-exec-8] c.h.i.mapper.ItemMapper.selectBatchIds   : ==> Parameters: 100000006163(Long), 100001511821(Long), 2120808(Long)
16:46:34:234 DEBUG 24476 --- [http-nio-8081-exec-8] c.h.i.mapper.ItemMapper.selectBatchIds   : <==      Total: 3
16:46:34:333 DEBUG 25524 --- [http-nio-8083-exec-8] c.h.i.mapper.ItemMapper.selectBatchIds   : ==>  Preparing: SELECT id,name,price,stock,image,category,brand,spec,sold,comment_count,isAD,status,create_time,update_time,creater,updater FROM item WHERE id IN ( ? , ? , ? )
16:46:34:333 DEBUG 25524 --- [http-nio-8083-exec-8] c.h.i.mapper.ItemMapper.selectBatchIds   : ==> Parameters: 100000006163(Long), 100001511821(Long), 2120808(Long)
16:46:34:335 DEBUG 25524 --- [http-nio-8083-exec-8] c.h.i.mapper.ItemMapper.selectBatchIds   : <==      Total: 3
16:46:34:534 DEBUG 24476 --- [http-nio-8081-exec-9] c.h.i.mapper.ItemMapper.selectBatchIds   : ==>  Preparing: SELECT id,name,price,stock,image,category,brand,spec,sold,comment_count,isAD,status,create_time,update_time,creater,updater FROM item WHERE id IN ( ? , ? , ? )
16:46:34:534 DEBUG 24476 --- [http-nio-8081-exec-9] c.h.i.mapper.ItemMapper.selectBatchIds   : ==> Parameters: 100000006163(Long), 100001511821(Long), 2120808(Long)
16:46:34:535 DEBUG 24476 --- [http-nio-8081-exec-9] c.h.i.mapper.ItemMapper.selectBatchIds   : <==      Total: 3
16:46:34:630 DEBUG 25524 --- [http-nio-8083-exec-7] c.h.i.mapper.ItemMapper.selectBatchIds   : ==>  Preparing: SELECT id,name,price,stock,image,category,brand,spec,sold,comment_count,isAD,status,create_time,update_time,creater,updater FROM item WHERE id IN ( ? , ? , ? )
16:46:34:631 DEBUG 25524 --- [http-nio-8083-exec-7] c.h.i.mapper.ItemMapper.selectBatchIds   : ==> Parameters: 100000006163(Long), 100001511821(Long), 2120808(Long)
16:46:34:632 DEBUG 25524 --- [http-nio-8083-exec-7] c.h.i.mapper.ItemMapper.selectBatchIds   : <==      Total: 3
16:46:35:032 DEBUG 24476 --- [http-nio-8081-exec-10] c.h.i.mapper.ItemMapper.selectBatchIds   : ==>  Preparing: SELECT id,name,price,stock,image,category,brand,spec,sold,comment_count,isAD,status,create_time,update_time,creater,updater FROM item WHERE id IN ( ? , ? , ? )
16:46:35:032 DEBUG 24476 --- [http-nio-8081-exec-10] c.h.i.mapper.ItemMapper.selectBatchIds   : ==> Parameters: 100000006163(Long), 100001511821(Long), 2120808(Long)
16:46:35:034 DEBUG 24476 --- [http-nio-8081-exec-10] c.h.i.mapper.ItemMapper.selectBatchIds   : <==      Total: 3
16:46:35:131 DEBUG 25524 --- [http-nio-8083-exec-10] c.h.i.mapper.ItemMapper.selectBatchIds   : ==>  Preparing: SELECT id,name,price,stock,image,category,brand,spec,sold,comment_count,isAD,status,create_time,update_time,creater,updater FROM item WHERE id IN ( ? , ? , ? )
16:46:35:131 DEBUG 25524 --- [http-nio-8083-exec-10] c.h.i.mapper.ItemMapper.selectBatchIds   : ==> Parameters: 100000006163(Long), 100001511821(Long), 2120808(Long)
16:46:35:133 DEBUG 25524 --- [http-nio-8083-exec-10] c.h.i.mapper.ItemMapper.selectBatchIds   : <==      Total: 3
16:46:35:231 DEBUG 24476 --- [http-nio-8081-exec-1] c.h.i.mapper.ItemMapper.selectBatchIds   : ==>  Preparing: SELECT id,name,price,stock,image,category,brand,spec,sold,comment_count,isAD,status,create_time,update_time,creater,updater FROM item WHERE id IN ( ? , ? , ? )
16:46:35:231 DEBUG 24476 --- [http-nio-8081-exec-1] c.h.i.mapper.ItemMapper.selectBatchIds   : ==> Parameters: 100000006163(Long), 100001511821(Long), 2120808(Long)
16:46:35:233 DEBUG 24476 --- [http-nio-8081-exec-1] c.h.i.mapper.ItemMapper.selectBatchIds   : <==      Total: 3
16:46:35:332 DEBUG 25524 --- [http-nio-8083-exec-1] c.h.i.mapper.ItemMapper.selectBatchIds   : ==>  Preparing: SELECT id,name,price,stock,image,category,brand,spec,sold,comment_count,isAD,status,create_time,update_time,creater,updater FROM item WHERE id IN ( ? , ? , ? )
16:46:35:332 DEBUG 25524 --- [http-nio-8083-exec-1] c.h.i.mapper.ItemMapper.selectBatchIds   : ==> Parameters: 100000006163(Long), 100001511821(Long), 2120808(Long)
16:46:35:334 DEBUG 25524 --- [http-nio-8083-exec-1] c.h.i.mapper.ItemMapper.selectBatchIds   : <==      Total: 3
16:46:35:533 DEBUG 24476 --- [http-nio-8081-exec-2] c.h.i.mapper.ItemMapper.selectBatchIds   : ==>  Preparing: SELECT id,name,price,stock,image,category,brand,spec,sold,comment_count,isAD,status,create_time,update_time,creater,updater FROM item WHERE id IN ( ? , ? , ? )
16:46:35:533 DEBUG 24476 --- [http-nio-8081-exec-2] c.h.i.mapper.ItemMapper.selectBatchIds   : ==> Parameters: 100000006163(Long), 100001511821(Long), 2120808(Long)
16:46:35:534 DEBUG 24476 --- [http-nio-8081-exec-2] c.h.i.mapper.ItemMapper.selectBatchIds   : <==      Total: 3
16:46:35:631 DEBUG 25524 --- [http-nio-8083-exec-2] c.h.i.mapper.ItemMapper.selectBatchIds   : ==>  Preparing: SELECT id,name,price,stock,image,category,brand,spec,sold,comment_count,isAD,status,create_time,update_time,creater,updater FROM item WHERE id IN ( ? , ? , ? )
16:46:35:631 DEBUG 25524 --- [http-nio-8083-exec-2] c.h.i.mapper.ItemMapper.selectBatchIds   : ==> Parameters: 100000006163(Long), 100001511821(Long), 2120808(Long)
16:46:35:631 DEBUG 25524 --- [http-nio-8083-exec-2] c.h.i.mapper.ItemMapper.selectBatchIds   : <==      Total: 3
16:46:36:031 DEBUG 24476 --- [http-nio-8081-exec-3] c.h.i.mapper.ItemMapper.selectBatchIds   : ==>  Preparing: SELECT id,name,price,stock,image,category,brand,spec,sold,comment_count,isAD,status,create_time,update_time,creater,updater FROM item WHERE id IN ( ? , ? , ? )
16:46:36:032 DEBUG 24476 --- [http-nio-8081-exec-3] c.h.i.mapper.ItemMapper.selectBatchIds   : ==> Parameters: 100000006163(Long), 100001511821(Long), 2120808(Long)
16:46:36:033 DEBUG 24476 --- [http-nio-8081-exec-3] c.h.i.mapper.ItemMapper.selectBatchIds   : <==      Total: 3
16:46:36:135 DEBUG 25524 --- [http-nio-8083-exec-3] c.h.i.mapper.ItemMapper.selectBatchIds   : ==>  Preparing: SELECT id,name,price,stock,image,category,brand,spec,sold,comment_count,isAD,status,create_time,update_time,creater,updater FROM item WHERE id IN ( ? , ? , ? )
16:46:36:135 DEBUG 25524 --- [http-nio-8083-exec-3] c.h.i.mapper.ItemMapper.selectBatchIds   : ==> Parameters: 100000006163(Long), 100001511821(Long), 2120808(Long)
16:46:36:136 DEBUG 25524 --- [http-nio-8083-exec-3] c.h.i.mapper.ItemMapper.selectBatchIds   : <==      Total: 3
16:46:36:231 DEBUG 24476 --- [http-nio-8081-exec-4] c.h.i.mapper.ItemMapper.selectBatchIds   : ==>  Preparing: SELECT id,name,price,stock,image,category,brand,spec,sold,comment_count,isAD,status,create_time,update_time,creater,updater FROM item WHERE id IN ( ? , ? , ? )
16:46:36:231 DEBUG 24476 --- [http-nio-8081-exec-4] c.h.i.mapper.ItemMapper.selectBatchIds   : ==> Parameters: 100000006163(Long), 100001511821(Long), 2120808(Long)
16:46:36:233 DEBUG 24476 --- [http-nio-8081-exec-4] c.h.i.mapper.ItemMapper.selectBatchIds   : <==      Total: 3
16:46:36:333 DEBUG 25524 --- [http-nio-8083-exec-4] c.h.i.mapper.ItemMapper.selectBatchIds   : ==>  Preparing: SELECT id,name,price,stock,image,category,brand,spec,sold,comment_count,isAD,status,create_time,update_time,creater,updater FROM item WHERE id IN ( ? , ? , ? )
16:46:36:333 DEBUG 25524 --- [http-nio-8083-exec-4] c.h.i.mapper.ItemMapper.selectBatchIds   : ==> Parameters: 100000006163(Long), 100001511821(Long), 2120808(Long)
16:46:36:334 DEBUG 25524 --- [http-nio-8083-exec-4] c.h.i.mapper.ItemMapper.selectBatchIds   : <==      Total: 3
16:46:36:533 DEBUG 24476 --- [http-nio-8081-exec-5] c.h.i.mapper.ItemMapper.selectBatchIds   : ==>  Preparing: SELECT id,name,price,stock,image,category,brand,spec,sold,comment_count,isAD,status,create_time,update_time,creater,updater FROM item WHERE id IN ( ? , ? , ? )
16:46:36:533 DEBUG 24476 --- [http-nio-8081-exec-5] c.h.i.mapper.ItemMapper.selectBatchIds   : ==> Parameters: 100000006163(Long), 100001511821(Long), 2120808(Long)
16:46:36:534 DEBUG 24476 --- [http-nio-8081-exec-5] c.h.i.mapper.ItemMapper.selectBatchIds   : <==      Total: 3
16:46:36:631 DEBUG 25524 --- [http-nio-8083-exec-6] c.h.i.mapper.ItemMapper.selectBatchIds   : ==>  Preparing: SELECT id,name,price,stock,image,category,brand,spec,sold,comment_count,isAD,status,create_time,update_time,creater,updater FROM item WHERE id IN ( ? , ? , ? )
16:46:36:632 DEBUG 25524 --- [http-nio-8083-exec-6] c.h.i.mapper.ItemMapper.selectBatchIds   : ==> Parameters: 100000006163(Long), 100001511821(Long), 2120808(Long)
16:46:36:633 DEBUG 25524 --- [http-nio-8083-exec-6] c.h.i.mapper.ItemMapper.selectBatchIds   : <==      Total: 3
16:46:37:034 DEBUG 24476 --- [http-nio-8081-exec-6] c.h.i.mapper.ItemMapper.selectBatchIds   : ==>  Preparing: SELECT id,name,price,stock,image,category,brand,spec,sold,comment_count,isAD,status,create_time,update_time,creater,updater FROM item WHERE id IN ( ? , ? , ? )
16:46:37:034 DEBUG 24476 --- [http-nio-8081-exec-6] c.h.i.mapper.ItemMapper.selectBatchIds   : ==> Parameters: 100000006163(Long), 100001511821(Long), 2120808(Long)
16:46:37:035 DEBUG 24476 --- [http-nio-8081-exec-6] c.h.i.mapper.ItemMapper.selectBatchIds   : <==      Total: 3
16:46:37:132 DEBUG 25524 --- [http-nio-8083-exec-5] c.h.i.mapper.ItemMapper.selectBatchIds   : ==>  Preparing: SELECT id,name,price,stock,image,category,brand,spec,sold,comment_count,isAD,status,create_time,update_time,creater,updater FROM item WHERE id IN ( ? , ? , ? )
16:46:37:133 DEBUG 25524 --- [http-nio-8083-exec-5] c.h.i.mapper.ItemMapper.selectBatchIds   : ==> Parameters: 100000006163(Long), 100001511821(Long), 2120808(Long)
16:46:37:134 DEBUG 25524 --- [http-nio-8083-exec-5] c.h.i.mapper.ItemMapper.selectBatchIds   : <==      Total: 3
16:46:37:232 DEBUG 24476 --- [http-nio-8081-exec-7] c.h.i.mapper.ItemMapper.selectBatchIds   : ==>  Preparing: SELECT id,name,price,stock,image,category,brand,spec,sold,comment_count,isAD,status,create_time,update_time,creater,updater FROM item WHERE id IN ( ? , ? , ? )
16:46:37:233 DEBUG 24476 --- [http-nio-8081-exec-7] c.h.i.mapper.ItemMapper.selectBatchIds   : ==> Parameters: 100000006163(Long), 100001511821(Long), 2120808(Long)
16:46:37:234 DEBUG 24476 --- [http-nio-8081-exec-7] c.h.i.mapper.ItemMapper.selectBatchIds   : <==      Total: 3
16:46:37:335 DEBUG 25524 --- [http-nio-8083-exec-9] c.h.i.mapper.ItemMapper.selectBatchIds   : ==>  Preparing: SELECT id,name,price,stock,image,category,brand,spec,sold,comment_count,isAD,status,create_time,update_time,creater,updater FROM item WHERE id IN ( ? , ? , ? )
16:46:37:335 DEBUG 25524 --- [http-nio-8083-exec-9] c.h.i.mapper.ItemMapper.selectBatchIds   : ==> Parameters: 100000006163(Long), 100001511821(Long), 2120808(Long)
16:46:37:337 DEBUG 25524 --- [http-nio-8083-exec-9] c.h.i.mapper.ItemMapper.selectBatchIds   : <==      Total: 3
16:46:37:534 DEBUG 24476 --- [http-nio-8081-exec-8] c.h.i.mapper.ItemMapper.selectBatchIds   : ==>  Preparing: SELECT id,name,price,stock,image,category,brand,spec,sold,comment_count,isAD,status,create_time,update_time,creater,updater FROM item WHERE id IN ( ? , ? , ? )
16:46:37:534 DEBUG 24476 --- [http-nio-8081-exec-8] c.h.i.mapper.ItemMapper.selectBatchIds   : ==> Parameters: 100000006163(Long), 100001511821(Long), 2120808(Long)
16:46:37:536 DEBUG 24476 --- [http-nio-8081-exec-8] c.h.i.mapper.ItemMapper.selectBatchIds   : <==      Total: 3
16:46:37:632 DEBUG 25524 --- [http-nio-8083-exec-8] c.h.i.mapper.ItemMapper.selectBatchIds   : ==>  Preparing: SELECT id,name,price,stock,image,category,brand,spec,sold,comment_count,isAD,status,create_time,update_time,creater,updater FROM item WHERE id IN ( ? , ? , ? )
16:46:37:632 DEBUG 25524 --- [http-nio-8083-exec-8] c.h.i.mapper.ItemMapper.selectBatchIds   : ==> Parameters: 100000006163(Long), 100001511821(Long), 2120808(Long)
16:46:37:633 DEBUG 25524 --- [http-nio-8083-exec-8] c.h.i.mapper.ItemMapper.selectBatchIds   : <==      Total: 3
16:46:38:031 DEBUG 24476 --- [http-nio-8081-exec-9] c.h.i.mapper.ItemMapper.selectBatchIds   : ==>  Preparing: SELECT id,name,price,stock,image,category,brand,spec,sold,comment_count,isAD,status,create_time,update_time,creater,updater FROM item WHERE id IN ( ? , ? , ? )
16:46:38:031 DEBUG 24476 --- [http-nio-8081-exec-9] c.h.i.mapper.ItemMapper.selectBatchIds   : ==> Parameters: 100000006163(Long), 100001511821(Long), 2120808(Long)
16:46:38:032 DEBUG 24476 --- [http-nio-8081-exec-9] c.h.i.mapper.ItemMapper.selectBatchIds   : <==      Total: 3
16:46:38:131 DEBUG 25524 --- [http-nio-8083-exec-7] c.h.i.mapper.ItemMapper.selectBatchIds   : ==>  Preparing: SELECT id,name,price,stock,image,category,brand,spec,sold,comment_count,isAD,status,create_time,update_time,creater,updater FROM item WHERE id IN ( ? , ? , ? )
16:46:38:131 DEBUG 25524 --- [http-nio-8083-exec-7] c.h.i.mapper.ItemMapper.selectBatchIds   : ==> Parameters: 100000006163(Long), 100001511821(Long), 2120808(Long)
16:46:38:133 DEBUG 25524 --- [http-nio-8083-exec-7] c.h.i.mapper.ItemMapper.selectBatchIds   : <==      Total: 3
16:46:38:231 DEBUG 24476 --- [http-nio-8081-exec-10] c.h.i.mapper.ItemMapper.selectBatchIds   : ==>  Preparing: SELECT id,name,price,stock,image,category,brand,spec,sold,comment_count,isAD,status,create_time,update_time,creater,updater FROM item WHERE id IN ( ? , ? , ? )
16:46:38:231 DEBUG 24476 --- [http-nio-8081-exec-10] c.h.i.mapper.ItemMapper.selectBatchIds   : ==> Parameters: 100000006163(Long), 100001511821(Long), 2120808(Long)
16:46:38:233 DEBUG 24476 --- [http-nio-8081-exec-10] c.h.i.mapper.ItemMapper.selectBatchIds   : <==      Total: 3
16:46:38:332 DEBUG 25524 --- [http-nio-8083-exec-10] c.h.i.mapper.ItemMapper.selectBatchIds   : ==>  Preparing: SELECT id,name,price,stock,image,category,brand,spec,sold,comment_count,isAD,status,create_time,update_time,creater,updater FROM item WHERE id IN ( ? , ? , ? )
16:46:38:332 DEBUG 25524 --- [http-nio-8083-exec-10] c.h.i.mapper.ItemMapper.selectBatchIds   : ==> Parameters: 100000006163(Long), 100001511821(Long), 2120808(Long)
16:46:38:334 DEBUG 25524 --- [http-nio-8083-exec-10] c.h.i.mapper.ItemMapper.selectBatchIds   : <==      Total: 3
16:46:38:544 DEBUG 24476 --- [http-nio-8081-exec-1] c.h.i.mapper.ItemMapper.selectBatchIds   : ==>  Preparing: SELECT id,name,price,stock,image,category,brand,spec,sold,comment_count,isAD,status,create_time,update_time,creater,updater FROM item WHERE id IN ( ? , ? , ? )
16:46:38:544 DEBUG 24476 --- [http-nio-8081-exec-1] c.h.i.mapper.ItemMapper.selectBatchIds   : ==> Parameters: 100000006163(Long), 100001511821(Long), 2120808(Long)
16:46:38:545 DEBUG 24476 --- [http-nio-8081-exec-1] c.h.i.mapper.ItemMapper.selectBatchIds   : <==      Total: 3
16:46:38:631 DEBUG 25524 --- [http-nio-8083-exec-1] c.h.i.mapper.ItemMapper.selectBatchIds   : ==>  Preparing: SELECT id,name,price,stock,image,category,brand,spec,sold,comment_count,isAD,status,create_time,update_time,creater,updater FROM item WHERE id IN ( ? , ? , ? )
16:46:38:631 DEBUG 25524 --- [http-nio-8083-exec-1] c.h.i.mapper.ItemMapper.selectBatchIds   : ==> Parameters: 100000006163(Long), 100001511821(Long), 2120808(Long)
16:46:38:632 DEBUG 25524 --- [http-nio-8083-exec-1] c.h.i.mapper.ItemMapper.selectBatchIds   : <==      Total: 3
16:46:39:042 DEBUG 24476 --- [http-nio-8081-exec-2] c.h.i.mapper.ItemMapper.selectBatchIds   : ==>  Preparing: SELECT id,name,price,stock,image,category,brand,spec,sold,comment_count,isAD,status,create_time,update_time,creater,updater FROM item WHERE id IN ( ? , ? , ? )
16:46:39:042 DEBUG 24476 --- [http-nio-8081-exec-2] c.h.i.mapper.ItemMapper.selectBatchIds   : ==> Parameters: 100000006163(Long), 100001511821(Long), 2120808(Long)
16:46:39:044 DEBUG 24476 --- [http-nio-8081-exec-2] c.h.i.mapper.ItemMapper.selectBatchIds   : <==      Total: 3
16:46:39:137 DEBUG 25524 --- [http-nio-8083-exec-2] c.h.i.mapper.ItemMapper.selectBatchIds   : ==>  Preparing: SELECT id,name,price,stock,image,category,brand,spec,sold,comment_count,isAD,status,create_time,update_time,creater,updater FROM item WHERE id IN ( ? , ? , ? )
16:46:39:137 DEBUG 25524 --- [http-nio-8083-exec-2] c.h.i.mapper.ItemMapper.selectBatchIds   : ==> Parameters: 100000006163(Long), 100001511821(Long), 2120808(Long)
16:46:39:138 DEBUG 25524 --- [http-nio-8083-exec-2] c.h.i.mapper.ItemMapper.selectBatchIds   : <==      Total: 3
16:46:39:231 DEBUG 24476 --- [http-nio-8081-exec-3] c.h.i.mapper.ItemMapper.selectBatchIds   : ==>  Preparing: SELECT id,name,price,stock,image,category,brand,spec,sold,comment_count,isAD,status,create_time,update_time,creater,updater FROM item WHERE id IN ( ? , ? , ? )
16:46:39:231 DEBUG 24476 --- [http-nio-8081-exec-3] c.h.i.mapper.ItemMapper.selectBatchIds   : ==> Parameters: 100000006163(Long), 100001511821(Long), 2120808(Long)
16:46:39:233 DEBUG 24476 --- [http-nio-8081-exec-3] c.h.i.mapper.ItemMapper.selectBatchIds   : <==      Total: 3
16:46:39:335 DEBUG 25524 --- [http-nio-8083-exec-3] c.h.i.mapper.ItemMapper.selectBatchIds   : ==>  Preparing: SELECT id,name,price,stock,image,category,brand,spec,sold,comment_count,isAD,status,create_time,update_time,creater,updater FROM item WHERE id IN ( ? , ? , ? )
16:46:39:335 DEBUG 25524 --- [http-nio-8083-exec-3] c.h.i.mapper.ItemMapper.selectBatchIds   : ==> Parameters: 100000006163(Long), 100001511821(Long), 2120808(Long)
16:46:39:337 DEBUG 25524 --- [http-nio-8083-exec-3] c.h.i.mapper.ItemMapper.selectBatchIds   : <==      Total: 3
16:46:39:531 DEBUG 24476 --- [http-nio-8081-exec-4] c.h.i.mapper.ItemMapper.selectBatchIds   : ==>  Preparing: SELECT id,name,price,stock,image,category,brand,spec,sold,comment_count,isAD,status,create_time,update_time,creater,updater FROM item WHERE id IN ( ? , ? , ? )
16:46:39:531 DEBUG 24476 --- [http-nio-8081-exec-4] c.h.i.mapper.ItemMapper.selectBatchIds   : ==> Parameters: 100000006163(Long), 100001511821(Long), 2120808(Long)
16:46:39:533 DEBUG 24476 --- [http-nio-8081-exec-4] c.h.i.mapper.ItemMapper.selectBatchIds   : <==      Total: 3
16:46:39:634 DEBUG 25524 --- [http-nio-8083-exec-4] c.h.i.mapper.ItemMapper.selectBatchIds   : ==>  Preparing: SELECT id,name,price,stock,image,category,brand,spec,sold,comment_count,isAD,status,create_time,update_time,creater,updater FROM item WHERE id IN ( ? , ? , ? )
16:46:39:634 DEBUG 25524 --- [http-nio-8083-exec-4] c.h.i.mapper.ItemMapper.selectBatchIds   : ==> Parameters: 100000006163(Long), 100001511821(Long), 2120808(Long)
16:46:39:639 DEBUG 25524 --- [http-nio-8083-exec-4] c.h.i.mapper.ItemMapper.selectBatchIds   : <==      Total: 3
16:46:40:031 DEBUG 24476 --- [http-nio-8081-exec-5] c.h.i.mapper.ItemMapper.selectBatchIds   : ==>  Preparing: SELECT id,name,price,stock,image,category,brand,spec,sold,comment_count,isAD,status,create_time,update_time,creater,updater FROM item WHERE id IN ( ? , ? , ? )
16:46:40:031 DEBUG 24476 --- [http-nio-8081-exec-5] c.h.i.mapper.ItemMapper.selectBatchIds   : ==> Parameters: 100000006163(Long), 100001511821(Long), 2120808(Long)
16:46:40:032 DEBUG 24476 --- [http-nio-8081-exec-5] c.h.i.mapper.ItemMapper.selectBatchIds   : <==      Total: 3
16:46:40:132 DEBUG 25524 --- [http-nio-8083-exec-6] c.h.i.mapper.ItemMapper.selectBatchIds   : ==>  Preparing: SELECT id,name,price,stock,image,category,brand,spec,sold,comment_count,isAD,status,create_time,update_time,creater,updater FROM item WHERE id IN ( ? , ? , ? )
16:46:40:132 DEBUG 25524 --- [http-nio-8083-exec-6] c.h.i.mapper.ItemMapper.selectBatchIds   : ==> Parameters: 100000006163(Long), 100001511821(Long), 2120808(Long)
16:46:40:133 DEBUG 25524 --- [http-nio-8083-exec-6] c.h.i.mapper.ItemMapper.selectBatchIds   : <==      Total: 3
16:46:40:232 DEBUG 24476 --- [http-nio-8081-exec-6] c.h.i.mapper.ItemMapper.selectBatchIds   : ==>  Preparing: SELECT id,name,price,stock,image,category,brand,spec,sold,comment_count,isAD,status,create_time,update_time,creater,updater FROM item WHERE id IN ( ? , ? , ? )
16:46:40:232 DEBUG 24476 --- [http-nio-8081-exec-6] c.h.i.mapper.ItemMapper.selectBatchIds   : ==> Parameters: 100000006163(Long), 100001511821(Long), 2120808(Long)
16:46:40:234 DEBUG 24476 --- [http-nio-8081-exec-6] c.h.i.mapper.ItemMapper.selectBatchIds   : <==      Total: 3
16:46:40:335 DEBUG 25524 --- [http-nio-8083-exec-5] c.h.i.mapper.ItemMapper.selectBatchIds   : ==>  Preparing: SELECT id,name,price,stock,image,category,brand,spec,sold,comment_count,isAD,status,create_time,update_time,creater,updater FROM item WHERE id IN ( ? , ? , ? )
16:46:40:336 DEBUG 25524 --- [http-nio-8083-exec-5] c.h.i.mapper.ItemMapper.selectBatchIds   : ==> Parameters: 100000006163(Long), 100001511821(Long), 2120808(Long)
16:46:40:338 DEBUG 25524 --- [http-nio-8083-exec-5] c.h.i.mapper.ItemMapper.selectBatchIds   : <==      Total: 3
16:46:40:533 DEBUG 24476 --- [http-nio-8081-exec-7] c.h.i.mapper.ItemMapper.selectBatchIds   : ==>  Preparing: SELECT id,name,price,stock,image,category,brand,spec,sold,comment_count,isAD,status,create_time,update_time,creater,updater FROM item WHERE id IN ( ? , ? , ? )
16:46:40:535 DEBUG 24476 --- [http-nio-8081-exec-7] c.h.i.mapper.ItemMapper.selectBatchIds   : ==> Parameters: 100000006163(Long), 100001511821(Long), 2120808(Long)
16:46:40:536 DEBUG 24476 --- [http-nio-8081-exec-7] c.h.i.mapper.ItemMapper.selectBatchIds   : <==      Total: 3
16:46:40:634 DEBUG 25524 --- [http-nio-8083-exec-9] c.h.i.mapper.ItemMapper.selectBatchIds   : ==>  Preparing: SELECT id,name,price,stock,image,category,brand,spec,sold,comment_count,isAD,status,create_time,update_time,creater,updater FROM item WHERE id IN ( ? , ? , ? )
16:46:40:634 DEBUG 25524 --- [http-nio-8083-exec-9] c.h.i.mapper.ItemMapper.selectBatchIds   : ==> Parameters: 100000006163(Long), 100001511821(Long), 2120808(Long)
16:46:40:635 DEBUG 25524 --- [http-nio-8083-exec-9] c.h.i.mapper.ItemMapper.selectBatchIds   : <==      Total: 3
16:46:41:032 DEBUG 24476 --- [http-nio-8081-exec-8] c.h.i.mapper.ItemMapper.selectBatchIds   : ==>  Preparing: SELECT id,name,price,stock,image,category,brand,spec,sold,comment_count,isAD,status,create_time,update_time,creater,updater FROM item WHERE id IN ( ? , ? , ? )
16:46:41:033 DEBUG 24476 --- [http-nio-8081-exec-8] c.h.i.mapper.ItemMapper.selectBatchIds   : ==> Parameters: 100000006163(Long), 100001511821(Long), 2120808(Long)
16:46:41:034 DEBUG 24476 --- [http-nio-8081-exec-8] c.h.i.mapper.ItemMapper.selectBatchIds   : <==      Total: 3
16:46:41:134 DEBUG 25524 --- [http-nio-8083-exec-8] c.h.i.mapper.ItemMapper.selectBatchIds   : ==>  Preparing: SELECT id,name,price,stock,image,category,brand,spec,sold,comment_count,isAD,status,create_time,update_time,creater,updater FROM item WHERE id IN ( ? , ? , ? )
16:46:41:134 DEBUG 25524 --- [http-nio-8083-exec-8] c.h.i.mapper.ItemMapper.selectBatchIds   : ==> Parameters: 100000006163(Long), 100001511821(Long), 2120808(Long)
16:46:41:135 DEBUG 25524 --- [http-nio-8083-exec-8] c.h.i.mapper.ItemMapper.selectBatchIds   : <==      Total: 3
16:46:41:233 DEBUG 24476 --- [http-nio-8081-exec-9] c.h.i.mapper.ItemMapper.selectBatchIds   : ==>  Preparing: SELECT id,name,price,stock,image,category,brand,spec,sold,comment_count,isAD,status,create_time,update_time,creater,updater FROM item WHERE id IN ( ? , ? , ? )
16:46:41:233 DEBUG 24476 --- [http-nio-8081-exec-9] c.h.i.mapper.ItemMapper.selectBatchIds   : ==> Parameters: 100000006163(Long), 100001511821(Long), 2120808(Long)
16:46:41:235 DEBUG 24476 --- [http-nio-8081-exec-9] c.h.i.mapper.ItemMapper.selectBatchIds   : <==      Total: 3
16:46:41:334 DEBUG 25524 --- [http-nio-8083-exec-7] c.h.i.mapper.ItemMapper.selectBatchIds   : ==>  Preparing: SELECT id,name,price,stock,image,category,brand,spec,sold,comment_count,isAD,status,create_time,update_time,creater,updater FROM item WHERE id IN ( ? , ? , ? )
16:46:41:334 DEBUG 25524 --- [http-nio-8083-exec-7] c.h.i.mapper.ItemMapper.selectBatchIds   : ==> Parameters: 100000006163(Long), 100001511821(Long), 2120808(Long)
16:46:41:335 DEBUG 25524 --- [http-nio-8083-exec-7] c.h.i.mapper.ItemMapper.selectBatchIds   : <==      Total: 3
16:46:41:533 DEBUG 24476 --- [http-nio-8081-exec-10] c.h.i.mapper.ItemMapper.selectBatchIds   : ==>  Preparing: SELECT id,name,price,stock,image,category,brand,spec,sold,comment_count,isAD,status,create_time,update_time,creater,updater FROM item WHERE id IN ( ? , ? , ? )
16:46:41:533 DEBUG 24476 --- [http-nio-8081-exec-10] c.h.i.mapper.ItemMapper.selectBatchIds   : ==> Parameters: 100000006163(Long), 100001511821(Long), 2120808(Long)
16:46:41:535 DEBUG 24476 --- [http-nio-8081-exec-10] c.h.i.mapper.ItemMapper.selectBatchIds   : <==      Total: 3
16:46:41:632 DEBUG 25524 --- [http-nio-8083-exec-10] c.h.i.mapper.ItemMapper.selectBatchIds   : ==>  Preparing: SELECT id,name,price,stock,image,category,brand,spec,sold,comment_count,isAD,status,create_time,update_time,creater,updater FROM item WHERE id IN ( ? , ? , ? )
16:46:41:632 DEBUG 25524 --- [http-nio-8083-exec-10] c.h.i.mapper.ItemMapper.selectBatchIds   : ==> Parameters: 100000006163(Long), 100001511821(Long), 2120808(Long)
16:46:41:633 DEBUG 25524 --- [http-nio-8083-exec-10] c.h.i.mapper.ItemMapper.selectBatchIds   : <==      Total: 3
16:46:42:031 DEBUG 24476 --- [http-nio-8081-exec-1] c.h.i.mapper.ItemMapper.selectBatchIds   : ==>  Preparing: SELECT id,name,price,stock,image,category,brand,spec,sold,comment_count,isAD,status,create_time,update_time,creater,updater FROM item WHERE id IN ( ? , ? , ? )
16:46:42:032 DEBUG 24476 --- [http-nio-8081-exec-1] c.h.i.mapper.ItemMapper.selectBatchIds   : ==> Parameters: 100000006163(Long), 100001511821(Long), 2120808(Long)
16:46:42:034 DEBUG 24476 --- [http-nio-8081-exec-1] c.h.i.mapper.ItemMapper.selectBatchIds   : <==      Total: 3
16:46:42:133 DEBUG 25524 --- [http-nio-8083-exec-1] c.h.i.mapper.ItemMapper.selectBatchIds   : ==>  Preparing: SELECT id,name,price,stock,image,category,brand,spec,sold,comment_count,isAD,status,create_time,update_time,creater,updater FROM item WHERE id IN ( ? , ? , ? )
16:46:42:133 DEBUG 25524 --- [http-nio-8083-exec-1] c.h.i.mapper.ItemMapper.selectBatchIds   : ==> Parameters: 100000006163(Long), 100001511821(Long), 2120808(Long)
16:46:42:134 DEBUG 25524 --- [http-nio-8083-exec-1] c.h.i.mapper.ItemMapper.selectBatchIds   : <==      Total: 3
16:46:42:232 DEBUG 24476 --- [http-nio-8081-exec-2] c.h.i.mapper.ItemMapper.selectBatchIds   : ==>  Preparing: SELECT id,name,price,stock,image,category,brand,spec,sold,comment_count,isAD,status,create_time,update_time,creater,updater FROM item WHERE id IN ( ? , ? , ? )
16:46:42:232 DEBUG 24476 --- [http-nio-8081-exec-2] c.h.i.mapper.ItemMapper.selectBatchIds   : ==> Parameters: 100000006163(Long), 100001511821(Long), 2120808(Long)
16:46:42:233 DEBUG 24476 --- [http-nio-8081-exec-2] c.h.i.mapper.ItemMapper.selectBatchIds   : <==      Total: 3
16:46:42:334 DEBUG 25524 --- [http-nio-8083-exec-2] c.h.i.mapper.ItemMapper.selectBatchIds   : ==>  Preparing: SELECT id,name,price,stock,image,category,brand,spec,sold,comment_count,isAD,status,create_time,update_time,creater,updater FROM item WHERE id IN ( ? , ? , ? )
16:46:42:335 DEBUG 25524 --- [http-nio-8083-exec-2] c.h.i.mapper.ItemMapper.selectBatchIds   : ==> Parameters: 100000006163(Long), 100001511821(Long), 2120808(Long)
16:46:42:336 DEBUG 25524 --- [http-nio-8083-exec-2] c.h.i.mapper.ItemMapper.selectBatchIds   : <==      Total: 3
16:46:42:533 DEBUG 24476 --- [http-nio-8081-exec-3] c.h.i.mapper.ItemMapper.selectBatchIds   : ==>  Preparing: SELECT id,name,price,stock,image,category,brand,spec,sold,comment_count,isAD,status,create_time,update_time,creater,updater FROM item WHERE id IN ( ? , ? , ? )
16:46:42:533 DEBUG 24476 --- [http-nio-8081-exec-3] c.h.i.mapper.ItemMapper.selectBatchIds   : ==> Parameters: 100000006163(Long), 100001511821(Long), 2120808(Long)
16:46:42:535 DEBUG 24476 --- [http-nio-8081-exec-3] c.h.i.mapper.ItemMapper.selectBatchIds   : <==      Total: 3
16:46:42:631 DEBUG 25524 --- [http-nio-8083-exec-3] c.h.i.mapper.ItemMapper.selectBatchIds   : ==>  Preparing: SELECT id,name,price,stock,image,category,brand,spec,sold,comment_count,isAD,status,create_time,update_time,creater,updater FROM item WHERE id IN ( ? , ? , ? )
16:46:42:632 DEBUG 25524 --- [http-nio-8083-exec-3] c.h.i.mapper.ItemMapper.selectBatchIds   : ==> Parameters: 100000006163(Long), 100001511821(Long), 2120808(Long)
16:46:42:634 DEBUG 25524 --- [http-nio-8083-exec-3] c.h.i.mapper.ItemMapper.selectBatchIds   : <==      Total: 3
16:46:43:030 DEBUG 24476 --- [http-nio-8081-exec-4] c.h.i.mapper.ItemMapper.selectBatchIds   : ==>  Preparing: SELECT id,name,price,stock,image,category,brand,spec,sold,comment_count,isAD,status,create_time,update_time,creater,updater FROM item WHERE id IN ( ? , ? , ? )
16:46:43:031 DEBUG 24476 --- [http-nio-8081-exec-4] c.h.i.mapper.ItemMapper.selectBatchIds   : ==> Parameters: 100000006163(Long), 100001511821(Long), 2120808(Long)
16:46:43:032 DEBUG 24476 --- [http-nio-8081-exec-4] c.h.i.mapper.ItemMapper.selectBatchIds   : <==      Total: 3
16:46:43:131 DEBUG 25524 --- [http-nio-8083-exec-4] c.h.i.mapper.ItemMapper.selectBatchIds   : ==>  Preparing: SELECT id,name,price,stock,image,category,brand,spec,sold,comment_count,isAD,status,create_time,update_time,creater,updater FROM item WHERE id IN ( ? , ? , ? )
16:46:43:131 DEBUG 25524 --- [http-nio-8083-exec-4] c.h.i.mapper.ItemMapper.selectBatchIds   : ==> Parameters: 100000006163(Long), 100001511821(Long), 2120808(Long)
16:46:43:133 DEBUG 25524 --- [http-nio-8083-exec-4] c.h.i.mapper.ItemMapper.selectBatchIds   : <==      Total: 3
16:46:43:230 DEBUG 24476 --- [http-nio-8081-exec-5] c.h.i.mapper.ItemMapper.selectBatchIds   : ==>  Preparing: SELECT id,name,price,stock,image,category,brand,spec,sold,comment_count,isAD,status,create_time,update_time,creater,updater FROM item WHERE id IN ( ? , ? , ? )
16:46:43:231 DEBUG 24476 --- [http-nio-8081-exec-5] c.h.i.mapper.ItemMapper.selectBatchIds   : ==> Parameters: 100000006163(Long), 100001511821(Long), 2120808(Long)
16:46:43:232 DEBUG 24476 --- [http-nio-8081-exec-5] c.h.i.mapper.ItemMapper.selectBatchIds   : <==      Total: 3
16:46:43:333 DEBUG 25524 --- [http-nio-8083-exec-6] c.h.i.mapper.ItemMapper.selectBatchIds   : ==>  Preparing: SELECT id,name,price,stock,image,category,brand,spec,sold,comment_count,isAD,status,create_time,update_time,creater,updater FROM item WHERE id IN ( ? , ? , ? )
16:46:43:333 DEBUG 25524 --- [http-nio-8083-exec-6] c.h.i.mapper.ItemMapper.selectBatchIds   : ==> Parameters: 100000006163(Long), 100001511821(Long), 2120808(Long)
16:46:43:335 DEBUG 25524 --- [http-nio-8083-exec-6] c.h.i.mapper.ItemMapper.selectBatchIds   : <==      Total: 3
16:46:43:532 DEBUG 24476 --- [http-nio-8081-exec-6] c.h.i.mapper.ItemMapper.selectBatchIds   : ==>  Preparing: SELECT id,name,price,stock,image,category,brand,spec,sold,comment_count,isAD,status,create_time,update_time,creater,updater FROM item WHERE id IN ( ? , ? , ? )
16:46:43:533 DEBUG 24476 --- [http-nio-8081-exec-6] c.h.i.mapper.ItemMapper.selectBatchIds   : ==> Parameters: 100000006163(Long), 100001511821(Long), 2120808(Long)
16:46:43:534 DEBUG 24476 --- [http-nio-8081-exec-6] c.h.i.mapper.ItemMapper.selectBatchIds   : <==      Total: 3
16:46:43:632 DEBUG 25524 --- [http-nio-8083-exec-5] c.h.i.mapper.ItemMapper.selectBatchIds   : ==>  Preparing: SELECT id,name,price,stock,image,category,brand,spec,sold,comment_count,isAD,status,create_time,update_time,creater,updater FROM item WHERE id IN ( ? , ? , ? )
16:46:43:632 DEBUG 25524 --- [http-nio-8083-exec-5] c.h.i.mapper.ItemMapper.selectBatchIds   : ==> Parameters: 100000006163(Long), 100001511821(Long), 2120808(Long)
16:46:43:633 DEBUG 25524 --- [http-nio-8083-exec-5] c.h.i.mapper.ItemMapper.selectBatchIds   : <==      Total: 3
16:46:44:032 DEBUG 24476 --- [http-nio-8081-exec-7] c.h.i.mapper.ItemMapper.selectBatchIds   : ==>  Preparing: SELECT id,name,price,stock,image,category,brand,spec,sold,comment_count,isAD,status,create_time,update_time,creater,updater FROM item WHERE id IN ( ? , ? , ? )
16:46:44:032 DEBUG 24476 --- [http-nio-8081-exec-7] c.h.i.mapper.ItemMapper.selectBatchIds   : ==> Parameters: 100000006163(Long), 100001511821(Long), 2120808(Long)
16:46:44:033 DEBUG 24476 --- [http-nio-8081-exec-7] c.h.i.mapper.ItemMapper.selectBatchIds   : <==      Total: 3
16:46:44:132 DEBUG 25524 --- [http-nio-8083-exec-9] c.h.i.mapper.ItemMapper.selectBatchIds   : ==>  Preparing: SELECT id,name,price,stock,image,category,brand,spec,sold,comment_count,isAD,status,create_time,update_time,creater,updater FROM item WHERE id IN ( ? , ? , ? )
16:46:44:132 DEBUG 25524 --- [http-nio-8083-exec-9] c.h.i.mapper.ItemMapper.selectBatchIds   : ==> Parameters: 100000006163(Long), 100001511821(Long), 2120808(Long)
16:46:44:132 DEBUG 25524 --- [http-nio-8083-exec-9] c.h.i.mapper.ItemMapper.selectBatchIds   : <==      Total: 3
16:46:44:232 DEBUG 24476 --- [http-nio-8081-exec-8] c.h.i.mapper.ItemMapper.selectBatchIds   : ==>  Preparing: SELECT id,name,price,stock,image,category,brand,spec,sold,comment_count,isAD,status,create_time,update_time,creater,updater FROM item WHERE id IN ( ? , ? , ? )
16:46:44:232 DEBUG 24476 --- [http-nio-8081-exec-8] c.h.i.mapper.ItemMapper.selectBatchIds   : ==> Parameters: 100000006163(Long), 100001511821(Long), 2120808(Long)
16:46:44:233 DEBUG 24476 --- [http-nio-8081-exec-8] c.h.i.mapper.ItemMapper.selectBatchIds   : <==      Total: 3
16:46:44:333 DEBUG 25524 --- [http-nio-8083-exec-8] c.h.i.mapper.ItemMapper.selectBatchIds   : ==>  Preparing: SELECT id,name,price,stock,image,category,brand,spec,sold,comment_count,isAD,status,create_time,update_time,creater,updater FROM item WHERE id IN ( ? , ? , ? )
16:46:44:333 DEBUG 25524 --- [http-nio-8083-exec-8] c.h.i.mapper.ItemMapper.selectBatchIds   : ==> Parameters: 100000006163(Long), 100001511821(Long), 2120808(Long)
16:46:44:334 DEBUG 25524 --- [http-nio-8083-exec-8] c.h.i.mapper.ItemMapper.selectBatchIds   : <==      Total: 3
16:46:44:530 DEBUG 24476 --- [http-nio-8081-exec-9] c.h.i.mapper.ItemMapper.selectBatchIds   : ==>  Preparing: SELECT id,name,price,stock,image,category,brand,spec,sold,comment_count,isAD,status,create_time,update_time,creater,updater FROM item WHERE id IN ( ? , ? , ? )
16:46:44:531 DEBUG 24476 --- [http-nio-8081-exec-9] c.h.i.mapper.ItemMapper.selectBatchIds   : ==> Parameters: 100000006163(Long), 100001511821(Long), 2120808(Long)
16:46:44:533 DEBUG 24476 --- [http-nio-8081-exec-9] c.h.i.mapper.ItemMapper.selectBatchIds   : <==      Total: 3
16:46:44:631 DEBUG 25524 --- [http-nio-8083-exec-7] c.h.i.mapper.ItemMapper.selectBatchIds   : ==>  Preparing: SELECT id,name,price,stock,image,category,brand,spec,sold,comment_count,isAD,status,create_time,update_time,creater,updater FROM item WHERE id IN ( ? , ? , ? )
16:46:44:631 DEBUG 25524 --- [http-nio-8083-exec-7] c.h.i.mapper.ItemMapper.selectBatchIds   : ==> Parameters: 100000006163(Long), 100001511821(Long), 2120808(Long)
16:46:44:634 DEBUG 25524 --- [http-nio-8083-exec-7] c.h.i.mapper.ItemMapper.selectBatchIds   : <==      Total: 3
16:46:45:032 DEBUG 24476 --- [http-nio-8081-exec-10] c.h.i.mapper.ItemMapper.selectBatchIds   : ==>  Preparing: SELECT id,name,price,stock,image,category,brand,spec,sold,comment_count,isAD,status,create_time,update_time,creater,updater FROM item WHERE id IN ( ? , ? , ? )
16:46:45:032 DEBUG 24476 --- [http-nio-8081-exec-10] c.h.i.mapper.ItemMapper.selectBatchIds   : ==> Parameters: 100000006163(Long), 100001511821(Long), 2120808(Long)
16:46:45:033 DEBUG 24476 --- [http-nio-8081-exec-10] c.h.i.mapper.ItemMapper.selectBatchIds   : <==      Total: 3
16:46:45:131 DEBUG 25524 --- [http-nio-8083-exec-10] c.h.i.mapper.ItemMapper.selectBatchIds   : ==>  Preparing: SELECT id,name,price,stock,image,category,brand,spec,sold,comment_count,isAD,status,create_time,update_time,creater,updater FROM item WHERE id IN ( ? , ? , ? )
16:46:45:132 DEBUG 25524 --- [http-nio-8083-exec-10] c.h.i.mapper.ItemMapper.selectBatchIds   : ==> Parameters: 100000006163(Long), 100001511821(Long), 2120808(Long)
16:46:45:132 DEBUG 25524 --- [http-nio-8083-exec-10] c.h.i.mapper.ItemMapper.selectBatchIds   : <==      Total: 3
16:46:45:232 DEBUG 24476 --- [http-nio-8081-exec-1] c.h.i.mapper.ItemMapper.selectBatchIds   : ==>  Preparing: SELECT id,name,price,stock,image,category,brand,spec,sold,comment_count,isAD,status,create_time,update_time,creater,updater FROM item WHERE id IN ( ? , ? , ? )
16:46:45:232 DEBUG 24476 --- [http-nio-8081-exec-1] c.h.i.mapper.ItemMapper.selectBatchIds   : ==> Parameters: 100000006163(Long), 100001511821(Long), 2120808(Long)
16:46:45:233 DEBUG 24476 --- [http-nio-8081-exec-1] c.h.i.mapper.ItemMapper.selectBatchIds   : <==      Total: 3
16:46:45:333 DEBUG 25524 --- [http-nio-8083-exec-1] c.h.i.mapper.ItemMapper.selectBatchIds   : ==>  Preparing: SELECT id,name,price,stock,image,category,brand,spec,sold,comment_count,isAD,status,create_time,update_time,creater,updater FROM item WHERE id IN ( ? , ? , ? )
16:46:45:333 DEBUG 25524 --- [http-nio-8083-exec-1] c.h.i.mapper.ItemMapper.selectBatchIds   : ==> Parameters: 100000006163(Long), 100001511821(Long), 2120808(Long)
16:46:45:335 DEBUG 25524 --- [http-nio-8083-exec-1] c.h.i.mapper.ItemMapper.selectBatchIds   : <==      Total: 3
16:46:45:532 DEBUG 24476 --- [http-nio-8081-exec-2] c.h.i.mapper.ItemMapper.selectBatchIds   : ==>  Preparing: SELECT id,name,price,stock,image,category,brand,spec,sold,comment_count,isAD,status,create_time,update_time,creater,updater FROM item WHERE id IN ( ? , ? , ? )
16:46:45:532 DEBUG 24476 --- [http-nio-8081-exec-2] c.h.i.mapper.ItemMapper.selectBatchIds   : ==> Parameters: 100000006163(Long), 100001511821(Long), 2120808(Long)
16:46:45:533 DEBUG 24476 --- [http-nio-8081-exec-2] c.h.i.mapper.ItemMapper.selectBatchIds   : <==      Total: 3
16:46:45:631 DEBUG 25524 --- [http-nio-8083-exec-2] c.h.i.mapper.ItemMapper.selectBatchIds   : ==>  Preparing: SELECT id,name,price,stock,image,category,brand,spec,sold,comment_count,isAD,status,create_time,update_time,creater,updater FROM item WHERE id IN ( ? , ? , ? )
16:46:45:631 DEBUG 25524 --- [http-nio-8083-exec-2] c.h.i.mapper.ItemMapper.selectBatchIds   : ==> Parameters: 100000006163(Long), 100001511821(Long), 2120808(Long)
16:46:45:632 DEBUG 25524 --- [http-nio-8083-exec-2] c.h.i.mapper.ItemMapper.selectBatchIds   : <==      Total: 3
16:46:46:031 DEBUG 24476 --- [http-nio-8081-exec-3] c.h.i.mapper.ItemMapper.selectBatchIds   : ==>  Preparing: SELECT id,name,price,stock,image,category,brand,spec,sold,comment_count,isAD,status,create_time,update_time,creater,updater FROM item WHERE id IN ( ? , ? , ? )
16:46:46:031 DEBUG 24476 --- [http-nio-8081-exec-3] c.h.i.mapper.ItemMapper.selectBatchIds   : ==> Parameters: 100000006163(Long), 100001511821(Long), 2120808(Long)
16:46:46:032 DEBUG 24476 --- [http-nio-8081-exec-3] c.h.i.mapper.ItemMapper.selectBatchIds   : <==      Total: 3
16:46:46:131 DEBUG 25524 --- [http-nio-8083-exec-3] c.h.i.mapper.ItemMapper.selectBatchIds   : ==>  Preparing: SELECT id,name,price,stock,image,category,brand,spec,sold,comment_count,isAD,status,create_time,update_time,creater,updater FROM item WHERE id IN ( ? , ? , ? )
16:46:46:131 DEBUG 25524 --- [http-nio-8083-exec-3] c.h.i.mapper.ItemMapper.selectBatchIds   : ==> Parameters: 100000006163(Long), 100001511821(Long), 2120808(Long)
16:46:46:132 DEBUG 25524 --- [http-nio-8083-exec-3] c.h.i.mapper.ItemMapper.selectBatchIds   : <==      Total: 3
16:46:46:231 DEBUG 24476 --- [http-nio-8081-exec-4] c.h.i.mapper.ItemMapper.selectBatchIds   : ==>  Preparing: SELECT id,name,price,stock,image,category,brand,spec,sold,comment_count,isAD,status,create_time,update_time,creater,updater FROM item WHERE id IN ( ? , ? , ? )
16:46:46:231 DEBUG 24476 --- [http-nio-8081-exec-4] c.h.i.mapper.ItemMapper.selectBatchIds   : ==> Parameters: 100000006163(Long), 100001511821(Long), 2120808(Long)
16:46:46:233 DEBUG 24476 --- [http-nio-8081-exec-4] c.h.i.mapper.ItemMapper.selectBatchIds   : <==      Total: 3
16:46:46:331 DEBUG 25524 --- [http-nio-8083-exec-4] c.h.i.mapper.ItemMapper.selectBatchIds   : ==>  Preparing: SELECT id,name,price,stock,image,category,brand,spec,sold,comment_count,isAD,status,create_time,update_time,creater,updater FROM item WHERE id IN ( ? , ? , ? )
16:46:46:331 DEBUG 25524 --- [http-nio-8083-exec-4] c.h.i.mapper.ItemMapper.selectBatchIds   : ==> Parameters: 100000006163(Long), 100001511821(Long), 2120808(Long)
16:46:46:333 DEBUG 25524 --- [http-nio-8083-exec-4] c.h.i.mapper.ItemMapper.selectBatchIds   : <==      Total: 3
16:46:46:533 DEBUG 24476 --- [http-nio-8081-exec-5] c.h.i.mapper.ItemMapper.selectBatchIds   : ==>  Preparing: SELECT id,name,price,stock,image,category,brand,spec,sold,comment_count,isAD,status,create_time,update_time,creater,updater FROM item WHERE id IN ( ? , ? , ? )
16:46:46:533 DEBUG 24476 --- [http-nio-8081-exec-5] c.h.i.mapper.ItemMapper.selectBatchIds   : ==> Parameters: 100000006163(Long), 100001511821(Long), 2120808(Long)
16:46:46:535 DEBUG 24476 --- [http-nio-8081-exec-5] c.h.i.mapper.ItemMapper.selectBatchIds   : <==      Total: 3
16:46:46:631 DEBUG 25524 --- [http-nio-8083-exec-6] c.h.i.mapper.ItemMapper.selectBatchIds   : ==>  Preparing: SELECT id,name,price,stock,image,category,brand,spec,sold,comment_count,isAD,status,create_time,update_time,creater,updater FROM item WHERE id IN ( ? , ? , ? )
16:46:46:631 DEBUG 25524 --- [http-nio-8083-exec-6] c.h.i.mapper.ItemMapper.selectBatchIds   : ==> Parameters: 100000006163(Long), 100001511821(Long), 2120808(Long)
16:46:46:631 DEBUG 25524 --- [http-nio-8083-exec-6] c.h.i.mapper.ItemMapper.selectBatchIds   : <==      Total: 3
16:46:47:034 DEBUG 24476 --- [http-nio-8081-exec-6] c.h.i.mapper.ItemMapper.selectBatchIds   : ==>  Preparing: SELECT id,name,price,stock,image,category,brand,spec,sold,comment_count,isAD,status,create_time,update_time,creater,updater FROM item WHERE id IN ( ? , ? , ? )
16:46:47:034 DEBUG 24476 --- [http-nio-8081-exec-6] c.h.i.mapper.ItemMapper.selectBatchIds   : ==> Parameters: 100000006163(Long), 100001511821(Long), 2120808(Long)
16:46:47:035 DEBUG 24476 --- [http-nio-8081-exec-6] c.h.i.mapper.ItemMapper.selectBatchIds   : <==      Total: 3
16:46:47:132 DEBUG 25524 --- [http-nio-8083-exec-5] c.h.i.mapper.ItemMapper.selectBatchIds   : ==>  Preparing: SELECT id,name,price,stock,image,category,brand,spec,sold,comment_count,isAD,status,create_time,update_time,creater,updater FROM item WHERE id IN ( ? , ? , ? )
16:46:47:132 DEBUG 25524 --- [http-nio-8083-exec-5] c.h.i.mapper.ItemMapper.selectBatchIds   : ==> Parameters: 100000006163(Long), 100001511821(Long), 2120808(Long)
16:46:47:134 DEBUG 25524 --- [http-nio-8083-exec-5] c.h.i.mapper.ItemMapper.selectBatchIds   : <==      Total: 3
16:46:47:233 DEBUG 24476 --- [http-nio-8081-exec-7] c.h.i.mapper.ItemMapper.selectBatchIds   : ==>  Preparing: SELECT id,name,price,stock,image,category,brand,spec,sold,comment_count,isAD,status,create_time,update_time,creater,updater FROM item WHERE id IN ( ? , ? , ? )
16:46:47:233 DEBUG 24476 --- [http-nio-8081-exec-7] c.h.i.mapper.ItemMapper.selectBatchIds   : ==> Parameters: 100000006163(Long), 100001511821(Long), 2120808(Long)
16:46:47:233 DEBUG 24476 --- [http-nio-8081-exec-7] c.h.i.mapper.ItemMapper.selectBatchIds   : <==      Total: 3
16:46:47:336 DEBUG 25524 --- [http-nio-8083-exec-9] c.h.i.mapper.ItemMapper.selectBatchIds   : ==>  Preparing: SELECT id,name,price,stock,image,category,brand,spec,sold,comment_count,isAD,status,create_time,update_time,creater,updater FROM item WHERE id IN ( ? , ? , ? )
16:46:47:336 DEBUG 25524 --- [http-nio-8083-exec-9] c.h.i.mapper.ItemMapper.selectBatchIds   : ==> Parameters: 100000006163(Long), 100001511821(Long), 2120808(Long)
16:46:47:338 DEBUG 25524 --- [http-nio-8083-exec-9] c.h.i.mapper.ItemMapper.selectBatchIds   : <==      Total: 3
16:46:47:536 DEBUG 24476 --- [http-nio-8081-exec-8] c.h.i.mapper.ItemMapper.selectBatchIds   : ==>  Preparing: SELECT id,name,price,stock,image,category,brand,spec,sold,comment_count,isAD,status,create_time,update_time,creater,updater FROM item WHERE id IN ( ? , ? , ? )
16:46:47:536 DEBUG 24476 --- [http-nio-8081-exec-8] c.h.i.mapper.ItemMapper.selectBatchIds   : ==> Parameters: 100000006163(Long), 100001511821(Long), 2120808(Long)
16:46:47:537 DEBUG 24476 --- [http-nio-8081-exec-8] c.h.i.mapper.ItemMapper.selectBatchIds   : <==      Total: 3
16:46:47:631 DEBUG 25524 --- [http-nio-8083-exec-8] c.h.i.mapper.ItemMapper.selectBatchIds   : ==>  Preparing: SELECT id,name,price,stock,image,category,brand,spec,sold,comment_count,isAD,status,create_time,update_time,creater,updater FROM item WHERE id IN ( ? , ? , ? )
16:46:47:631 DEBUG 25524 --- [http-nio-8083-exec-8] c.h.i.mapper.ItemMapper.selectBatchIds   : ==> Parameters: 100000006163(Long), 100001511821(Long), 2120808(Long)
16:46:47:631 DEBUG 25524 --- [http-nio-8083-exec-8] c.h.i.mapper.ItemMapper.selectBatchIds   : <==      Total: 3
16:46:48:031 DEBUG 24476 --- [http-nio-8081-exec-9] c.h.i.mapper.ItemMapper.selectBatchIds   : ==>  Preparing: SELECT id,name,price,stock,image,category,brand,spec,sold,comment_count,isAD,status,create_time,update_time,creater,updater FROM item WHERE id IN ( ? , ? , ? )
16:46:48:031 DEBUG 24476 --- [http-nio-8081-exec-9] c.h.i.mapper.ItemMapper.selectBatchIds   : ==> Parameters: 100000006163(Long), 100001511821(Long), 2120808(Long)
16:46:48:031 DEBUG 24476 --- [http-nio-8081-exec-9] c.h.i.mapper.ItemMapper.selectBatchIds   : <==      Total: 3
16:46:48:130 DEBUG 25524 --- [http-nio-8083-exec-7] c.h.i.mapper.ItemMapper.selectBatchIds   : ==>  Preparing: SELECT id,name,price,stock,image,category,brand,spec,sold,comment_count,isAD,status,create_time,update_time,creater,updater FROM item WHERE id IN ( ? , ? , ? )
16:46:48:130 DEBUG 25524 --- [http-nio-8083-exec-7] c.h.i.mapper.ItemMapper.selectBatchIds   : ==> Parameters: 100000006163(Long), 100001511821(Long), 2120808(Long)
16:46:48:132 DEBUG 25524 --- [http-nio-8083-exec-7] c.h.i.mapper.ItemMapper.selectBatchIds   : <==      Total: 3
16:46:48:231 DEBUG 24476 --- [http-nio-8081-exec-10] c.h.i.mapper.ItemMapper.selectBatchIds   : ==>  Preparing: SELECT id,name,price,stock,image,category,brand,spec,sold,comment_count,isAD,status,create_time,update_time,creater,updater FROM item WHERE id IN ( ? , ? , ? )
16:46:48:231 DEBUG 24476 --- [http-nio-8081-exec-10] c.h.i.mapper.ItemMapper.selectBatchIds   : ==> Parameters: 100000006163(Long), 100001511821(Long), 2120808(Long)
16:46:48:232 DEBUG 24476 --- [http-nio-8081-exec-10] c.h.i.mapper.ItemMapper.selectBatchIds   : <==      Total: 3
16:46:48:331 DEBUG 25524 --- [http-nio-8083-exec-10] c.h.i.mapper.ItemMapper.selectBatchIds   : ==>  Preparing: SELECT id,name,price,stock,image,category,brand,spec,sold,comment_count,isAD,status,create_time,update_time,creater,updater FROM item WHERE id IN ( ? , ? , ? )
16:46:48:331 DEBUG 25524 --- [http-nio-8083-exec-10] c.h.i.mapper.ItemMapper.selectBatchIds   : ==> Parameters: 100000006163(Long), 100001511821(Long), 2120808(Long)
16:46:48:333 DEBUG 25524 --- [http-nio-8083-exec-10] c.h.i.mapper.ItemMapper.selectBatchIds   : <==      Total: 3
16:46:48:531 DEBUG 24476 --- [http-nio-8081-exec-1] c.h.i.mapper.ItemMapper.selectBatchIds   : ==>  Preparing: SELECT id,name,price,stock,image,category,brand,spec,sold,comment_count,isAD,status,create_time,update_time,creater,updater FROM item WHERE id IN ( ? , ? , ? )
16:46:48:531 DEBUG 24476 --- [http-nio-8081-exec-1] c.h.i.mapper.ItemMapper.selectBatchIds   : ==> Parameters: 100000006163(Long), 100001511821(Long), 2120808(Long)
16:46:48:532 DEBUG 24476 --- [http-nio-8081-exec-1] c.h.i.mapper.ItemMapper.selectBatchIds   : <==      Total: 3
16:46:48:630 DEBUG 25524 --- [http-nio-8083-exec-1] c.h.i.mapper.ItemMapper.selectBatchIds   : ==>  Preparing: SELECT id,name,price,stock,image,category,brand,spec,sold,comment_count,isAD,status,create_time,update_time,creater,updater FROM item WHERE id IN ( ? , ? , ? )
16:46:48:630 DEBUG 25524 --- [http-nio-8083-exec-1] c.h.i.mapper.ItemMapper.selectBatchIds   : ==> Parameters: 100000006163(Long), 100001511821(Long), 2120808(Long)
16:46:48:631 DEBUG 25524 --- [http-nio-8083-exec-1] c.h.i.mapper.ItemMapper.selectBatchIds   : <==      Total: 3
16:46:49:030 DEBUG 24476 --- [http-nio-8081-exec-2] c.h.i.mapper.ItemMapper.selectBatchIds   : ==>  Preparing: SELECT id,name,price,stock,image,category,brand,spec,sold,comment_count,isAD,status,create_time,update_time,creater,updater FROM item WHERE id IN ( ? , ? , ? )
16:46:49:030 DEBUG 24476 --- [http-nio-8081-exec-2] c.h.i.mapper.ItemMapper.selectBatchIds   : ==> Parameters: 100000006163(Long), 100001511821(Long), 2120808(Long)
16:46:49:033 DEBUG 24476 --- [http-nio-8081-exec-2] c.h.i.mapper.ItemMapper.selectBatchIds   : <==      Total: 3
16:46:49:132 DEBUG 25524 --- [http-nio-8083-exec-2] c.h.i.mapper.ItemMapper.selectBatchIds   : ==>  Preparing: SELECT id,name,price,stock,image,category,brand,spec,sold,comment_count,isAD,status,create_time,update_time,creater,updater FROM item WHERE id IN ( ? , ? , ? )
16:46:49:132 DEBUG 25524 --- [http-nio-8083-exec-2] c.h.i.mapper.ItemMapper.selectBatchIds   : ==> Parameters: 100000006163(Long), 100001511821(Long), 2120808(Long)
16:46:49:133 DEBUG 25524 --- [http-nio-8083-exec-2] c.h.i.mapper.ItemMapper.selectBatchIds   : <==      Total: 3
16:46:49:232 DEBUG 24476 --- [http-nio-8081-exec-3] c.h.i.mapper.ItemMapper.selectBatchIds   : ==>  Preparing: SELECT id,name,price,stock,image,category,brand,spec,sold,comment_count,isAD,status,create_time,update_time,creater,updater FROM item WHERE id IN ( ? , ? , ? )
16:46:49:232 DEBUG 24476 --- [http-nio-8081-exec-3] c.h.i.mapper.ItemMapper.selectBatchIds   : ==> Parameters: 100000006163(Long), 100001511821(Long), 2120808(Long)
16:46:49:233 DEBUG 24476 --- [http-nio-8081-exec-3] c.h.i.mapper.ItemMapper.selectBatchIds   : <==      Total: 3
16:46:49:332 DEBUG 25524 --- [http-nio-8083-exec-3] c.h.i.mapper.ItemMapper.selectBatchIds   : ==>  Preparing: SELECT id,name,price,stock,image,category,brand,spec,sold,comment_count,isAD,status,create_time,update_time,creater,updater FROM item WHERE id IN ( ? , ? , ? )
16:46:49:332 DEBUG 25524 --- [http-nio-8083-exec-3] c.h.i.mapper.ItemMapper.selectBatchIds   : ==> Parameters: 100000006163(Long), 100001511821(Long), 2120808(Long)
16:46:49:334 DEBUG 25524 --- [http-nio-8083-exec-3] c.h.i.mapper.ItemMapper.selectBatchIds   : <==      Total: 3
16:46:49:531 DEBUG 24476 --- [http-nio-8081-exec-4] c.h.i.mapper.ItemMapper.selectBatchIds   : ==>  Preparing: SELECT id,name,price,stock,image,category,brand,spec,sold,comment_count,isAD,status,create_time,update_time,creater,updater FROM item WHERE id IN ( ? , ? , ? )
16:46:49:531 DEBUG 24476 --- [http-nio-8081-exec-4] c.h.i.mapper.ItemMapper.selectBatchIds   : ==> Parameters: 100000006163(Long), 100001511821(Long), 2120808(Long)
16:46:49:533 DEBUG 24476 --- [http-nio-8081-exec-4] c.h.i.mapper.ItemMapper.selectBatchIds   : <==      Total: 3
16:46:49:629 DEBUG 25524 --- [http-nio-8083-exec-4] c.h.i.mapper.ItemMapper.selectBatchIds   : ==>  Preparing: SELECT id,name,price,stock,image,category,brand,spec,sold,comment_count,isAD,status,create_time,update_time,creater,updater FROM item WHERE id IN ( ? , ? , ? )
16:46:49:630 DEBUG 25524 --- [http-nio-8083-exec-4] c.h.i.mapper.ItemMapper.selectBatchIds   : ==> Parameters: 100000006163(Long), 100001511821(Long), 2120808(Long)
16:46:49:631 DEBUG 25524 --- [http-nio-8083-exec-4] c.h.i.mapper.ItemMapper.selectBatchIds   : <==      Total: 3
16:46:50:030 DEBUG 24476 --- [http-nio-8081-exec-5] c.h.i.mapper.ItemMapper.selectBatchIds   : ==>  Preparing: SELECT id,name,price,stock,image,category,brand,spec,sold,comment_count,isAD,status,create_time,update_time,creater,updater FROM item WHERE id IN ( ? , ? , ? )
16:46:50:030 DEBUG 24476 --- [http-nio-8081-exec-5] c.h.i.mapper.ItemMapper.selectBatchIds   : ==> Parameters: 100000006163(Long), 100001511821(Long), 2120808(Long)
16:46:50:031 DEBUG 24476 --- [http-nio-8081-exec-5] c.h.i.mapper.ItemMapper.selectBatchIds   : <==      Total: 3
16:46:50:134 DEBUG 25524 --- [http-nio-8083-exec-6] c.h.i.mapper.ItemMapper.selectBatchIds   : ==>  Preparing: SELECT id,name,price,stock,image,category,brand,spec,sold,comment_count,isAD,status,create_time,update_time,creater,updater FROM item WHERE id IN ( ? , ? , ? )
16:46:50:134 DEBUG 25524 --- [http-nio-8083-exec-6] c.h.i.mapper.ItemMapper.selectBatchIds   : ==> Parameters: 100000006163(Long), 100001511821(Long), 2120808(Long)
16:46:50:135 DEBUG 25524 --- [http-nio-8083-exec-6] c.h.i.mapper.ItemMapper.selectBatchIds   : <==      Total: 3
16:46:50:230 DEBUG 24476 --- [http-nio-8081-exec-6] c.h.i.mapper.ItemMapper.selectBatchIds   : ==>  Preparing: SELECT id,name,price,stock,image,category,brand,spec,sold,comment_count,isAD,status,create_time,update_time,creater,updater FROM item WHERE id IN ( ? , ? , ? )
16:46:50:231 DEBUG 24476 --- [http-nio-8081-exec-6] c.h.i.mapper.ItemMapper.selectBatchIds   : ==> Parameters: 100000006163(Long), 100001511821(Long), 2120808(Long)
16:46:50:232 DEBUG 24476 --- [http-nio-8081-exec-6] c.h.i.mapper.ItemMapper.selectBatchIds   : <==      Total: 3
16:46:50:331 DEBUG 25524 --- [http-nio-8083-exec-5] c.h.i.mapper.ItemMapper.selectBatchIds   : ==>  Preparing: SELECT id,name,price,stock,image,category,brand,spec,sold,comment_count,isAD,status,create_time,update_time,creater,updater FROM item WHERE id IN ( ? , ? , ? )
16:46:50:331 DEBUG 25524 --- [http-nio-8083-exec-5] c.h.i.mapper.ItemMapper.selectBatchIds   : ==> Parameters: 100000006163(Long), 100001511821(Long), 2120808(Long)
16:46:50:333 DEBUG 25524 --- [http-nio-8083-exec-5] c.h.i.mapper.ItemMapper.selectBatchIds   : <==      Total: 3
16:46:50:534 DEBUG 24476 --- [http-nio-8081-exec-7] c.h.i.mapper.ItemMapper.selectBatchIds   : ==>  Preparing: SELECT id,name,price,stock,image,category,brand,spec,sold,comment_count,isAD,status,create_time,update_time,creater,updater FROM item WHERE id IN ( ? , ? , ? )
16:46:50:534 DEBUG 24476 --- [http-nio-8081-exec-7] c.h.i.mapper.ItemMapper.selectBatchIds   : ==> Parameters: 100000006163(Long), 100001511821(Long), 2120808(Long)
16:46:50:535 DEBUG 24476 --- [http-nio-8081-exec-7] c.h.i.mapper.ItemMapper.selectBatchIds   : <==      Total: 3
16:46:50:633 DEBUG 25524 --- [http-nio-8083-exec-9] c.h.i.mapper.ItemMapper.selectBatchIds   : ==>  Preparing: SELECT id,name,price,stock,image,category,brand,spec,sold,comment_count,isAD,status,create_time,update_time,creater,updater FROM item WHERE id IN ( ? , ? , ? )
16:46:50:633 DEBUG 25524 --- [http-nio-8083-exec-9] c.h.i.mapper.ItemMapper.selectBatchIds   : ==> Parameters: 100000006163(Long), 100001511821(Long), 2120808(Long)
16:46:50:634 DEBUG 25524 --- [http-nio-8083-exec-9] c.h.i.mapper.ItemMapper.selectBatchIds   : <==      Total: 3
16:46:51:031 DEBUG 24476 --- [http-nio-8081-exec-8] c.h.i.mapper.ItemMapper.selectBatchIds   : ==>  Preparing: SELECT id,name,price,stock,image,category,brand,spec,sold,comment_count,isAD,status,create_time,update_time,creater,updater FROM item WHERE id IN ( ? , ? , ? )
16:46:51:031 DEBUG 24476 --- [http-nio-8081-exec-8] c.h.i.mapper.ItemMapper.selectBatchIds   : ==> Parameters: 100000006163(Long), 100001511821(Long), 2120808(Long)
16:46:51:032 DEBUG 24476 --- [http-nio-8081-exec-8] c.h.i.mapper.ItemMapper.selectBatchIds   : <==      Total: 3
16:46:51:131 DEBUG 25524 --- [http-nio-8083-exec-8] c.h.i.mapper.ItemMapper.selectBatchIds   : ==>  Preparing: SELECT id,name,price,stock,image,category,brand,spec,sold,comment_count,isAD,status,create_time,update_time,creater,updater FROM item WHERE id IN ( ? , ? , ? )
16:46:51:131 DEBUG 25524 --- [http-nio-8083-exec-8] c.h.i.mapper.ItemMapper.selectBatchIds   : ==> Parameters: 100000006163(Long), 100001511821(Long), 2120808(Long)
16:46:51:132 DEBUG 25524 --- [http-nio-8083-exec-8] c.h.i.mapper.ItemMapper.selectBatchIds   : <==      Total: 3
16:46:51:231 DEBUG 24476 --- [http-nio-8081-exec-9] c.h.i.mapper.ItemMapper.selectBatchIds   : ==>  Preparing: SELECT id,name,price,stock,image,category,brand,spec,sold,comment_count,isAD,status,create_time,update_time,creater,updater FROM item WHERE id IN ( ? , ? , ? )
16:46:51:231 DEBUG 24476 --- [http-nio-8081-exec-9] c.h.i.mapper.ItemMapper.selectBatchIds   : ==> Parameters: 100000006163(Long), 100001511821(Long), 2120808(Long)
16:46:51:232 DEBUG 24476 --- [http-nio-8081-exec-9] c.h.i.mapper.ItemMapper.selectBatchIds   : <==      Total: 3
16:46:51:333 DEBUG 25524 --- [http-nio-8083-exec-7] c.h.i.mapper.ItemMapper.selectBatchIds   : ==>  Preparing: SELECT id,name,price,stock,image,category,brand,spec,sold,comment_count,isAD,status,create_time,update_time,creater,updater FROM item WHERE id IN ( ? , ? , ? )
16:46:51:334 DEBUG 25524 --- [http-nio-8083-exec-7] c.h.i.mapper.ItemMapper.selectBatchIds   : ==> Parameters: 100000006163(Long), 100001511821(Long), 2120808(Long)
16:46:51:335 DEBUG 25524 --- [http-nio-8083-exec-7] c.h.i.mapper.ItemMapper.selectBatchIds   : <==      Total: 3
16:46:51:532 DEBUG 24476 --- [http-nio-8081-exec-10] c.h.i.mapper.ItemMapper.selectBatchIds   : ==>  Preparing: SELECT id,name,price,stock,image,category,brand,spec,sold,comment_count,isAD,status,create_time,update_time,creater,updater FROM item WHERE id IN ( ? , ? , ? )
16:46:51:532 DEBUG 24476 --- [http-nio-8081-exec-10] c.h.i.mapper.ItemMapper.selectBatchIds   : ==> Parameters: 100000006163(Long), 100001511821(Long), 2120808(Long)
16:46:51:534 DEBUG 24476 --- [http-nio-8081-exec-10] c.h.i.mapper.ItemMapper.selectBatchIds   : <==      Total: 3
16:46:51:631 DEBUG 25524 --- [http-nio-8083-exec-10] c.h.i.mapper.ItemMapper.selectBatchIds   : ==>  Preparing: SELECT id,name,price,stock,image,category,brand,spec,sold,comment_count,isAD,status,create_time,update_time,creater,updater FROM item WHERE id IN ( ? , ? , ? )
16:46:51:631 DEBUG 25524 --- [http-nio-8083-exec-10] c.h.i.mapper.ItemMapper.selectBatchIds   : ==> Parameters: 100000006163(Long), 100001511821(Long), 2120808(Long)
16:46:51:632 DEBUG 25524 --- [http-nio-8083-exec-10] c.h.i.mapper.ItemMapper.selectBatchIds   : <==      Total: 3
16:46:52:033 DEBUG 24476 --- [http-nio-8081-exec-1] c.h.i.mapper.ItemMapper.selectBatchIds   : ==>  Preparing: SELECT id,name,price,stock,image,category,brand,spec,sold,comment_count,isAD,status,create_time,update_time,creater,updater FROM item WHERE id IN ( ? , ? , ? )
16:46:52:033 DEBUG 24476 --- [http-nio-8081-exec-1] c.h.i.mapper.ItemMapper.selectBatchIds   : ==> Parameters: 100000006163(Long), 100001511821(Long), 2120808(Long)
16:46:52:033 DEBUG 24476 --- [http-nio-8081-exec-1] c.h.i.mapper.ItemMapper.selectBatchIds   : <==      Total: 3
16:46:52:132 DEBUG 25524 --- [http-nio-8083-exec-1] c.h.i.mapper.ItemMapper.selectBatchIds   : ==>  Preparing: SELECT id,name,price,stock,image,category,brand,spec,sold,comment_count,isAD,status,create_time,update_time,creater,updater FROM item WHERE id IN ( ? , ? , ? )
16:46:52:132 DEBUG 25524 --- [http-nio-8083-exec-1] c.h.i.mapper.ItemMapper.selectBatchIds   : ==> Parameters: 100000006163(Long), 100001511821(Long), 2120808(Long)
16:46:52:133 DEBUG 25524 --- [http-nio-8083-exec-1] c.h.i.mapper.ItemMapper.selectBatchIds   : <==      Total: 3
16:46:52:232 DEBUG 24476 --- [http-nio-8081-exec-2] c.h.i.mapper.ItemMapper.selectBatchIds   : ==>  Preparing: SELECT id,name,price,stock,image,category,brand,spec,sold,comment_count,isAD,status,create_time,update_time,creater,updater FROM item WHERE id IN ( ? , ? , ? )
16:46:52:232 DEBUG 24476 --- [http-nio-8081-exec-2] c.h.i.mapper.ItemMapper.selectBatchIds   : ==> Parameters: 100000006163(Long), 100001511821(Long), 2120808(Long)
16:46:52:233 DEBUG 24476 --- [http-nio-8081-exec-2] c.h.i.mapper.ItemMapper.selectBatchIds   : <==      Total: 3
16:46:52:332 DEBUG 25524 --- [http-nio-8083-exec-2] c.h.i.mapper.ItemMapper.selectBatchIds   : ==>  Preparing: SELECT id,name,price,stock,image,category,brand,spec,sold,comment_count,isAD,status,create_time,update_time,creater,updater FROM item WHERE id IN ( ? , ? , ? )
16:46:52:332 DEBUG 25524 --- [http-nio-8083-exec-2] c.h.i.mapper.ItemMapper.selectBatchIds   : ==> Parameters: 100000006163(Long), 100001511821(Long), 2120808(Long)
16:46:52:334 DEBUG 25524 --- [http-nio-8083-exec-2] c.h.i.mapper.ItemMapper.selectBatchIds   : <==      Total: 3
16:46:52:533 DEBUG 24476 --- [http-nio-8081-exec-3] c.h.i.mapper.ItemMapper.selectBatchIds   : ==>  Preparing: SELECT id,name,price,stock,image,category,brand,spec,sold,comment_count,isAD,status,create_time,update_time,creater,updater FROM item WHERE id IN ( ? , ? , ? )
16:46:52:533 DEBUG 24476 --- [http-nio-8081-exec-3] c.h.i.mapper.ItemMapper.selectBatchIds   : ==> Parameters: 100000006163(Long), 100001511821(Long), 2120808(Long)
16:46:52:535 DEBUG 24476 --- [http-nio-8081-exec-3] c.h.i.mapper.ItemMapper.selectBatchIds   : <==      Total: 3
16:46:52:632 DEBUG 25524 --- [http-nio-8083-exec-3] c.h.i.mapper.ItemMapper.selectBatchIds   : ==>  Preparing: SELECT id,name,price,stock,image,category,brand,spec,sold,comment_count,isAD,status,create_time,update_time,creater,updater FROM item WHERE id IN ( ? , ? , ? )
16:46:52:632 DEBUG 25524 --- [http-nio-8083-exec-3] c.h.i.mapper.ItemMapper.selectBatchIds   : ==> Parameters: 100000006163(Long), 100001511821(Long), 2120808(Long)
16:46:52:633 DEBUG 25524 --- [http-nio-8083-exec-3] c.h.i.mapper.ItemMapper.selectBatchIds   : <==      Total: 3
16:46:53:031 DEBUG 24476 --- [http-nio-8081-exec-4] c.h.i.mapper.ItemMapper.selectBatchIds   : ==>  Preparing: SELECT id,name,price,stock,image,category,brand,spec,sold,comment_count,isAD,status,create_time,update_time,creater,updater FROM item WHERE id IN ( ? , ? , ? )
16:46:53:031 DEBUG 24476 --- [http-nio-8081-exec-4] c.h.i.mapper.ItemMapper.selectBatchIds   : ==> Parameters: 100000006163(Long), 100001511821(Long), 2120808(Long)
16:46:53:032 DEBUG 24476 --- [http-nio-8081-exec-4] c.h.i.mapper.ItemMapper.selectBatchIds   : <==      Total: 3
16:46:53:131 DEBUG 25524 --- [http-nio-8083-exec-4] c.h.i.mapper.ItemMapper.selectBatchIds   : ==>  Preparing: SELECT id,name,price,stock,image,category,brand,spec,sold,comment_count,isAD,status,create_time,update_time,creater,updater FROM item WHERE id IN ( ? , ? , ? )
16:46:53:131 DEBUG 25524 --- [http-nio-8083-exec-4] c.h.i.mapper.ItemMapper.selectBatchIds   : ==> Parameters: 100000006163(Long), 100001511821(Long), 2120808(Long)
16:46:53:133 DEBUG 25524 --- [http-nio-8083-exec-4] c.h.i.mapper.ItemMapper.selectBatchIds   : <==      Total: 3
16:46:53:233 DEBUG 24476 --- [http-nio-8081-exec-5] c.h.i.mapper.ItemMapper.selectBatchIds   : ==>  Preparing: SELECT id,name,price,stock,image,category,brand,spec,sold,comment_count,isAD,status,create_time,update_time,creater,updater FROM item WHERE id IN ( ? , ? , ? )
16:46:53:233 DEBUG 24476 --- [http-nio-8081-exec-5] c.h.i.mapper.ItemMapper.selectBatchIds   : ==> Parameters: 100000006163(Long), 100001511821(Long), 2120808(Long)
16:46:53:234 DEBUG 24476 --- [http-nio-8081-exec-5] c.h.i.mapper.ItemMapper.selectBatchIds   : <==      Total: 3
16:46:53:334 DEBUG 25524 --- [http-nio-8083-exec-6] c.h.i.mapper.ItemMapper.selectBatchIds   : ==>  Preparing: SELECT id,name,price,stock,image,category,brand,spec,sold,comment_count,isAD,status,create_time,update_time,creater,updater FROM item WHERE id IN ( ? , ? , ? )
16:46:53:334 DEBUG 25524 --- [http-nio-8083-exec-6] c.h.i.mapper.ItemMapper.selectBatchIds   : ==> Parameters: 100000006163(Long), 100001511821(Long), 2120808(Long)
16:46:53:335 DEBUG 25524 --- [http-nio-8083-exec-6] c.h.i.mapper.ItemMapper.selectBatchIds   : <==      Total: 3
16:46:53:532 DEBUG 24476 --- [http-nio-8081-exec-6] c.h.i.mapper.ItemMapper.selectBatchIds   : ==>  Preparing: SELECT id,name,price,stock,image,category,brand,spec,sold,comment_count,isAD,status,create_time,update_time,creater,updater FROM item WHERE id IN ( ? , ? , ? )
16:46:53:532 DEBUG 24476 --- [http-nio-8081-exec-6] c.h.i.mapper.ItemMapper.selectBatchIds   : ==> Parameters: 100000006163(Long), 100001511821(Long), 2120808(Long)
16:46:53:534 DEBUG 24476 --- [http-nio-8081-exec-6] c.h.i.mapper.ItemMapper.selectBatchIds   : <==      Total: 3
16:46:53:631 DEBUG 25524 --- [http-nio-8083-exec-5] c.h.i.mapper.ItemMapper.selectBatchIds   : ==>  Preparing: SELECT id,name,price,stock,image,category,brand,spec,sold,comment_count,isAD,status,create_time,update_time,creater,updater FROM item WHERE id IN ( ? , ? , ? )
16:46:53:632 DEBUG 25524 --- [http-nio-8083-exec-5] c.h.i.mapper.ItemMapper.selectBatchIds   : ==> Parameters: 100000006163(Long), 100001511821(Long), 2120808(Long)
16:46:53:633 DEBUG 25524 --- [http-nio-8083-exec-5] c.h.i.mapper.ItemMapper.selectBatchIds   : <==      Total: 3
16:46:54:032 DEBUG 24476 --- [http-nio-8081-exec-7] c.h.i.mapper.ItemMapper.selectBatchIds   : ==>  Preparing: SELECT id,name,price,stock,image,category,brand,spec,sold,comment_count,isAD,status,create_time,update_time,creater,updater FROM item WHERE id IN ( ? , ? , ? )
16:46:54:032 DEBUG 24476 --- [http-nio-8081-exec-7] c.h.i.mapper.ItemMapper.selectBatchIds   : ==> Parameters: 100000006163(Long), 100001511821(Long), 2120808(Long)
16:46:54:033 DEBUG 24476 --- [http-nio-8081-exec-7] c.h.i.mapper.ItemMapper.selectBatchIds   : <==      Total: 3
16:46:54:133 DEBUG 25524 --- [http-nio-8083-exec-9] c.h.i.mapper.ItemMapper.selectBatchIds   : ==>  Preparing: SELECT id,name,price,stock,image,category,brand,spec,sold,comment_count,isAD,status,create_time,update_time,creater,updater FROM item WHERE id IN ( ? , ? , ? )
16:46:54:133 DEBUG 25524 --- [http-nio-8083-exec-9] c.h.i.mapper.ItemMapper.selectBatchIds   : ==> Parameters: 100000006163(Long), 100001511821(Long), 2120808(Long)
16:46:54:134 DEBUG 25524 --- [http-nio-8083-exec-9] c.h.i.mapper.ItemMapper.selectBatchIds   : <==      Total: 3
16:46:54:232 DEBUG 24476 --- [http-nio-8081-exec-8] c.h.i.mapper.ItemMapper.selectBatchIds   : ==>  Preparing: SELECT id,name,price,stock,image,category,brand,spec,sold,comment_count,isAD,status,create_time,update_time,creater,updater FROM item WHERE id IN ( ? , ? , ? )
16:46:54:236 DEBUG 24476 --- [http-nio-8081-exec-8] c.h.i.mapper.ItemMapper.selectBatchIds   : ==> Parameters: 100000006163(Long), 100001511821(Long), 2120808(Long)
16:46:54:237 DEBUG 24476 --- [http-nio-8081-exec-8] c.h.i.mapper.ItemMapper.selectBatchIds   : <==      Total: 3
16:46:54:334 DEBUG 25524 --- [http-nio-8083-exec-8] c.h.i.mapper.ItemMapper.selectBatchIds   : ==>  Preparing: SELECT id,name,price,stock,image,category,brand,spec,sold,comment_count,isAD,status,create_time,update_time,creater,updater FROM item WHERE id IN ( ? , ? , ? )
16:46:54:334 DEBUG 25524 --- [http-nio-8083-exec-8] c.h.i.mapper.ItemMapper.selectBatchIds   : ==> Parameters: 100000006163(Long), 100001511821(Long), 2120808(Long)
16:46:54:336 DEBUG 25524 --- [http-nio-8083-exec-8] c.h.i.mapper.ItemMapper.selectBatchIds   : <==      Total: 3
16:46:54:532 DEBUG 24476 --- [http-nio-8081-exec-9] c.h.i.mapper.ItemMapper.selectBatchIds   : ==>  Preparing: SELECT id,name,price,stock,image,category,brand,spec,sold,comment_count,isAD,status,create_time,update_time,creater,updater FROM item WHERE id IN ( ? , ? , ? )
16:46:54:532 DEBUG 24476 --- [http-nio-8081-exec-9] c.h.i.mapper.ItemMapper.selectBatchIds   : ==> Parameters: 100000006163(Long), 100001511821(Long), 2120808(Long)
16:46:54:533 DEBUG 24476 --- [http-nio-8081-exec-9] c.h.i.mapper.ItemMapper.selectBatchIds   : <==      Total: 3
16:46:54:631 DEBUG 25524 --- [http-nio-8083-exec-7] c.h.i.mapper.ItemMapper.selectBatchIds   : ==>  Preparing: SELECT id,name,price,stock,image,category,brand,spec,sold,comment_count,isAD,status,create_time,update_time,creater,updater FROM item WHERE id IN ( ? , ? , ? )
16:46:54:632 DEBUG 25524 --- [http-nio-8083-exec-7] c.h.i.mapper.ItemMapper.selectBatchIds   : ==> Parameters: 100000006163(Long), 100001511821(Long), 2120808(Long)
16:46:54:632 DEBUG 25524 --- [http-nio-8083-exec-7] c.h.i.mapper.ItemMapper.selectBatchIds   : <==      Total: 3
16:46:55:031 DEBUG 24476 --- [http-nio-8081-exec-10] c.h.i.mapper.ItemMapper.selectBatchIds   : ==>  Preparing: SELECT id,name,price,stock,image,category,brand,spec,sold,comment_count,isAD,status,create_time,update_time,creater,updater FROM item WHERE id IN ( ? , ? , ? )
16:46:55:031 DEBUG 24476 --- [http-nio-8081-exec-10] c.h.i.mapper.ItemMapper.selectBatchIds   : ==> Parameters: 100000006163(Long), 100001511821(Long), 2120808(Long)
16:46:55:032 DEBUG 24476 --- [http-nio-8081-exec-10] c.h.i.mapper.ItemMapper.selectBatchIds   : <==      Total: 3
16:46:55:131 DEBUG 25524 --- [http-nio-8083-exec-10] c.h.i.mapper.ItemMapper.selectBatchIds   : ==>  Preparing: SELECT id,name,price,stock,image,category,brand,spec,sold,comment_count,isAD,status,create_time,update_time,creater,updater FROM item WHERE id IN ( ? , ? , ? )
16:46:55:131 DEBUG 25524 --- [http-nio-8083-exec-10] c.h.i.mapper.ItemMapper.selectBatchIds   : ==> Parameters: 100000006163(Long), 100001511821(Long), 2120808(Long)
16:46:55:132 DEBUG 25524 --- [http-nio-8083-exec-10] c.h.i.mapper.ItemMapper.selectBatchIds   : <==      Total: 3
16:46:55:232 DEBUG 24476 --- [http-nio-8081-exec-1] c.h.i.mapper.ItemMapper.selectBatchIds   : ==>  Preparing: SELECT id,name,price,stock,image,category,brand,spec,sold,comment_count,isAD,status,create_time,update_time,creater,updater FROM item WHERE id IN ( ? , ? , ? )
16:46:55:232 DEBUG 24476 --- [http-nio-8081-exec-1] c.h.i.mapper.ItemMapper.selectBatchIds   : ==> Parameters: 100000006163(Long), 100001511821(Long), 2120808(Long)
16:46:55:233 DEBUG 24476 --- [http-nio-8081-exec-1] c.h.i.mapper.ItemMapper.selectBatchIds   : <==      Total: 3
16:46:55:333 DEBUG 25524 --- [http-nio-8083-exec-1] c.h.i.mapper.ItemMapper.selectBatchIds   : ==>  Preparing: SELECT id,name,price,stock,image,category,brand,spec,sold,comment_count,isAD,status,create_time,update_time,creater,updater FROM item WHERE id IN ( ? , ? , ? )
16:46:55:333 DEBUG 25524 --- [http-nio-8083-exec-1] c.h.i.mapper.ItemMapper.selectBatchIds   : ==> Parameters: 100000006163(Long), 100001511821(Long), 2120808(Long)
16:46:55:334 DEBUG 25524 --- [http-nio-8083-exec-1] c.h.i.mapper.ItemMapper.selectBatchIds   : <==      Total: 3
16:46:55:532 DEBUG 24476 --- [http-nio-8081-exec-2] c.h.i.mapper.ItemMapper.selectBatchIds   : ==>  Preparing: SELECT id,name,price,stock,image,category,brand,spec,sold,comment_count,isAD,status,create_time,update_time,creater,updater FROM item WHERE id IN ( ? , ? , ? )
16:46:55:532 DEBUG 24476 --- [http-nio-8081-exec-2] c.h.i.mapper.ItemMapper.selectBatchIds   : ==> Parameters: 100000006163(Long), 100001511821(Long), 2120808(Long)
16:46:55:533 DEBUG 24476 --- [http-nio-8081-exec-2] c.h.i.mapper.ItemMapper.selectBatchIds   : <==      Total: 3
16:46:55:631 DEBUG 25524 --- [http-nio-8083-exec-2] c.h.i.mapper.ItemMapper.selectBatchIds   : ==>  Preparing: SELECT id,name,price,stock,image,category,brand,spec,sold,comment_count,isAD,status,create_time,update_time,creater,updater FROM item WHERE id IN ( ? , ? , ? )
16:46:55:631 DEBUG 25524 --- [http-nio-8083-exec-2] c.h.i.mapper.ItemMapper.selectBatchIds   : ==> Parameters: 100000006163(Long), 100001511821(Long), 2120808(Long)
16:46:55:632 DEBUG 25524 --- [http-nio-8083-exec-2] c.h.i.mapper.ItemMapper.selectBatchIds   : <==      Total: 3
16:46:56:031 DEBUG 24476 --- [http-nio-8081-exec-3] c.h.i.mapper.ItemMapper.selectBatchIds   : ==>  Preparing: SELECT id,name,price,stock,image,category,brand,spec,sold,comment_count,isAD,status,create_time,update_time,creater,updater FROM item WHERE id IN ( ? , ? , ? )
16:46:56:031 DEBUG 24476 --- [http-nio-8081-exec-3] c.h.i.mapper.ItemMapper.selectBatchIds   : ==> Parameters: 100000006163(Long), 100001511821(Long), 2120808(Long)
16:46:56:033 DEBUG 24476 --- [http-nio-8081-exec-3] c.h.i.mapper.ItemMapper.selectBatchIds   : <==      Total: 3
16:46:56:141 DEBUG 25524 --- [http-nio-8083-exec-3] c.h.i.mapper.ItemMapper.selectBatchIds   : ==>  Preparing: SELECT id,name,price,stock,image,category,brand,spec,sold,comment_count,isAD,status,create_time,update_time,creater,updater FROM item WHERE id IN ( ? , ? , ? )
16:46:56:142 DEBUG 25524 --- [http-nio-8083-exec-3] c.h.i.mapper.ItemMapper.selectBatchIds   : ==> Parameters: 100000006163(Long), 100001511821(Long), 2120808(Long)
16:46:56:142 DEBUG 25524 --- [http-nio-8083-exec-3] c.h.i.mapper.ItemMapper.selectBatchIds   : <==      Total: 3
16:46:56:232 DEBUG 24476 --- [http-nio-8081-exec-4] c.h.i.mapper.ItemMapper.selectBatchIds   : ==>  Preparing: SELECT id,name,price,stock,image,category,brand,spec,sold,comment_count,isAD,status,create_time,update_time,creater,updater FROM item WHERE id IN ( ? , ? , ? )
16:46:56:233 DEBUG 24476 --- [http-nio-8081-exec-4] c.h.i.mapper.ItemMapper.selectBatchIds   : ==> Parameters: 100000006163(Long), 100001511821(Long), 2120808(Long)
16:46:56:234 DEBUG 24476 --- [http-nio-8081-exec-4] c.h.i.mapper.ItemMapper.selectBatchIds   : <==      Total: 3
16:46:56:344 DEBUG 25524 --- [http-nio-8083-exec-4] c.h.i.mapper.ItemMapper.selectBatchIds   : ==>  Preparing: SELECT id,name,price,stock,image,category,brand,spec,sold,comment_count,isAD,status,create_time,update_time,creater,updater FROM item WHERE id IN ( ? , ? , ? )
16:46:56:344 DEBUG 25524 --- [http-nio-8083-exec-4] c.h.i.mapper.ItemMapper.selectBatchIds   : ==> Parameters: 100000006163(Long), 100001511821(Long), 2120808(Long)
16:46:56:345 DEBUG 25524 --- [http-nio-8083-exec-4] c.h.i.mapper.ItemMapper.selectBatchIds   : <==      Total: 3
16:46:56:531 DEBUG 24476 --- [http-nio-8081-exec-5] c.h.i.mapper.ItemMapper.selectBatchIds   : ==>  Preparing: SELECT id,name,price,stock,image,category,brand,spec,sold,comment_count,isAD,status,create_time,update_time,creater,updater FROM item WHERE id IN ( ? , ? , ? )
16:46:56:531 DEBUG 24476 --- [http-nio-8081-exec-5] c.h.i.mapper.ItemMapper.selectBatchIds   : ==> Parameters: 100000006163(Long), 100001511821(Long), 2120808(Long)
16:46:56:533 DEBUG 24476 --- [http-nio-8081-exec-5] c.h.i.mapper.ItemMapper.selectBatchIds   : <==      Total: 3
16:46:56:632 DEBUG 25524 --- [http-nio-8083-exec-6] c.h.i.mapper.ItemMapper.selectBatchIds   : ==>  Preparing: SELECT id,name,price,stock,image,category,brand,spec,sold,comment_count,isAD,status,create_time,update_time,creater,updater FROM item WHERE id IN ( ? , ? , ? )
16:46:56:632 DEBUG 25524 --- [http-nio-8083-exec-6] c.h.i.mapper.ItemMapper.selectBatchIds   : ==> Parameters: 100000006163(Long), 100001511821(Long), 2120808(Long)
16:46:56:633 DEBUG 25524 --- [http-nio-8083-exec-6] c.h.i.mapper.ItemMapper.selectBatchIds   : <==      Total: 3
16:46:57:032 DEBUG 24476 --- [http-nio-8081-exec-6] c.h.i.mapper.ItemMapper.selectBatchIds   : ==>  Preparing: SELECT id,name,price,stock,image,category,brand,spec,sold,comment_count,isAD,status,create_time,update_time,creater,updater FROM item WHERE id IN ( ? , ? , ? )
16:46:57:032 DEBUG 24476 --- [http-nio-8081-exec-6] c.h.i.mapper.ItemMapper.selectBatchIds   : ==> Parameters: 100000006163(Long), 100001511821(Long), 2120808(Long)
16:46:57:034 DEBUG 24476 --- [http-nio-8081-exec-6] c.h.i.mapper.ItemMapper.selectBatchIds   : <==      Total: 3
16:46:57:132 DEBUG 25524 --- [http-nio-8083-exec-5] c.h.i.mapper.ItemMapper.selectBatchIds   : ==>  Preparing: SELECT id,name,price,stock,image,category,brand,spec,sold,comment_count,isAD,status,create_time,update_time,creater,updater FROM item WHERE id IN ( ? , ? , ? )
16:46:57:132 DEBUG 25524 --- [http-nio-8083-exec-5] c.h.i.mapper.ItemMapper.selectBatchIds   : ==> Parameters: 100000006163(Long), 100001511821(Long), 2120808(Long)
16:46:57:133 DEBUG 25524 --- [http-nio-8083-exec-5] c.h.i.mapper.ItemMapper.selectBatchIds   : <==      Total: 3
16:46:57:232 DEBUG 24476 --- [http-nio-8081-exec-7] c.h.i.mapper.ItemMapper.selectBatchIds   : ==>  Preparing: SELECT id,name,price,stock,image,category,brand,spec,sold,comment_count,isAD,status,create_time,update_time,creater,updater FROM item WHERE id IN ( ? , ? , ? )
16:46:57:232 DEBUG 24476 --- [http-nio-8081-exec-7] c.h.i.mapper.ItemMapper.selectBatchIds   : ==> Parameters: 100000006163(Long), 100001511821(Long), 2120808(Long)
16:46:57:233 DEBUG 24476 --- [http-nio-8081-exec-7] c.h.i.mapper.ItemMapper.selectBatchIds   : <==      Total: 3
16:46:57:334 DEBUG 25524 --- [http-nio-8083-exec-9] c.h.i.mapper.ItemMapper.selectBatchIds   : ==>  Preparing: SELECT id,name,price,stock,image,category,brand,spec,sold,comment_count,isAD,status,create_time,update_time,creater,updater FROM item WHERE id IN ( ? , ? , ? )
16:46:57:334 DEBUG 25524 --- [http-nio-8083-exec-9] c.h.i.mapper.ItemMapper.selectBatchIds   : ==> Parameters: 100000006163(Long), 100001511821(Long), 2120808(Long)
16:46:57:335 DEBUG 25524 --- [http-nio-8083-exec-9] c.h.i.mapper.ItemMapper.selectBatchIds   : <==      Total: 3
16:46:57:532 DEBUG 24476 --- [http-nio-8081-exec-8] c.h.i.mapper.ItemMapper.selectBatchIds   : ==>  Preparing: SELECT id,name,price,stock,image,category,brand,spec,sold,comment_count,isAD,status,create_time,update_time,creater,updater FROM item WHERE id IN ( ? , ? , ? )
16:46:57:532 DEBUG 24476 --- [http-nio-8081-exec-8] c.h.i.mapper.ItemMapper.selectBatchIds   : ==> Parameters: 100000006163(Long), 100001511821(Long), 2120808(Long)
16:46:57:534 DEBUG 24476 --- [http-nio-8081-exec-8] c.h.i.mapper.ItemMapper.selectBatchIds   : <==      Total: 3
16:46:57:632 DEBUG 25524 --- [http-nio-8083-exec-8] c.h.i.mapper.ItemMapper.selectBatchIds   : ==>  Preparing: SELECT id,name,price,stock,image,category,brand,spec,sold,comment_count,isAD,status,create_time,update_time,creater,updater FROM item WHERE id IN ( ? , ? , ? )
16:46:57:632 DEBUG 25524 --- [http-nio-8083-exec-8] c.h.i.mapper.ItemMapper.selectBatchIds   : ==> Parameters: 100000006163(Long), 100001511821(Long), 2120808(Long)
16:46:57:633 DEBUG 25524 --- [http-nio-8083-exec-8] c.h.i.mapper.ItemMapper.selectBatchIds   : <==      Total: 3
16:46:58:031 DEBUG 24476 --- [http-nio-8081-exec-9] c.h.i.mapper.ItemMapper.selectBatchIds   : ==>  Preparing: SELECT id,name,price,stock,image,category,brand,spec,sold,comment_count,isAD,status,create_time,update_time,creater,updater FROM item WHERE id IN ( ? , ? , ? )
16:46:58:031 DEBUG 24476 --- [http-nio-8081-exec-9] c.h.i.mapper.ItemMapper.selectBatchIds   : ==> Parameters: 100000006163(Long), 100001511821(Long), 2120808(Long)
16:46:58:032 DEBUG 24476 --- [http-nio-8081-exec-9] c.h.i.mapper.ItemMapper.selectBatchIds   : <==      Total: 3
16:46:58:133 DEBUG 25524 --- [http-nio-8083-exec-7] c.h.i.mapper.ItemMapper.selectBatchIds   : ==>  Preparing: SELECT id,name,price,stock,image,category,brand,spec,sold,comment_count,isAD,status,create_time,update_time,creater,updater FROM item WHERE id IN ( ? , ? , ? )
16:46:58:133 DEBUG 25524 --- [http-nio-8083-exec-7] c.h.i.mapper.ItemMapper.selectBatchIds   : ==> Parameters: 100000006163(Long), 100001511821(Long), 2120808(Long)
16:46:58:134 DEBUG 25524 --- [http-nio-8083-exec-7] c.h.i.mapper.ItemMapper.selectBatchIds   : <==      Total: 3
16:46:58:233 DEBUG 24476 --- [http-nio-8081-exec-10] c.h.i.mapper.ItemMapper.selectBatchIds   : ==>  Preparing: SELECT id,name,price,stock,image,category,brand,spec,sold,comment_count,isAD,status,create_time,update_time,creater,updater FROM item WHERE id IN ( ? , ? , ? )
16:46:58:234 DEBUG 24476 --- [http-nio-8081-exec-10] c.h.i.mapper.ItemMapper.selectBatchIds   : ==> Parameters: 100000006163(Long), 100001511821(Long), 2120808(Long)
16:46:58:235 DEBUG 24476 --- [http-nio-8081-exec-10] c.h.i.mapper.ItemMapper.selectBatchIds   : <==      Total: 3
16:46:58:331 DEBUG 25524 --- [http-nio-8083-exec-10] c.h.i.mapper.ItemMapper.selectBatchIds   : ==>  Preparing: SELECT id,name,price,stock,image,category,brand,spec,sold,comment_count,isAD,status,create_time,update_time,creater,updater FROM item WHERE id IN ( ? , ? , ? )
16:46:58:331 DEBUG 25524 --- [http-nio-8083-exec-10] c.h.i.mapper.ItemMapper.selectBatchIds   : ==> Parameters: 100000006163(Long), 100001511821(Long), 2120808(Long)
16:46:58:333 DEBUG 25524 --- [http-nio-8083-exec-10] c.h.i.mapper.ItemMapper.selectBatchIds   : <==      Total: 3
16:46:58:530 DEBUG 24476 --- [http-nio-8081-exec-1] c.h.i.mapper.ItemMapper.selectBatchIds   : ==>  Preparing: SELECT id,name,price,stock,image,category,brand,spec,sold,comment_count,isAD,status,create_time,update_time,creater,updater FROM item WHERE id IN ( ? , ? , ? )
16:46:58:530 DEBUG 24476 --- [http-nio-8081-exec-1] c.h.i.mapper.ItemMapper.selectBatchIds   : ==> Parameters: 100000006163(Long), 100001511821(Long), 2120808(Long)
16:46:58:533 DEBUG 24476 --- [http-nio-8081-exec-1] c.h.i.mapper.ItemMapper.selectBatchIds   : <==      Total: 3
16:46:58:630 DEBUG 25524 --- [http-nio-8083-exec-1] c.h.i.mapper.ItemMapper.selectBatchIds   : ==>  Preparing: SELECT id,name,price,stock,image,category,brand,spec,sold,comment_count,isAD,status,create_time,update_time,creater,updater FROM item WHERE id IN ( ? , ? , ? )
16:46:58:630 DEBUG 25524 --- [http-nio-8083-exec-1] c.h.i.mapper.ItemMapper.selectBatchIds   : ==> Parameters: 100000006163(Long), 100001511821(Long), 2120808(Long)
16:46:58:631 DEBUG 25524 --- [http-nio-8083-exec-1] c.h.i.mapper.ItemMapper.selectBatchIds   : <==      Total: 3
16:46:59:032 DEBUG 24476 --- [http-nio-8081-exec-2] c.h.i.mapper.ItemMapper.selectBatchIds   : ==>  Preparing: SELECT id,name,price,stock,image,category,brand,spec,sold,comment_count,isAD,status,create_time,update_time,creater,updater FROM item WHERE id IN ( ? , ? , ? )
16:46:59:032 DEBUG 24476 --- [http-nio-8081-exec-2] c.h.i.mapper.ItemMapper.selectBatchIds   : ==> Parameters: 100000006163(Long), 100001511821(Long), 2120808(Long)
16:46:59:033 DEBUG 24476 --- [http-nio-8081-exec-2] c.h.i.mapper.ItemMapper.selectBatchIds   : <==      Total: 3
16:46:59:129 DEBUG 25524 --- [http-nio-8083-exec-2] c.h.i.mapper.ItemMapper.selectBatchIds   : ==>  Preparing: SELECT id,name,price,stock,image,category,brand,spec,sold,comment_count,isAD,status,create_time,update_time,creater,updater FROM item WHERE id IN ( ? , ? , ? )
16:46:59:129 DEBUG 25524 --- [http-nio-8083-exec-2] c.h.i.mapper.ItemMapper.selectBatchIds   : ==> Parameters: 100000006163(Long), 100001511821(Long), 2120808(Long)
16:46:59:130 DEBUG 25524 --- [http-nio-8083-exec-2] c.h.i.mapper.ItemMapper.selectBatchIds   : <==      Total: 3
16:46:59:233 DEBUG 24476 --- [http-nio-8081-exec-3] c.h.i.mapper.ItemMapper.selectBatchIds   : ==>  Preparing: SELECT id,name,price,stock,image,category,brand,spec,sold,comment_count,isAD,status,create_time,update_time,creater,updater FROM item WHERE id IN ( ? , ? , ? )
16:46:59:233 DEBUG 24476 --- [http-nio-8081-exec-3] c.h.i.mapper.ItemMapper.selectBatchIds   : ==> Parameters: 100000006163(Long), 100001511821(Long), 2120808(Long)
16:46:59:234 DEBUG 24476 --- [http-nio-8081-exec-3] c.h.i.mapper.ItemMapper.selectBatchIds   : <==      Total: 3
16:46:59:331 DEBUG 25524 --- [http-nio-8083-exec-3] c.h.i.mapper.ItemMapper.selectBatchIds   : ==>  Preparing: SELECT id,name,price,stock,image,category,brand,spec,sold,comment_count,isAD,status,create_time,update_time,creater,updater FROM item WHERE id IN ( ? , ? , ? )
16:46:59:331 DEBUG 25524 --- [http-nio-8083-exec-3] c.h.i.mapper.ItemMapper.selectBatchIds   : ==> Parameters: 100000006163(Long), 100001511821(Long), 2120808(Long)
16:46:59:332 DEBUG 25524 --- [http-nio-8083-exec-3] c.h.i.mapper.ItemMapper.selectBatchIds   : <==      Total: 3
16:46:59:532 DEBUG 24476 --- [http-nio-8081-exec-4] c.h.i.mapper.ItemMapper.selectBatchIds   : ==>  Preparing: SELECT id,name,price,stock,image,category,brand,spec,sold,comment_count,isAD,status,create_time,update_time,creater,updater FROM item WHERE id IN ( ? , ? , ? )
16:46:59:532 DEBUG 24476 --- [http-nio-8081-exec-4] c.h.i.mapper.ItemMapper.selectBatchIds   : ==> Parameters: 100000006163(Long), 100001511821(Long), 2120808(Long)
16:46:59:534 DEBUG 24476 --- [http-nio-8081-exec-4] c.h.i.mapper.ItemMapper.selectBatchIds   : <==      Total: 3
16:46:59:630 DEBUG 25524 --- [http-nio-8083-exec-4] c.h.i.mapper.ItemMapper.selectBatchIds   : ==>  Preparing: SELECT id,name,price,stock,image,category,brand,spec,sold,comment_count,isAD,status,create_time,update_time,creater,updater FROM item WHERE id IN ( ? , ? , ? )
16:46:59:630 DEBUG 25524 --- [http-nio-8083-exec-4] c.h.i.mapper.ItemMapper.selectBatchIds   : ==> Parameters: 100000006163(Long), 100001511821(Long), 2120808(Long)
16:46:59:632 DEBUG 25524 --- [http-nio-8083-exec-4] c.h.i.mapper.ItemMapper.selectBatchIds   : <==      Total: 3
16:47:00:032 DEBUG 24476 --- [http-nio-8081-exec-5] c.h.i.mapper.ItemMapper.selectBatchIds   : ==>  Preparing: SELECT id,name,price,stock,image,category,brand,spec,sold,comment_count,isAD,status,create_time,update_time,creater,updater FROM item WHERE id IN ( ? , ? , ? )
16:47:00:032 DEBUG 24476 --- [http-nio-8081-exec-5] c.h.i.mapper.ItemMapper.selectBatchIds   : ==> Parameters: 100000006163(Long), 100001511821(Long), 2120808(Long)
16:47:00:034 DEBUG 24476 --- [http-nio-8081-exec-5] c.h.i.mapper.ItemMapper.selectBatchIds   : <==      Total: 3
16:47:00:132 DEBUG 25524 --- [http-nio-8083-exec-6] c.h.i.mapper.ItemMapper.selectBatchIds   : ==>  Preparing: SELECT id,name,price,stock,image,category,brand,spec,sold,comment_count,isAD,status,create_time,update_time,creater,updater FROM item WHERE id IN ( ? , ? , ? )
16:47:00:132 DEBUG 25524 --- [http-nio-8083-exec-6] c.h.i.mapper.ItemMapper.selectBatchIds   : ==> Parameters: 100000006163(Long), 100001511821(Long), 2120808(Long)
16:47:00:133 DEBUG 25524 --- [http-nio-8083-exec-6] c.h.i.mapper.ItemMapper.selectBatchIds   : <==      Total: 3
16:47:00:231 DEBUG 24476 --- [http-nio-8081-exec-6] c.h.i.mapper.ItemMapper.selectBatchIds   : ==>  Preparing: SELECT id,name,price,stock,image,category,brand,spec,sold,comment_count,isAD,status,create_time,update_time,creater,updater FROM item WHERE id IN ( ? , ? , ? )
16:47:00:231 DEBUG 24476 --- [http-nio-8081-exec-6] c.h.i.mapper.ItemMapper.selectBatchIds   : ==> Parameters: 100000006163(Long), 100001511821(Long), 2120808(Long)
16:47:00:231 DEBUG 24476 --- [http-nio-8081-exec-6] c.h.i.mapper.ItemMapper.selectBatchIds   : <==      Total: 3
16:47:00:333 DEBUG 25524 --- [http-nio-8083-exec-5] c.h.i.mapper.ItemMapper.selectBatchIds   : ==>  Preparing: SELECT id,name,price,stock,image,category,brand,spec,sold,comment_count,isAD,status,create_time,update_time,creater,updater FROM item WHERE id IN ( ? , ? , ? )
16:47:00:333 DEBUG 25524 --- [http-nio-8083-exec-5] c.h.i.mapper.ItemMapper.selectBatchIds   : ==> Parameters: 100000006163(Long), 100001511821(Long), 2120808(Long)
16:47:00:334 DEBUG 25524 --- [http-nio-8083-exec-5] c.h.i.mapper.ItemMapper.selectBatchIds   : <==      Total: 3
16:47:00:531 DEBUG 24476 --- [http-nio-8081-exec-7] c.h.i.mapper.ItemMapper.selectBatchIds   : ==>  Preparing: SELECT id,name,price,stock,image,category,brand,spec,sold,comment_count,isAD,status,create_time,update_time,creater,updater FROM item WHERE id IN ( ? , ? , ? )
16:47:00:531 DEBUG 24476 --- [http-nio-8081-exec-7] c.h.i.mapper.ItemMapper.selectBatchIds   : ==> Parameters: 100000006163(Long), 100001511821(Long), 2120808(Long)
16:47:00:533 DEBUG 24476 --- [http-nio-8081-exec-7] c.h.i.mapper.ItemMapper.selectBatchIds   : <==      Total: 3
16:47:00:631 DEBUG 25524 --- [http-nio-8083-exec-9] c.h.i.mapper.ItemMapper.selectBatchIds   : ==>  Preparing: SELECT id,name,price,stock,image,category,brand,spec,sold,comment_count,isAD,status,create_time,update_time,creater,updater FROM item WHERE id IN ( ? , ? , ? )
16:47:00:631 DEBUG 25524 --- [http-nio-8083-exec-9] c.h.i.mapper.ItemMapper.selectBatchIds   : ==> Parameters: 100000006163(Long), 100001511821(Long), 2120808(Long)
16:47:00:632 DEBUG 25524 --- [http-nio-8083-exec-9] c.h.i.mapper.ItemMapper.selectBatchIds   : <==      Total: 3
16:47:01:044 DEBUG 24476 --- [http-nio-8081-exec-8] c.h.i.mapper.ItemMapper.selectBatchIds   : ==>  Preparing: SELECT id,name,price,stock,image,category,brand,spec,sold,comment_count,isAD,status,create_time,update_time,creater,updater FROM item WHERE id IN ( ? , ? , ? )
16:47:01:044 DEBUG 24476 --- [http-nio-8081-exec-8] c.h.i.mapper.ItemMapper.selectBatchIds   : ==> Parameters: 100000006163(Long), 100001511821(Long), 2120808(Long)
16:47:01:045 DEBUG 24476 --- [http-nio-8081-exec-8] c.h.i.mapper.ItemMapper.selectBatchIds   : <==      Total: 3
16:47:01:139 DEBUG 25524 --- [http-nio-8083-exec-8] c.h.i.mapper.ItemMapper.selectBatchIds   : ==>  Preparing: SELECT id,name,price,stock,image,category,brand,spec,sold,comment_count,isAD,status,create_time,update_time,creater,updater FROM item WHERE id IN ( ? , ? , ? )
16:47:01:139 DEBUG 25524 --- [http-nio-8083-exec-8] c.h.i.mapper.ItemMapper.selectBatchIds   : ==> Parameters: 100000006163(Long), 100001511821(Long), 2120808(Long)
16:47:01:141 DEBUG 25524 --- [http-nio-8083-exec-8] c.h.i.mapper.ItemMapper.selectBatchIds   : <==      Total: 3
16:47:01:230 DEBUG 24476 --- [http-nio-8081-exec-9] c.h.i.mapper.ItemMapper.selectBatchIds   : ==>  Preparing: SELECT id,name,price,stock,image,category,brand,spec,sold,comment_count,isAD,status,create_time,update_time,creater,updater FROM item WHERE id IN ( ? , ? , ? )
16:47:01:230 DEBUG 24476 --- [http-nio-8081-exec-9] c.h.i.mapper.ItemMapper.selectBatchIds   : ==> Parameters: 100000006163(Long), 100001511821(Long), 2120808(Long)
16:47:01:231 DEBUG 24476 --- [http-nio-8081-exec-9] c.h.i.mapper.ItemMapper.selectBatchIds   : <==      Total: 3
16:47:01:333 DEBUG 25524 --- [http-nio-8083-exec-7] c.h.i.mapper.ItemMapper.selectBatchIds   : ==>  Preparing: SELECT id,name,price,stock,image,category,brand,spec,sold,comment_count,isAD,status,create_time,update_time,creater,updater FROM item WHERE id IN ( ? , ? , ? )
16:47:01:333 DEBUG 25524 --- [http-nio-8083-exec-7] c.h.i.mapper.ItemMapper.selectBatchIds   : ==> Parameters: 100000006163(Long), 100001511821(Long), 2120808(Long)
16:47:01:335 DEBUG 25524 --- [http-nio-8083-exec-7] c.h.i.mapper.ItemMapper.selectBatchIds   : <==      Total: 3
16:47:01:531 DEBUG 24476 --- [http-nio-8081-exec-10] c.h.i.mapper.ItemMapper.selectBatchIds   : ==>  Preparing: SELECT id,name,price,stock,image,category,brand,spec,sold,comment_count,isAD,status,create_time,update_time,creater,updater FROM item WHERE id IN ( ? , ? , ? )
16:47:01:531 DEBUG 24476 --- [http-nio-8081-exec-10] c.h.i.mapper.ItemMapper.selectBatchIds   : ==> Parameters: 100000006163(Long), 100001511821(Long), 2120808(Long)
16:47:01:532 DEBUG 24476 --- [http-nio-8081-exec-10] c.h.i.mapper.ItemMapper.selectBatchIds   : <==      Total: 3
16:47:01:633 DEBUG 25524 --- [http-nio-8083-exec-10] c.h.i.mapper.ItemMapper.selectBatchIds   : ==>  Preparing: SELECT id,name,price,stock,image,category,brand,spec,sold,comment_count,isAD,status,create_time,update_time,creater,updater FROM item WHERE id IN ( ? , ? , ? )
16:47:01:633 DEBUG 25524 --- [http-nio-8083-exec-10] c.h.i.mapper.ItemMapper.selectBatchIds   : ==> Parameters: 100000006163(Long), 100001511821(Long), 2120808(Long)
16:47:01:634 DEBUG 25524 --- [http-nio-8083-exec-10] c.h.i.mapper.ItemMapper.selectBatchIds   : <==      Total: 3
16:47:02:032 DEBUG 24476 --- [http-nio-8081-exec-1] c.h.i.mapper.ItemMapper.selectBatchIds   : ==>  Preparing: SELECT id,name,price,stock,image,category,brand,spec,sold,comment_count,isAD,status,create_time,update_time,creater,updater FROM item WHERE id IN ( ? , ? , ? )
16:47:02:032 DEBUG 24476 --- [http-nio-8081-exec-1] c.h.i.mapper.ItemMapper.selectBatchIds   : ==> Parameters: 100000006163(Long), 100001511821(Long), 2120808(Long)
16:47:02:033 DEBUG 24476 --- [http-nio-8081-exec-1] c.h.i.mapper.ItemMapper.selectBatchIds   : <==      Total: 3
16:47:02:137 DEBUG 25524 --- [http-nio-8083-exec-1] c.h.i.mapper.ItemMapper.selectBatchIds   : ==>  Preparing: SELECT id,name,price,stock,image,category,brand,spec,sold,comment_count,isAD,status,create_time,update_time,creater,updater FROM item WHERE id IN ( ? , ? , ? )
16:47:02:137 DEBUG 25524 --- [http-nio-8083-exec-1] c.h.i.mapper.ItemMapper.selectBatchIds   : ==> Parameters: 100000006163(Long), 100001511821(Long), 2120808(Long)
16:47:02:138 DEBUG 25524 --- [http-nio-8083-exec-1] c.h.i.mapper.ItemMapper.selectBatchIds   : <==      Total: 3
16:47:02:232 DEBUG 24476 --- [http-nio-8081-exec-2] c.h.i.mapper.ItemMapper.selectBatchIds   : ==>  Preparing: SELECT id,name,price,stock,image,category,brand,spec,sold,comment_count,isAD,status,create_time,update_time,creater,updater FROM item WHERE id IN ( ? , ? , ? )
16:47:02:232 DEBUG 24476 --- [http-nio-8081-exec-2] c.h.i.mapper.ItemMapper.selectBatchIds   : ==> Parameters: 100000006163(Long), 100001511821(Long), 2120808(Long)
16:47:02:233 DEBUG 24476 --- [http-nio-8081-exec-2] c.h.i.mapper.ItemMapper.selectBatchIds   : <==      Total: 3
16:47:02:332 DEBUG 25524 --- [http-nio-8083-exec-2] c.h.i.mapper.ItemMapper.selectBatchIds   : ==>  Preparing: SELECT id,name,price,stock,image,category,brand,spec,sold,comment_count,isAD,status,create_time,update_time,creater,updater FROM item WHERE id IN ( ? , ? , ? )
16:47:02:332 DEBUG 25524 --- [http-nio-8083-exec-2] c.h.i.mapper.ItemMapper.selectBatchIds   : ==> Parameters: 100000006163(Long), 100001511821(Long), 2120808(Long)
16:47:02:333 DEBUG 25524 --- [http-nio-8083-exec-2] c.h.i.mapper.ItemMapper.selectBatchIds   : <==      Total: 3
16:47:02:534 DEBUG 24476 --- [http-nio-8081-exec-3] c.h.i.mapper.ItemMapper.selectBatchIds   : ==>  Preparing: SELECT id,name,price,stock,image,category,brand,spec,sold,comment_count,isAD,status,create_time,update_time,creater,updater FROM item WHERE id IN ( ? , ? , ? )
16:47:02:534 DEBUG 24476 --- [http-nio-8081-exec-3] c.h.i.mapper.ItemMapper.selectBatchIds   : ==> Parameters: 100000006163(Long), 100001511821(Long), 2120808(Long)
16:47:02:536 DEBUG 24476 --- [http-nio-8081-exec-3] c.h.i.mapper.ItemMapper.selectBatchIds   : <==      Total: 3
16:47:02:633 DEBUG 25524 --- [http-nio-8083-exec-3] c.h.i.mapper.ItemMapper.selectBatchIds   : ==>  Preparing: SELECT id,name,price,stock,image,category,brand,spec,sold,comment_count,isAD,status,create_time,update_time,creater,updater FROM item WHERE id IN ( ? , ? , ? )
16:47:02:633 DEBUG 25524 --- [http-nio-8083-exec-3] c.h.i.mapper.ItemMapper.selectBatchIds   : ==> Parameters: 100000006163(Long), 100001511821(Long), 2120808(Long)
16:47:02:633 DEBUG 25524 --- [http-nio-8083-exec-3] c.h.i.mapper.ItemMapper.selectBatchIds   : <==      Total: 3
16:47:03:031 DEBUG 24476 --- [http-nio-8081-exec-4] c.h.i.mapper.ItemMapper.selectBatchIds   : ==>  Preparing: SELECT id,name,price,stock,image,category,brand,spec,sold,comment_count,isAD,status,create_time,update_time,creater,updater FROM item WHERE id IN ( ? , ? , ? )
16:47:03:033 DEBUG 24476 --- [http-nio-8081-exec-4] c.h.i.mapper.ItemMapper.selectBatchIds   : ==> Parameters: 100000006163(Long), 100001511821(Long), 2120808(Long)
16:47:03:033 DEBUG 24476 --- [http-nio-8081-exec-4] c.h.i.mapper.ItemMapper.selectBatchIds   : <==      Total: 3
16:47:03:132 DEBUG 25524 --- [http-nio-8083-exec-4] c.h.i.mapper.ItemMapper.selectBatchIds   : ==>  Preparing: SELECT id,name,price,stock,image,category,brand,spec,sold,comment_count,isAD,status,create_time,update_time,creater,updater FROM item WHERE id IN ( ? , ? , ? )
16:47:03:132 DEBUG 25524 --- [http-nio-8083-exec-4] c.h.i.mapper.ItemMapper.selectBatchIds   : ==> Parameters: 100000006163(Long), 100001511821(Long), 2120808(Long)
16:47:03:133 DEBUG 25524 --- [http-nio-8083-exec-4] c.h.i.mapper.ItemMapper.selectBatchIds   : <==      Total: 3
16:47:03:232 DEBUG 24476 --- [http-nio-8081-exec-5] c.h.i.mapper.ItemMapper.selectBatchIds   : ==>  Preparing: SELECT id,name,price,stock,image,category,brand,spec,sold,comment_count,isAD,status,create_time,update_time,creater,updater FROM item WHERE id IN ( ? , ? , ? )
16:47:03:232 DEBUG 24476 --- [http-nio-8081-exec-5] c.h.i.mapper.ItemMapper.selectBatchIds   : ==> Parameters: 100000006163(Long), 100001511821(Long), 2120808(Long)
16:47:03:233 DEBUG 24476 --- [http-nio-8081-exec-5] c.h.i.mapper.ItemMapper.selectBatchIds   : <==      Total: 3
16:47:03:333 DEBUG 25524 --- [http-nio-8083-exec-6] c.h.i.mapper.ItemMapper.selectBatchIds   : ==>  Preparing: SELECT id,name,price,stock,image,category,brand,spec,sold,comment_count,isAD,status,create_time,update_time,creater,updater FROM item WHERE id IN ( ? , ? , ? )
16:47:03:333 DEBUG 25524 --- [http-nio-8083-exec-6] c.h.i.mapper.ItemMapper.selectBatchIds   : ==> Parameters: 100000006163(Long), 100001511821(Long), 2120808(Long)
16:47:03:334 DEBUG 25524 --- [http-nio-8083-exec-6] c.h.i.mapper.ItemMapper.selectBatchIds   : <==      Total: 3
16:47:03:530 DEBUG 24476 --- [http-nio-8081-exec-6] c.h.i.mapper.ItemMapper.selectBatchIds   : ==>  Preparing: SELECT id,name,price,stock,image,category,brand,spec,sold,comment_count,isAD,status,create_time,update_time,creater,updater FROM item WHERE id IN ( ? , ? , ? )
16:47:03:530 DEBUG 24476 --- [http-nio-8081-exec-6] c.h.i.mapper.ItemMapper.selectBatchIds   : ==> Parameters: 100000006163(Long), 100001511821(Long), 2120808(Long)
16:47:03:532 DEBUG 24476 --- [http-nio-8081-exec-6] c.h.i.mapper.ItemMapper.selectBatchIds   : <==      Total: 3
16:47:03:631 DEBUG 25524 --- [http-nio-8083-exec-5] c.h.i.mapper.ItemMapper.selectBatchIds   : ==>  Preparing: SELECT id,name,price,stock,image,category,brand,spec,sold,comment_count,isAD,status,create_time,update_time,creater,updater FROM item WHERE id IN ( ? , ? , ? )
16:47:03:631 DEBUG 25524 --- [http-nio-8083-exec-5] c.h.i.mapper.ItemMapper.selectBatchIds   : ==> Parameters: 100000006163(Long), 100001511821(Long), 2120808(Long)
16:47:03:632 DEBUG 25524 --- [http-nio-8083-exec-5] c.h.i.mapper.ItemMapper.selectBatchIds   : <==      Total: 3
16:47:04:033 DEBUG 24476 --- [http-nio-8081-exec-7] c.h.i.mapper.ItemMapper.selectBatchIds   : ==>  Preparing: SELECT id,name,price,stock,image,category,brand,spec,sold,comment_count,isAD,status,create_time,update_time,creater,updater FROM item WHERE id IN ( ? , ? , ? )
16:47:04:033 DEBUG 24476 --- [http-nio-8081-exec-7] c.h.i.mapper.ItemMapper.selectBatchIds   : ==> Parameters: 100000006163(Long), 100001511821(Long), 2120808(Long)
16:47:04:034 DEBUG 24476 --- [http-nio-8081-exec-7] c.h.i.mapper.ItemMapper.selectBatchIds   : <==      Total: 3
16:47:04:134 DEBUG 25524 --- [http-nio-8083-exec-9] c.h.i.mapper.ItemMapper.selectBatchIds   : ==>  Preparing: SELECT id,name,price,stock,image,category,brand,spec,sold,comment_count,isAD,status,create_time,update_time,creater,updater FROM item WHERE id IN ( ? , ? , ? )
16:47:04:134 DEBUG 25524 --- [http-nio-8083-exec-9] c.h.i.mapper.ItemMapper.selectBatchIds   : ==> Parameters: 100000006163(Long), 100001511821(Long), 2120808(Long)
16:47:04:135 DEBUG 25524 --- [http-nio-8083-exec-9] c.h.i.mapper.ItemMapper.selectBatchIds   : <==      Total: 3
16:47:04:231 DEBUG 24476 --- [http-nio-8081-exec-8] c.h.i.mapper.ItemMapper.selectBatchIds   : ==>  Preparing: SELECT id,name,price,stock,image,category,brand,spec,sold,comment_count,isAD,status,create_time,update_time,creater,updater FROM item WHERE id IN ( ? , ? , ? )
16:47:04:231 DEBUG 24476 --- [http-nio-8081-exec-8] c.h.i.mapper.ItemMapper.selectBatchIds   : ==> Parameters: 100000006163(Long), 100001511821(Long), 2120808(Long)
16:47:04:232 DEBUG 24476 --- [http-nio-8081-exec-8] c.h.i.mapper.ItemMapper.selectBatchIds   : <==      Total: 3
16:47:04:333 DEBUG 25524 --- [http-nio-8083-exec-8] c.h.i.mapper.ItemMapper.selectBatchIds   : ==>  Preparing: SELECT id,name,price,stock,image,category,brand,spec,sold,comment_count,isAD,status,create_time,update_time,creater,updater FROM item WHERE id IN ( ? , ? , ? )
16:47:04:333 DEBUG 25524 --- [http-nio-8083-exec-8] c.h.i.mapper.ItemMapper.selectBatchIds   : ==> Parameters: 100000006163(Long), 100001511821(Long), 2120808(Long)
16:47:04:334 DEBUG 25524 --- [http-nio-8083-exec-8] c.h.i.mapper.ItemMapper.selectBatchIds   : <==      Total: 3
16:47:04:533 DEBUG 24476 --- [http-nio-8081-exec-9] c.h.i.mapper.ItemMapper.selectBatchIds   : ==>  Preparing: SELECT id,name,price,stock,image,category,brand,spec,sold,comment_count,isAD,status,create_time,update_time,creater,updater FROM item WHERE id IN ( ? , ? , ? )
16:47:04:533 DEBUG 24476 --- [http-nio-8081-exec-9] c.h.i.mapper.ItemMapper.selectBatchIds   : ==> Parameters: 100000006163(Long), 100001511821(Long), 2120808(Long)
16:47:04:534 DEBUG 24476 --- [http-nio-8081-exec-9] c.h.i.mapper.ItemMapper.selectBatchIds   : <==      Total: 3
16:47:04:631 DEBUG 25524 --- [http-nio-8083-exec-7] c.h.i.mapper.ItemMapper.selectBatchIds   : ==>  Preparing: SELECT id,name,price,stock,image,category,brand,spec,sold,comment_count,isAD,status,create_time,update_time,creater,updater FROM item WHERE id IN ( ? , ? , ? )
16:47:04:631 DEBUG 25524 --- [http-nio-8083-exec-7] c.h.i.mapper.ItemMapper.selectBatchIds   : ==> Parameters: 100000006163(Long), 100001511821(Long), 2120808(Long)
16:47:04:633 DEBUG 25524 --- [http-nio-8083-exec-7] c.h.i.mapper.ItemMapper.selectBatchIds   : <==      Total: 3
16:47:05:031 DEBUG 24476 --- [http-nio-8081-exec-10] c.h.i.mapper.ItemMapper.selectBatchIds   : ==>  Preparing: SELECT id,name,price,stock,image,category,brand,spec,sold,comment_count,isAD,status,create_time,update_time,creater,updater FROM item WHERE id IN ( ? , ? , ? )
16:47:05:031 DEBUG 24476 --- [http-nio-8081-exec-10] c.h.i.mapper.ItemMapper.selectBatchIds   : ==> Parameters: 100000006163(Long), 100001511821(Long), 2120808(Long)
16:47:05:032 DEBUG 24476 --- [http-nio-8081-exec-10] c.h.i.mapper.ItemMapper.selectBatchIds   : <==      Total: 3
16:47:05:131 DEBUG 25524 --- [http-nio-8083-exec-10] c.h.i.mapper.ItemMapper.selectBatchIds   : ==>  Preparing: SELECT id,name,price,stock,image,category,brand,spec,sold,comment_count,isAD,status,create_time,update_time,creater,updater FROM item WHERE id IN ( ? , ? , ? )
16:47:05:131 DEBUG 25524 --- [http-nio-8083-exec-10] c.h.i.mapper.ItemMapper.selectBatchIds   : ==> Parameters: 100000006163(Long), 100001511821(Long), 2120808(Long)
16:47:05:133 DEBUG 25524 --- [http-nio-8083-exec-10] c.h.i.mapper.ItemMapper.selectBatchIds   : <==      Total: 3
16:47:05:231 DEBUG 24476 --- [http-nio-8081-exec-1] c.h.i.mapper.ItemMapper.selectBatchIds   : ==>  Preparing: SELECT id,name,price,stock,image,category,brand,spec,sold,comment_count,isAD,status,create_time,update_time,creater,updater FROM item WHERE id IN ( ? , ? , ? )
16:47:05:232 DEBUG 24476 --- [http-nio-8081-exec-1] c.h.i.mapper.ItemMapper.selectBatchIds   : ==> Parameters: 100000006163(Long), 100001511821(Long), 2120808(Long)
16:47:05:232 DEBUG 24476 --- [http-nio-8081-exec-1] c.h.i.mapper.ItemMapper.selectBatchIds   : <==      Total: 3
16:47:05:334 DEBUG 25524 --- [http-nio-8083-exec-1] c.h.i.mapper.ItemMapper.selectBatchIds   : ==>  Preparing: SELECT id,name,price,stock,image,category,brand,spec,sold,comment_count,isAD,status,create_time,update_time,creater,updater FROM item WHERE id IN ( ? , ? , ? )
16:47:05:335 DEBUG 25524 --- [http-nio-8083-exec-1] c.h.i.mapper.ItemMapper.selectBatchIds   : ==> Parameters: 100000006163(Long), 100001511821(Long), 2120808(Long)
16:47:05:336 DEBUG 25524 --- [http-nio-8083-exec-1] c.h.i.mapper.ItemMapper.selectBatchIds   : <==      Total: 3
16:47:05:532 DEBUG 24476 --- [http-nio-8081-exec-2] c.h.i.mapper.ItemMapper.selectBatchIds   : ==>  Preparing: SELECT id,name,price,stock,image,category,brand,spec,sold,comment_count,isAD,status,create_time,update_time,creater,updater FROM item WHERE id IN ( ? , ? , ? )
16:47:05:532 DEBUG 24476 --- [http-nio-8081-exec-2] c.h.i.mapper.ItemMapper.selectBatchIds   : ==> Parameters: 100000006163(Long), 100001511821(Long), 2120808(Long)
16:47:05:534 DEBUG 24476 --- [http-nio-8081-exec-2] c.h.i.mapper.ItemMapper.selectBatchIds   : <==      Total: 3
16:47:05:632 DEBUG 25524 --- [http-nio-8083-exec-2] c.h.i.mapper.ItemMapper.selectBatchIds   : ==>  Preparing: SELECT id,name,price,stock,image,category,brand,spec,sold,comment_count,isAD,status,create_time,update_time,creater,updater FROM item WHERE id IN ( ? , ? , ? )
16:47:05:632 DEBUG 25524 --- [http-nio-8083-exec-2] c.h.i.mapper.ItemMapper.selectBatchIds   : ==> Parameters: 100000006163(Long), 100001511821(Long), 2120808(Long)
16:47:05:633 DEBUG 25524 --- [http-nio-8083-exec-2] c.h.i.mapper.ItemMapper.selectBatchIds   : <==      Total: 3
16:47:06:030 DEBUG 24476 --- [http-nio-8081-exec-3] c.h.i.mapper.ItemMapper.selectBatchIds   : ==>  Preparing: SELECT id,name,price,stock,image,category,brand,spec,sold,comment_count,isAD,status,create_time,update_time,creater,updater FROM item WHERE id IN ( ? , ? , ? )
16:47:06:030 DEBUG 24476 --- [http-nio-8081-exec-3] c.h.i.mapper.ItemMapper.selectBatchIds   : ==> Parameters: 100000006163(Long), 100001511821(Long), 2120808(Long)
16:47:06:032 DEBUG 24476 --- [http-nio-8081-exec-3] c.h.i.mapper.ItemMapper.selectBatchIds   : <==      Total: 3
16:47:06:132 DEBUG 25524 --- [http-nio-8083-exec-3] c.h.i.mapper.ItemMapper.selectBatchIds   : ==>  Preparing: SELECT id,name,price,stock,image,category,brand,spec,sold,comment_count,isAD,status,create_time,update_time,creater,updater FROM item WHERE id IN ( ? , ? , ? )
16:47:06:132 DEBUG 25524 --- [http-nio-8083-exec-3] c.h.i.mapper.ItemMapper.selectBatchIds   : ==> Parameters: 100000006163(Long), 100001511821(Long), 2120808(Long)
16:47:06:132 DEBUG 25524 --- [http-nio-8083-exec-3] c.h.i.mapper.ItemMapper.selectBatchIds   : <==      Total: 3
16:47:06:231 DEBUG 24476 --- [http-nio-8081-exec-4] c.h.i.mapper.ItemMapper.selectBatchIds   : ==>  Preparing: SELECT id,name,price,stock,image,category,brand,spec,sold,comment_count,isAD,status,create_time,update_time,creater,updater FROM item WHERE id IN ( ? , ? , ? )
16:47:06:231 DEBUG 24476 --- [http-nio-8081-exec-4] c.h.i.mapper.ItemMapper.selectBatchIds   : ==> Parameters: 100000006163(Long), 100001511821(Long), 2120808(Long)
16:47:06:232 DEBUG 24476 --- [http-nio-8081-exec-4] c.h.i.mapper.ItemMapper.selectBatchIds   : <==      Total: 3
16:47:06:334 DEBUG 25524 --- [http-nio-8083-exec-4] c.h.i.mapper.ItemMapper.selectBatchIds   : ==>  Preparing: SELECT id,name,price,stock,image,category,brand,spec,sold,comment_count,isAD,status,create_time,update_time,creater,updater FROM item WHERE id IN ( ? , ? , ? )
16:47:06:334 DEBUG 25524 --- [http-nio-8083-exec-4] c.h.i.mapper.ItemMapper.selectBatchIds   : ==> Parameters: 100000006163(Long), 100001511821(Long), 2120808(Long)
16:47:06:336 DEBUG 25524 --- [http-nio-8083-exec-4] c.h.i.mapper.ItemMapper.selectBatchIds   : <==      Total: 3
16:47:06:532 DEBUG 24476 --- [http-nio-8081-exec-5] c.h.i.mapper.ItemMapper.selectBatchIds   : ==>  Preparing: SELECT id,name,price,stock,image,category,brand,spec,sold,comment_count,isAD,status,create_time,update_time,creater,updater FROM item WHERE id IN ( ? , ? , ? )
16:47:06:532 DEBUG 24476 --- [http-nio-8081-exec-5] c.h.i.mapper.ItemMapper.selectBatchIds   : ==> Parameters: 100000006163(Long), 100001511821(Long), 2120808(Long)
16:47:06:533 DEBUG 24476 --- [http-nio-8081-exec-5] c.h.i.mapper.ItemMapper.selectBatchIds   : <==      Total: 3
16:47:06:631 DEBUG 25524 --- [http-nio-8083-exec-6] c.h.i.mapper.ItemMapper.selectBatchIds   : ==>  Preparing: SELECT id,name,price,stock,image,category,brand,spec,sold,comment_count,isAD,status,create_time,update_time,creater,updater FROM item WHERE id IN ( ? , ? , ? )
16:47:06:631 DEBUG 25524 --- [http-nio-8083-exec-6] c.h.i.mapper.ItemMapper.selectBatchIds   : ==> Parameters: 100000006163(Long), 100001511821(Long), 2120808(Long)
16:47:06:633 DEBUG 25524 --- [http-nio-8083-exec-6] c.h.i.mapper.ItemMapper.selectBatchIds   : <==      Total: 3
16:47:07:030 DEBUG 24476 --- [http-nio-8081-exec-6] c.h.i.mapper.ItemMapper.selectBatchIds   : ==>  Preparing: SELECT id,name,price,stock,image,category,brand,spec,sold,comment_count,isAD,status,create_time,update_time,creater,updater FROM item WHERE id IN ( ? , ? , ? )
16:47:07:030 DEBUG 24476 --- [http-nio-8081-exec-6] c.h.i.mapper.ItemMapper.selectBatchIds   : ==> Parameters: 100000006163(Long), 100001511821(Long), 2120808(Long)
16:47:07:031 DEBUG 24476 --- [http-nio-8081-exec-6] c.h.i.mapper.ItemMapper.selectBatchIds   : <==      Total: 3
16:47:07:131 DEBUG 25524 --- [http-nio-8083-exec-5] c.h.i.mapper.ItemMapper.selectBatchIds   : ==>  Preparing: SELECT id,name,price,stock,image,category,brand,spec,sold,comment_count,isAD,status,create_time,update_time,creater,updater FROM item WHERE id IN ( ? , ? , ? )
16:47:07:131 DEBUG 25524 --- [http-nio-8083-exec-5] c.h.i.mapper.ItemMapper.selectBatchIds   : ==> Parameters: 100000006163(Long), 100001511821(Long), 2120808(Long)
16:47:07:133 DEBUG 25524 --- [http-nio-8083-exec-5] c.h.i.mapper.ItemMapper.selectBatchIds   : <==      Total: 3
16:47:07:231 DEBUG 24476 --- [http-nio-8081-exec-7] c.h.i.mapper.ItemMapper.selectBatchIds   : ==>  Preparing: SELECT id,name,price,stock,image,category,brand,spec,sold,comment_count,isAD,status,create_time,update_time,creater,updater FROM item WHERE id IN ( ? , ? , ? )
16:47:07:231 DEBUG 24476 --- [http-nio-8081-exec-7] c.h.i.mapper.ItemMapper.selectBatchIds   : ==> Parameters: 100000006163(Long), 100001511821(Long), 2120808(Long)
16:47:07:232 DEBUG 24476 --- [http-nio-8081-exec-7] c.h.i.mapper.ItemMapper.selectBatchIds   : <==      Total: 3
16:47:07:334 DEBUG 25524 --- [http-nio-8083-exec-9] c.h.i.mapper.ItemMapper.selectBatchIds   : ==>  Preparing: SELECT id,name,price,stock,image,category,brand,spec,sold,comment_count,isAD,status,create_time,update_time,creater,updater FROM item WHERE id IN ( ? , ? , ? )
16:47:07:334 DEBUG 25524 --- [http-nio-8083-exec-9] c.h.i.mapper.ItemMapper.selectBatchIds   : ==> Parameters: 100000006163(Long), 100001511821(Long), 2120808(Long)
16:47:07:335 DEBUG 25524 --- [http-nio-8083-exec-9] c.h.i.mapper.ItemMapper.selectBatchIds   : <==      Total: 3
16:47:07:532 DEBUG 24476 --- [http-nio-8081-exec-8] c.h.i.mapper.ItemMapper.selectBatchIds   : ==>  Preparing: SELECT id,name,price,stock,image,category,brand,spec,sold,comment_count,isAD,status,create_time,update_time,creater,updater FROM item WHERE id IN ( ? , ? , ? )
16:47:07:532 DEBUG 24476 --- [http-nio-8081-exec-8] c.h.i.mapper.ItemMapper.selectBatchIds   : ==> Parameters: 100000006163(Long), 100001511821(Long), 2120808(Long)
16:47:07:534 DEBUG 24476 --- [http-nio-8081-exec-8] c.h.i.mapper.ItemMapper.selectBatchIds   : <==      Total: 3
16:47:07:631 DEBUG 25524 --- [http-nio-8083-exec-8] c.h.i.mapper.ItemMapper.selectBatchIds   : ==>  Preparing: SELECT id,name,price,stock,image,category,brand,spec,sold,comment_count,isAD,status,create_time,update_time,creater,updater FROM item WHERE id IN ( ? , ? , ? )
16:47:07:631 DEBUG 25524 --- [http-nio-8083-exec-8] c.h.i.mapper.ItemMapper.selectBatchIds   : ==> Parameters: 100000006163(Long), 100001511821(Long), 2120808(Long)
16:47:07:633 DEBUG 25524 --- [http-nio-8083-exec-8] c.h.i.mapper.ItemMapper.selectBatchIds   : <==      Total: 3
16:47:08:032 DEBUG 24476 --- [http-nio-8081-exec-9] c.h.i.mapper.ItemMapper.selectBatchIds   : ==>  Preparing: SELECT id,name,price,stock,image,category,brand,spec,sold,comment_count,isAD,status,create_time,update_time,creater,updater FROM item WHERE id IN ( ? , ? , ? )
16:47:08:032 DEBUG 24476 --- [http-nio-8081-exec-9] c.h.i.mapper.ItemMapper.selectBatchIds   : ==> Parameters: 100000006163(Long), 100001511821(Long), 2120808(Long)
16:47:08:033 DEBUG 24476 --- [http-nio-8081-exec-9] c.h.i.mapper.ItemMapper.selectBatchIds   : <==      Total: 3
16:47:08:132 DEBUG 25524 --- [http-nio-8083-exec-7] c.h.i.mapper.ItemMapper.selectBatchIds   : ==>  Preparing: SELECT id,name,price,stock,image,category,brand,spec,sold,comment_count,isAD,status,create_time,update_time,creater,updater FROM item WHERE id IN ( ? , ? , ? )
16:47:08:132 DEBUG 25524 --- [http-nio-8083-exec-7] c.h.i.mapper.ItemMapper.selectBatchIds   : ==> Parameters: 100000006163(Long), 100001511821(Long), 2120808(Long)
16:47:08:133 DEBUG 25524 --- [http-nio-8083-exec-7] c.h.i.mapper.ItemMapper.selectBatchIds   : <==      Total: 3
16:47:08:231 DEBUG 24476 --- [http-nio-8081-exec-10] c.h.i.mapper.ItemMapper.selectBatchIds   : ==>  Preparing: SELECT id,name,price,stock,image,category,brand,spec,sold,comment_count,isAD,status,create_time,update_time,creater,updater FROM item WHERE id IN ( ? , ? , ? )
16:47:08:231 DEBUG 24476 --- [http-nio-8081-exec-10] c.h.i.mapper.ItemMapper.selectBatchIds   : ==> Parameters: 100000006163(Long), 100001511821(Long), 2120808(Long)
16:47:08:231 DEBUG 24476 --- [http-nio-8081-exec-10] c.h.i.mapper.ItemMapper.selectBatchIds   : <==      Total: 3
16:47:08:334 DEBUG 25524 --- [http-nio-8083-exec-10] c.h.i.mapper.ItemMapper.selectBatchIds   : ==>  Preparing: SELECT id,name,price,stock,image,category,brand,spec,sold,comment_count,isAD,status,create_time,update_time,creater,updater FROM item WHERE id IN ( ? , ? , ? )
16:47:08:334 DEBUG 25524 --- [http-nio-8083-exec-10] c.h.i.mapper.ItemMapper.selectBatchIds   : ==> Parameters: 100000006163(Long), 100001511821(Long), 2120808(Long)
16:47:08:335 DEBUG 25524 --- [http-nio-8083-exec-10] c.h.i.mapper.ItemMapper.selectBatchIds   : <==      Total: 3
16:47:08:532 DEBUG 24476 --- [http-nio-8081-exec-1] c.h.i.mapper.ItemMapper.selectBatchIds   : ==>  Preparing: SELECT id,name,price,stock,image,category,brand,spec,sold,comment_count,isAD,status,create_time,update_time,creater,updater FROM item WHERE id IN ( ? , ? , ? )
16:47:08:532 DEBUG 24476 --- [http-nio-8081-exec-1] c.h.i.mapper.ItemMapper.selectBatchIds   : ==> Parameters: 100000006163(Long), 100001511821(Long), 2120808(Long)
16:47:08:533 DEBUG 24476 --- [http-nio-8081-exec-1] c.h.i.mapper.ItemMapper.selectBatchIds   : <==      Total: 3
16:47:08:633 DEBUG 25524 --- [http-nio-8083-exec-1] c.h.i.mapper.ItemMapper.selectBatchIds   : ==>  Preparing: SELECT id,name,price,stock,image,category,brand,spec,sold,comment_count,isAD,status,create_time,update_time,creater,updater FROM item WHERE id IN ( ? , ? , ? )
16:47:08:633 DEBUG 25524 --- [http-nio-8083-exec-1] c.h.i.mapper.ItemMapper.selectBatchIds   : ==> Parameters: 100000006163(Long), 100001511821(Long), 2120808(Long)
16:47:08:633 DEBUG 25524 --- [http-nio-8083-exec-1] c.h.i.mapper.ItemMapper.selectBatchIds   : <==      Total: 3
16:47:09:030 DEBUG 24476 --- [http-nio-8081-exec-2] c.h.i.mapper.ItemMapper.selectBatchIds   : ==>  Preparing: SELECT id,name,price,stock,image,category,brand,spec,sold,comment_count,isAD,status,create_time,update_time,creater,updater FROM item WHERE id IN ( ? , ? , ? )
16:47:09:030 DEBUG 24476 --- [http-nio-8081-exec-2] c.h.i.mapper.ItemMapper.selectBatchIds   : ==> Parameters: 100000006163(Long), 100001511821(Long), 2120808(Long)
16:47:09:031 DEBUG 24476 --- [http-nio-8081-exec-2] c.h.i.mapper.ItemMapper.selectBatchIds   : <==      Total: 3
16:47:09:130 DEBUG 25524 --- [http-nio-8083-exec-2] c.h.i.mapper.ItemMapper.selectBatchIds   : ==>  Preparing: SELECT id,name,price,stock,image,category,brand,spec,sold,comment_count,isAD,status,create_time,update_time,creater,updater FROM item WHERE id IN ( ? , ? , ? )
16:47:09:130 DEBUG 25524 --- [http-nio-8083-exec-2] c.h.i.mapper.ItemMapper.selectBatchIds   : ==> Parameters: 100000006163(Long), 100001511821(Long), 2120808(Long)
16:47:09:131 DEBUG 25524 --- [http-nio-8083-exec-2] c.h.i.mapper.ItemMapper.selectBatchIds   : <==      Total: 3
16:47:09:231 DEBUG 24476 --- [http-nio-8081-exec-3] c.h.i.mapper.ItemMapper.selectBatchIds   : ==>  Preparing: SELECT id,name,price,stock,image,category,brand,spec,sold,comment_count,isAD,status,create_time,update_time,creater,updater FROM item WHERE id IN ( ? , ? , ? )
16:47:09:231 DEBUG 24476 --- [http-nio-8081-exec-3] c.h.i.mapper.ItemMapper.selectBatchIds   : ==> Parameters: 100000006163(Long), 100001511821(Long), 2120808(Long)
16:47:09:232 DEBUG 24476 --- [http-nio-8081-exec-3] c.h.i.mapper.ItemMapper.selectBatchIds   : <==      Total: 3
16:47:09:332 DEBUG 25524 --- [http-nio-8083-exec-3] c.h.i.mapper.ItemMapper.selectBatchIds   : ==>  Preparing: SELECT id,name,price,stock,image,category,brand,spec,sold,comment_count,isAD,status,create_time,update_time,creater,updater FROM item WHERE id IN ( ? , ? , ? )
16:47:09:332 DEBUG 25524 --- [http-nio-8083-exec-3] c.h.i.mapper.ItemMapper.selectBatchIds   : ==> Parameters: 100000006163(Long), 100001511821(Long), 2120808(Long)
16:47:09:334 DEBUG 25524 --- [http-nio-8083-exec-3] c.h.i.mapper.ItemMapper.selectBatchIds   : <==      Total: 3
16:47:09:533 DEBUG 24476 --- [http-nio-8081-exec-4] c.h.i.mapper.ItemMapper.selectBatchIds   : ==>  Preparing: SELECT id,name,price,stock,image,category,brand,spec,sold,comment_count,isAD,status,create_time,update_time,creater,updater FROM item WHERE id IN ( ? , ? , ? )
16:47:09:533 DEBUG 24476 --- [http-nio-8081-exec-4] c.h.i.mapper.ItemMapper.selectBatchIds   : ==> Parameters: 100000006163(Long), 100001511821(Long), 2120808(Long)
16:47:09:534 DEBUG 24476 --- [http-nio-8081-exec-4] c.h.i.mapper.ItemMapper.selectBatchIds   : <==      Total: 3
16:47:09:632 DEBUG 25524 --- [http-nio-8083-exec-4] c.h.i.mapper.ItemMapper.selectBatchIds   : ==>  Preparing: SELECT id,name,price,stock,image,category,brand,spec,sold,comment_count,isAD,status,create_time,update_time,creater,updater FROM item WHERE id IN ( ? , ? , ? )
16:47:09:632 DEBUG 25524 --- [http-nio-8083-exec-4] c.h.i.mapper.ItemMapper.selectBatchIds   : ==> Parameters: 100000006163(Long), 100001511821(Long), 2120808(Long)
16:47:09:633 DEBUG 25524 --- [http-nio-8083-exec-4] c.h.i.mapper.ItemMapper.selectBatchIds   : <==      Total: 3
16:47:10:031 DEBUG 24476 --- [http-nio-8081-exec-5] c.h.i.mapper.ItemMapper.selectBatchIds   : ==>  Preparing: SELECT id,name,price,stock,image,category,brand,spec,sold,comment_count,isAD,status,create_time,update_time,creater,updater FROM item WHERE id IN ( ? , ? , ? )
16:47:10:031 DEBUG 24476 --- [http-nio-8081-exec-5] c.h.i.mapper.ItemMapper.selectBatchIds   : ==> Parameters: 100000006163(Long), 100001511821(Long), 2120808(Long)
16:47:10:032 DEBUG 24476 --- [http-nio-8081-exec-5] c.h.i.mapper.ItemMapper.selectBatchIds   : <==      Total: 3
16:47:10:134 DEBUG 25524 --- [http-nio-8083-exec-6] c.h.i.mapper.ItemMapper.selectBatchIds   : ==>  Preparing: SELECT id,name,price,stock,image,category,brand,spec,sold,comment_count,isAD,status,create_time,update_time,creater,updater FROM item WHERE id IN ( ? , ? , ? )
16:47:10:135 DEBUG 25524 --- [http-nio-8083-exec-6] c.h.i.mapper.ItemMapper.selectBatchIds   : ==> Parameters: 100000006163(Long), 100001511821(Long), 2120808(Long)
16:47:10:135 DEBUG 25524 --- [http-nio-8083-exec-6] c.h.i.mapper.ItemMapper.selectBatchIds   : <==      Total: 3
16:47:10:231 DEBUG 24476 --- [http-nio-8081-exec-6] c.h.i.mapper.ItemMapper.selectBatchIds   : ==>  Preparing: SELECT id,name,price,stock,image,category,brand,spec,sold,comment_count,isAD,status,create_time,update_time,creater,updater FROM item WHERE id IN ( ? , ? , ? )
16:47:10:231 DEBUG 24476 --- [http-nio-8081-exec-6] c.h.i.mapper.ItemMapper.selectBatchIds   : ==> Parameters: 100000006163(Long), 100001511821(Long), 2120808(Long)
16:47:10:232 DEBUG 24476 --- [http-nio-8081-exec-6] c.h.i.mapper.ItemMapper.selectBatchIds   : <==      Total: 3
16:47:10:334 DEBUG 25524 --- [http-nio-8083-exec-5] c.h.i.mapper.ItemMapper.selectBatchIds   : ==>  Preparing: SELECT id,name,price,stock,image,category,brand,spec,sold,comment_count,isAD,status,create_time,update_time,creater,updater FROM item WHERE id IN ( ? , ? , ? )
16:47:10:334 DEBUG 25524 --- [http-nio-8083-exec-5] c.h.i.mapper.ItemMapper.selectBatchIds   : ==> Parameters: 100000006163(Long), 100001511821(Long), 2120808(Long)
16:47:10:335 DEBUG 25524 --- [http-nio-8083-exec-5] c.h.i.mapper.ItemMapper.selectBatchIds   : <==      Total: 3
16:47:10:533 DEBUG 24476 --- [http-nio-8081-exec-7] c.h.i.mapper.ItemMapper.selectBatchIds   : ==>  Preparing: SELECT id,name,price,stock,image,category,brand,spec,sold,comment_count,isAD,status,create_time,update_time,creater,updater FROM item WHERE id IN ( ? , ? , ? )
16:47:10:533 DEBUG 24476 --- [http-nio-8081-exec-7] c.h.i.mapper.ItemMapper.selectBatchIds   : ==> Parameters: 100000006163(Long), 100001511821(Long), 2120808(Long)
16:47:10:534 DEBUG 24476 --- [http-nio-8081-exec-7] c.h.i.mapper.ItemMapper.selectBatchIds   : <==      Total: 3
16:47:10:631 DEBUG 25524 --- [http-nio-8083-exec-9] c.h.i.mapper.ItemMapper.selectBatchIds   : ==>  Preparing: SELECT id,name,price,stock,image,category,brand,spec,sold,comment_count,isAD,status,create_time,update_time,creater,updater FROM item WHERE id IN ( ? , ? , ? )
16:47:10:631 DEBUG 25524 --- [http-nio-8083-exec-9] c.h.i.mapper.ItemMapper.selectBatchIds   : ==> Parameters: 100000006163(Long), 100001511821(Long), 2120808(Long)
16:47:10:633 DEBUG 25524 --- [http-nio-8083-exec-9] c.h.i.mapper.ItemMapper.selectBatchIds   : <==      Total: 3
16:47:11:032 DEBUG 24476 --- [http-nio-8081-exec-8] c.h.i.mapper.ItemMapper.selectBatchIds   : ==>  Preparing: SELECT id,name,price,stock,image,category,brand,spec,sold,comment_count,isAD,status,create_time,update_time,creater,updater FROM item WHERE id IN ( ? , ? , ? )
16:47:11:033 DEBUG 24476 --- [http-nio-8081-exec-8] c.h.i.mapper.ItemMapper.selectBatchIds   : ==> Parameters: 100000006163(Long), 100001511821(Long), 2120808(Long)
16:47:11:033 DEBUG 24476 --- [http-nio-8081-exec-8] c.h.i.mapper.ItemMapper.selectBatchIds   : <==      Total: 3
16:47:11:134 DEBUG 25524 --- [http-nio-8083-exec-8] c.h.i.mapper.ItemMapper.selectBatchIds   : ==>  Preparing: SELECT id,name,price,stock,image,category,brand,spec,sold,comment_count,isAD,status,create_time,update_time,creater,updater FROM item WHERE id IN ( ? , ? , ? )
16:47:11:134 DEBUG 25524 --- [http-nio-8083-exec-8] c.h.i.mapper.ItemMapper.selectBatchIds   : ==> Parameters: 100000006163(Long), 100001511821(Long), 2120808(Long)
16:47:11:135 DEBUG 25524 --- [http-nio-8083-exec-8] c.h.i.mapper.ItemMapper.selectBatchIds   : <==      Total: 3
16:47:11:231 DEBUG 24476 --- [http-nio-8081-exec-9] c.h.i.mapper.ItemMapper.selectBatchIds   : ==>  Preparing: SELECT id,name,price,stock,image,category,brand,spec,sold,comment_count,isAD,status,create_time,update_time,creater,updater FROM item WHERE id IN ( ? , ? , ? )
16:47:11:231 DEBUG 24476 --- [http-nio-8081-exec-9] c.h.i.mapper.ItemMapper.selectBatchIds   : ==> Parameters: 100000006163(Long), 100001511821(Long), 2120808(Long)
16:47:11:233 DEBUG 24476 --- [http-nio-8081-exec-9] c.h.i.mapper.ItemMapper.selectBatchIds   : <==      Total: 3
16:47:11:333 DEBUG 25524 --- [http-nio-8083-exec-7] c.h.i.mapper.ItemMapper.selectBatchIds   : ==>  Preparing: SELECT id,name,price,stock,image,category,brand,spec,sold,comment_count,isAD,status,create_time,update_time,creater,updater FROM item WHERE id IN ( ? , ? , ? )
16:47:11:333 DEBUG 25524 --- [http-nio-8083-exec-7] c.h.i.mapper.ItemMapper.selectBatchIds   : ==> Parameters: 100000006163(Long), 100001511821(Long), 2120808(Long)
16:47:11:334 DEBUG 25524 --- [http-nio-8083-exec-7] c.h.i.mapper.ItemMapper.selectBatchIds   : <==      Total: 3
16:47:11:532 DEBUG 24476 --- [http-nio-8081-exec-10] c.h.i.mapper.ItemMapper.selectBatchIds   : ==>  Preparing: SELECT id,name,price,stock,image,category,brand,spec,sold,comment_count,isAD,status,create_time,update_time,creater,updater FROM item WHERE id IN ( ? , ? , ? )
16:47:11:532 DEBUG 24476 --- [http-nio-8081-exec-10] c.h.i.mapper.ItemMapper.selectBatchIds   : ==> Parameters: 100000006163(Long), 100001511821(Long), 2120808(Long)
16:47:11:532 DEBUG 24476 --- [http-nio-8081-exec-10] c.h.i.mapper.ItemMapper.selectBatchIds   : <==      Total: 3
16:47:11:632 DEBUG 25524 --- [http-nio-8083-exec-10] c.h.i.mapper.ItemMapper.selectBatchIds   : ==>  Preparing: SELECT id,name,price,stock,image,category,brand,spec,sold,comment_count,isAD,status,create_time,update_time,creater,updater FROM item WHERE id IN ( ? , ? , ? )
16:47:11:632 DEBUG 25524 --- [http-nio-8083-exec-10] c.h.i.mapper.ItemMapper.selectBatchIds   : ==> Parameters: 100000006163(Long), 100001511821(Long), 2120808(Long)
16:47:11:633 DEBUG 25524 --- [http-nio-8083-exec-10] c.h.i.mapper.ItemMapper.selectBatchIds   : <==      Total: 3
16:47:12:031 DEBUG 24476 --- [http-nio-8081-exec-1] c.h.i.mapper.ItemMapper.selectBatchIds   : ==>  Preparing: SELECT id,name,price,stock,image,category,brand,spec,sold,comment_count,isAD,status,create_time,update_time,creater,updater FROM item WHERE id IN ( ? , ? , ? )
16:47:12:031 DEBUG 24476 --- [http-nio-8081-exec-1] c.h.i.mapper.ItemMapper.selectBatchIds   : ==> Parameters: 100000006163(Long), 100001511821(Long), 2120808(Long)
16:47:12:032 DEBUG 24476 --- [http-nio-8081-exec-1] c.h.i.mapper.ItemMapper.selectBatchIds   : <==      Total: 3
16:47:12:132 DEBUG 25524 --- [http-nio-8083-exec-1] c.h.i.mapper.ItemMapper.selectBatchIds   : ==>  Preparing: SELECT id,name,price,stock,image,category,brand,spec,sold,comment_count,isAD,status,create_time,update_time,creater,updater FROM item WHERE id IN ( ? , ? , ? )
16:47:12:132 DEBUG 25524 --- [http-nio-8083-exec-1] c.h.i.mapper.ItemMapper.selectBatchIds   : ==> Parameters: 100000006163(Long), 100001511821(Long), 2120808(Long)
16:47:12:133 DEBUG 25524 --- [http-nio-8083-exec-1] c.h.i.mapper.ItemMapper.selectBatchIds   : <==      Total: 3
16:47:12:231 DEBUG 24476 --- [http-nio-8081-exec-2] c.h.i.mapper.ItemMapper.selectBatchIds   : ==>  Preparing: SELECT id,name,price,stock,image,category,brand,spec,sold,comment_count,isAD,status,create_time,update_time,creater,updater FROM item WHERE id IN ( ? , ? , ? )
16:47:12:231 DEBUG 24476 --- [http-nio-8081-exec-2] c.h.i.mapper.ItemMapper.selectBatchIds   : ==> Parameters: 100000006163(Long), 100001511821(Long), 2120808(Long)
16:47:12:232 DEBUG 24476 --- [http-nio-8081-exec-2] c.h.i.mapper.ItemMapper.selectBatchIds   : <==      Total: 3
16:47:12:332 DEBUG 25524 --- [http-nio-8083-exec-2] c.h.i.mapper.ItemMapper.selectBatchIds   : ==>  Preparing: SELECT id,name,price,stock,image,category,brand,spec,sold,comment_count,isAD,status,create_time,update_time,creater,updater FROM item WHERE id IN ( ? , ? , ? )
16:47:12:333 DEBUG 25524 --- [http-nio-8083-exec-2] c.h.i.mapper.ItemMapper.selectBatchIds   : ==> Parameters: 100000006163(Long), 100001511821(Long), 2120808(Long)
16:47:12:334 DEBUG 25524 --- [http-nio-8083-exec-2] c.h.i.mapper.ItemMapper.selectBatchIds   : <==      Total: 3
16:47:12:533 DEBUG 24476 --- [http-nio-8081-exec-3] c.h.i.mapper.ItemMapper.selectBatchIds   : ==>  Preparing: SELECT id,name,price,stock,image,category,brand,spec,sold,comment_count,isAD,status,create_time,update_time,creater,updater FROM item WHERE id IN ( ? , ? , ? )
16:47:12:533 DEBUG 24476 --- [http-nio-8081-exec-3] c.h.i.mapper.ItemMapper.selectBatchIds   : ==> Parameters: 100000006163(Long), 100001511821(Long), 2120808(Long)
16:47:12:534 DEBUG 24476 --- [http-nio-8081-exec-3] c.h.i.mapper.ItemMapper.selectBatchIds   : <==      Total: 3
16:47:12:631 DEBUG 25524 --- [http-nio-8083-exec-3] c.h.i.mapper.ItemMapper.selectBatchIds   : ==>  Preparing: SELECT id,name,price,stock,image,category,brand,spec,sold,comment_count,isAD,status,create_time,update_time,creater,updater FROM item WHERE id IN ( ? , ? , ? )
16:47:12:631 DEBUG 25524 --- [http-nio-8083-exec-3] c.h.i.mapper.ItemMapper.selectBatchIds   : ==> Parameters: 100000006163(Long), 100001511821(Long), 2120808(Long)
16:47:12:632 DEBUG 25524 --- [http-nio-8083-exec-3] c.h.i.mapper.ItemMapper.selectBatchIds   : <==      Total: 3
16:47:13:031 DEBUG 24476 --- [http-nio-8081-exec-4] c.h.i.mapper.ItemMapper.selectBatchIds   : ==>  Preparing: SELECT id,name,price,stock,image,category,brand,spec,sold,comment_count,isAD,status,create_time,update_time,creater,updater FROM item WHERE id IN ( ? , ? , ? )
16:47:13:031 DEBUG 24476 --- [http-nio-8081-exec-4] c.h.i.mapper.ItemMapper.selectBatchIds   : ==> Parameters: 100000006163(Long), 100001511821(Long), 2120808(Long)
16:47:13:031 DEBUG 24476 --- [http-nio-8081-exec-4] c.h.i.mapper.ItemMapper.selectBatchIds   : <==      Total: 3
16:47:13:130 DEBUG 25524 --- [http-nio-8083-exec-4] c.h.i.mapper.ItemMapper.selectBatchIds   : ==>  Preparing: SELECT id,name,price,stock,image,category,brand,spec,sold,comment_count,isAD,status,create_time,update_time,creater,updater FROM item WHERE id IN ( ? , ? , ? )
16:47:13:130 DEBUG 25524 --- [http-nio-8083-exec-4] c.h.i.mapper.ItemMapper.selectBatchIds   : ==> Parameters: 100000006163(Long), 100001511821(Long), 2120808(Long)
16:47:13:131 DEBUG 25524 --- [http-nio-8083-exec-4] c.h.i.mapper.ItemMapper.selectBatchIds   : <==      Total: 3
16:47:13:231 DEBUG 24476 --- [http-nio-8081-exec-5] c.h.i.mapper.ItemMapper.selectBatchIds   : ==>  Preparing: SELECT id,name,price,stock,image,category,brand,spec,sold,comment_count,isAD,status,create_time,update_time,creater,updater FROM item WHERE id IN ( ? , ? , ? )
16:47:13:231 DEBUG 24476 --- [http-nio-8081-exec-5] c.h.i.mapper.ItemMapper.selectBatchIds   : ==> Parameters: 100000006163(Long), 100001511821(Long), 2120808(Long)
16:47:13:233 DEBUG 24476 --- [http-nio-8081-exec-5] c.h.i.mapper.ItemMapper.selectBatchIds   : <==      Total: 3
16:47:13:334 DEBUG 25524 --- [http-nio-8083-exec-6] c.h.i.mapper.ItemMapper.selectBatchIds   : ==>  Preparing: SELECT id,name,price,stock,image,category,brand,spec,sold,comment_count,isAD,status,create_time,update_time,creater,updater FROM item WHERE id IN ( ? , ? , ? )
16:47:13:334 DEBUG 25524 --- [http-nio-8083-exec-6] c.h.i.mapper.ItemMapper.selectBatchIds   : ==> Parameters: 100000006163(Long), 100001511821(Long), 2120808(Long)
16:47:13:335 DEBUG 25524 --- [http-nio-8083-exec-6] c.h.i.mapper.ItemMapper.selectBatchIds   : <==      Total: 3
16:47:13:532 DEBUG 24476 --- [http-nio-8081-exec-6] c.h.i.mapper.ItemMapper.selectBatchIds   : ==>  Preparing: SELECT id,name,price,stock,image,category,brand,spec,sold,comment_count,isAD,status,create_time,update_time,creater,updater FROM item WHERE id IN ( ? , ? , ? )
16:47:13:532 DEBUG 24476 --- [http-nio-8081-exec-6] c.h.i.mapper.ItemMapper.selectBatchIds   : ==> Parameters: 100000006163(Long), 100001511821(Long), 2120808(Long)
16:47:13:533 DEBUG 24476 --- [http-nio-8081-exec-6] c.h.i.mapper.ItemMapper.selectBatchIds   : <==      Total: 3
16:47:13:631 DEBUG 25524 --- [http-nio-8083-exec-5] c.h.i.mapper.ItemMapper.selectBatchIds   : ==>  Preparing: SELECT id,name,price,stock,image,category,brand,spec,sold,comment_count,isAD,status,create_time,update_time,creater,updater FROM item WHERE id IN ( ? , ? , ? )
16:47:13:632 DEBUG 25524 --- [http-nio-8083-exec-5] c.h.i.mapper.ItemMapper.selectBatchIds   : ==> Parameters: 100000006163(Long), 100001511821(Long), 2120808(Long)
16:47:13:633 DEBUG 25524 --- [http-nio-8083-exec-5] c.h.i.mapper.ItemMapper.selectBatchIds   : <==      Total: 3
16:47:14:032 DEBUG 24476 --- [http-nio-8081-exec-7] c.h.i.mapper.ItemMapper.selectBatchIds   : ==>  Preparing: SELECT id,name,price,stock,image,category,brand,spec,sold,comment_count,isAD,status,create_time,update_time,creater,updater FROM item WHERE id IN ( ? , ? , ? )
16:47:14:032 DEBUG 24476 --- [http-nio-8081-exec-7] c.h.i.mapper.ItemMapper.selectBatchIds   : ==> Parameters: 100000006163(Long), 100001511821(Long), 2120808(Long)
16:47:14:033 DEBUG 24476 --- [http-nio-8081-exec-7] c.h.i.mapper.ItemMapper.selectBatchIds   : <==      Total: 3
16:47:14:132 DEBUG 25524 --- [http-nio-8083-exec-9] c.h.i.mapper.ItemMapper.selectBatchIds   : ==>  Preparing: SELECT id,name,price,stock,image,category,brand,spec,sold,comment_count,isAD,status,create_time,update_time,creater,updater FROM item WHERE id IN ( ? , ? , ? )
16:47:14:132 DEBUG 25524 --- [http-nio-8083-exec-9] c.h.i.mapper.ItemMapper.selectBatchIds   : ==> Parameters: 100000006163(Long), 100001511821(Long), 2120808(Long)
16:47:14:133 DEBUG 25524 --- [http-nio-8083-exec-9] c.h.i.mapper.ItemMapper.selectBatchIds   : <==      Total: 3
16:47:14:232 DEBUG 24476 --- [http-nio-8081-exec-8] c.h.i.mapper.ItemMapper.selectBatchIds   : ==>  Preparing: SELECT id,name,price,stock,image,category,brand,spec,sold,comment_count,isAD,status,create_time,update_time,creater,updater FROM item WHERE id IN ( ? , ? , ? )
16:47:14:232 DEBUG 24476 --- [http-nio-8081-exec-8] c.h.i.mapper.ItemMapper.selectBatchIds   : ==> Parameters: 100000006163(Long), 100001511821(Long), 2120808(Long)
16:47:14:234 DEBUG 24476 --- [http-nio-8081-exec-8] c.h.i.mapper.ItemMapper.selectBatchIds   : <==      Total: 3
16:47:14:334 DEBUG 25524 --- [http-nio-8083-exec-8] c.h.i.mapper.ItemMapper.selectBatchIds   : ==>  Preparing: SELECT id,name,price,stock,image,category,brand,spec,sold,comment_count,isAD,status,create_time,update_time,creater,updater FROM item WHERE id IN ( ? , ? , ? )
16:47:14:334 DEBUG 25524 --- [http-nio-8083-exec-8] c.h.i.mapper.ItemMapper.selectBatchIds   : ==> Parameters: 100000006163(Long), 100001511821(Long), 2120808(Long)
16:47:14:335 DEBUG 25524 --- [http-nio-8083-exec-8] c.h.i.mapper.ItemMapper.selectBatchIds   : <==      Total: 3
16:47:14:533 DEBUG 24476 --- [http-nio-8081-exec-9] c.h.i.mapper.ItemMapper.selectBatchIds   : ==>  Preparing: SELECT id,name,price,stock,image,category,brand,spec,sold,comment_count,isAD,status,create_time,update_time,creater,updater FROM item WHERE id IN ( ? , ? , ? )
16:47:14:534 DEBUG 24476 --- [http-nio-8081-exec-9] c.h.i.mapper.ItemMapper.selectBatchIds   : ==> Parameters: 100000006163(Long), 100001511821(Long), 2120808(Long)
16:47:14:534 DEBUG 24476 --- [http-nio-8081-exec-9] c.h.i.mapper.ItemMapper.selectBatchIds   : <==      Total: 3
16:47:14:632 DEBUG 25524 --- [http-nio-8083-exec-7] c.h.i.mapper.ItemMapper.selectBatchIds   : ==>  Preparing: SELECT id,name,price,stock,image,category,brand,spec,sold,comment_count,isAD,status,create_time,update_time,creater,updater FROM item WHERE id IN ( ? , ? , ? )
16:47:14:632 DEBUG 25524 --- [http-nio-8083-exec-7] c.h.i.mapper.ItemMapper.selectBatchIds   : ==> Parameters: 100000006163(Long), 100001511821(Long), 2120808(Long)
16:47:14:633 DEBUG 25524 --- [http-nio-8083-exec-7] c.h.i.mapper.ItemMapper.selectBatchIds   : <==      Total: 3
16:47:15:032 DEBUG 24476 --- [http-nio-8081-exec-10] c.h.i.mapper.ItemMapper.selectBatchIds   : ==>  Preparing: SELECT id,name,price,stock,image,category,brand,spec,sold,comment_count,isAD,status,create_time,update_time,creater,updater FROM item WHERE id IN ( ? , ? , ? )
16:47:15:032 DEBUG 24476 --- [http-nio-8081-exec-10] c.h.i.mapper.ItemMapper.selectBatchIds   : ==> Parameters: 100000006163(Long), 100001511821(Long), 2120808(Long)
16:47:15:034 DEBUG 24476 --- [http-nio-8081-exec-10] c.h.i.mapper.ItemMapper.selectBatchIds   : <==      Total: 3
16:47:15:132 DEBUG 25524 --- [http-nio-8083-exec-10] c.h.i.mapper.ItemMapper.selectBatchIds   : ==>  Preparing: SELECT id,name,price,stock,image,category,brand,spec,sold,comment_count,isAD,status,create_time,update_time,creater,updater FROM item WHERE id IN ( ? , ? , ? )
16:47:15:132 DEBUG 25524 --- [http-nio-8083-exec-10] c.h.i.mapper.ItemMapper.selectBatchIds   : ==> Parameters: 100000006163(Long), 100001511821(Long), 2120808(Long)
16:47:15:133 DEBUG 25524 --- [http-nio-8083-exec-10] c.h.i.mapper.ItemMapper.selectBatchIds   : <==      Total: 3
16:47:15:231 DEBUG 24476 --- [http-nio-8081-exec-1] c.h.i.mapper.ItemMapper.selectBatchIds   : ==>  Preparing: SELECT id,name,price,stock,image,category,brand,spec,sold,comment_count,isAD,status,create_time,update_time,creater,updater FROM item WHERE id IN ( ? , ? , ? )
16:47:15:231 DEBUG 24476 --- [http-nio-8081-exec-1] c.h.i.mapper.ItemMapper.selectBatchIds   : ==> Parameters: 100000006163(Long), 100001511821(Long), 2120808(Long)
16:47:15:232 DEBUG 24476 --- [http-nio-8081-exec-1] c.h.i.mapper.ItemMapper.selectBatchIds   : <==      Total: 3
16:47:15:332 DEBUG 25524 --- [http-nio-8083-exec-1] c.h.i.mapper.ItemMapper.selectBatchIds   : ==>  Preparing: SELECT id,name,price,stock,image,category,brand,spec,sold,comment_count,isAD,status,create_time,update_time,creater,updater FROM item WHERE id IN ( ? , ? , ? )
16:47:15:332 DEBUG 25524 --- [http-nio-8083-exec-1] c.h.i.mapper.ItemMapper.selectBatchIds   : ==> Parameters: 100000006163(Long), 100001511821(Long), 2120808(Long)
16:47:15:334 DEBUG 25524 --- [http-nio-8083-exec-1] c.h.i.mapper.ItemMapper.selectBatchIds   : <==      Total: 3
16:47:15:533 DEBUG 24476 --- [http-nio-8081-exec-2] c.h.i.mapper.ItemMapper.selectBatchIds   : ==>  Preparing: SELECT id,name,price,stock,image,category,brand,spec,sold,comment_count,isAD,status,create_time,update_time,creater,updater FROM item WHERE id IN ( ? , ? , ? )
16:47:15:533 DEBUG 24476 --- [http-nio-8081-exec-2] c.h.i.mapper.ItemMapper.selectBatchIds   : ==> Parameters: 100000006163(Long), 100001511821(Long), 2120808(Long)
16:47:15:535 DEBUG 24476 --- [http-nio-8081-exec-2] c.h.i.mapper.ItemMapper.selectBatchIds   : <==      Total: 3
16:47:15:632 DEBUG 25524 --- [http-nio-8083-exec-2] c.h.i.mapper.ItemMapper.selectBatchIds   : ==>  Preparing: SELECT id,name,price,stock,image,category,brand,spec,sold,comment_count,isAD,status,create_time,update_time,creater,updater FROM item WHERE id IN ( ? , ? , ? )
16:47:15:632 DEBUG 25524 --- [http-nio-8083-exec-2] c.h.i.mapper.ItemMapper.selectBatchIds   : ==> Parameters: 100000006163(Long), 100001511821(Long), 2120808(Long)
16:47:15:633 DEBUG 25524 --- [http-nio-8083-exec-2] c.h.i.mapper.ItemMapper.selectBatchIds   : <==      Total: 3
16:47:16:030 DEBUG 24476 --- [http-nio-8081-exec-3] c.h.i.mapper.ItemMapper.selectBatchIds   : ==>  Preparing: SELECT id,name,price,stock,image,category,brand,spec,sold,comment_count,isAD,status,create_time,update_time,creater,updater FROM item WHERE id IN ( ? , ? , ? )
16:47:16:030 DEBUG 24476 --- [http-nio-8081-exec-3] c.h.i.mapper.ItemMapper.selectBatchIds   : ==> Parameters: 100000006163(Long), 100001511821(Long), 2120808(Long)
16:47:16:031 DEBUG 24476 --- [http-nio-8081-exec-3] c.h.i.mapper.ItemMapper.selectBatchIds   : <==      Total: 3
16:47:16:131 DEBUG 25524 --- [http-nio-8083-exec-3] c.h.i.mapper.ItemMapper.selectBatchIds   : ==>  Preparing: SELECT id,name,price,stock,image,category,brand,spec,sold,comment_count,isAD,status,create_time,update_time,creater,updater FROM item WHERE id IN ( ? , ? , ? )
16:47:16:131 DEBUG 25524 --- [http-nio-8083-exec-3] c.h.i.mapper.ItemMapper.selectBatchIds   : ==> Parameters: 100000006163(Long), 100001511821(Long), 2120808(Long)
16:47:16:133 DEBUG 25524 --- [http-nio-8083-exec-3] c.h.i.mapper.ItemMapper.selectBatchIds   : <==      Total: 3
16:47:16:231 DEBUG 24476 --- [http-nio-8081-exec-4] c.h.i.mapper.ItemMapper.selectBatchIds   : ==>  Preparing: SELECT id,name,price,stock,image,category,brand,spec,sold,comment_count,isAD,status,create_time,update_time,creater,updater FROM item WHERE id IN ( ? , ? , ? )
16:47:16:232 DEBUG 24476 --- [http-nio-8081-exec-4] c.h.i.mapper.ItemMapper.selectBatchIds   : ==> Parameters: 100000006163(Long), 100001511821(Long), 2120808(Long)
16:47:16:233 DEBUG 24476 --- [http-nio-8081-exec-4] c.h.i.mapper.ItemMapper.selectBatchIds   : <==      Total: 3
16:47:16:332 DEBUG 25524 --- [http-nio-8083-exec-4] c.h.i.mapper.ItemMapper.selectBatchIds   : ==>  Preparing: SELECT id,name,price,stock,image,category,brand,spec,sold,comment_count,isAD,status,create_time,update_time,creater,updater FROM item WHERE id IN ( ? , ? , ? )
16:47:16:333 DEBUG 25524 --- [http-nio-8083-exec-4] c.h.i.mapper.ItemMapper.selectBatchIds   : ==> Parameters: 100000006163(Long), 100001511821(Long), 2120808(Long)
16:47:16:334 DEBUG 25524 --- [http-nio-8083-exec-4] c.h.i.mapper.ItemMapper.selectBatchIds   : <==      Total: 3
16:47:16:532 DEBUG 24476 --- [http-nio-8081-exec-5] c.h.i.mapper.ItemMapper.selectBatchIds   : ==>  Preparing: SELECT id,name,price,stock,image,category,brand,spec,sold,comment_count,isAD,status,create_time,update_time,creater,updater FROM item WHERE id IN ( ? , ? , ? )
16:47:16:532 DEBUG 24476 --- [http-nio-8081-exec-5] c.h.i.mapper.ItemMapper.selectBatchIds   : ==> Parameters: 100000006163(Long), 100001511821(Long), 2120808(Long)
16:47:16:534 DEBUG 24476 --- [http-nio-8081-exec-5] c.h.i.mapper.ItemMapper.selectBatchIds   : <==      Total: 3
16:47:16:629 DEBUG 25524 --- [http-nio-8083-exec-6] c.h.i.mapper.ItemMapper.selectBatchIds   : ==>  Preparing: SELECT id,name,price,stock,image,category,brand,spec,sold,comment_count,isAD,status,create_time,update_time,creater,updater FROM item WHERE id IN ( ? , ? , ? )
16:47:16:630 DEBUG 25524 --- [http-nio-8083-exec-6] c.h.i.mapper.ItemMapper.selectBatchIds   : ==> Parameters: 100000006163(Long), 100001511821(Long), 2120808(Long)
16:47:16:630 DEBUG 25524 --- [http-nio-8083-exec-6] c.h.i.mapper.ItemMapper.selectBatchIds   : <==      Total: 3
16:47:17:033 DEBUG 24476 --- [http-nio-8081-exec-6] c.h.i.mapper.ItemMapper.selectBatchIds   : ==>  Preparing: SELECT id,name,price,stock,image,category,brand,spec,sold,comment_count,isAD,status,create_time,update_time,creater,updater FROM item WHERE id IN ( ? , ? , ? )
16:47:17:033 DEBUG 24476 --- [http-nio-8081-exec-6] c.h.i.mapper.ItemMapper.selectBatchIds   : ==> Parameters: 100000006163(Long), 100001511821(Long), 2120808(Long)
16:47:17:033 DEBUG 24476 --- [http-nio-8081-exec-6] c.h.i.mapper.ItemMapper.selectBatchIds   : <==      Total: 3
16:47:17:130 DEBUG 25524 --- [http-nio-8083-exec-5] c.h.i.mapper.ItemMapper.selectBatchIds   : ==>  Preparing: SELECT id,name,price,stock,image,category,brand,spec,sold,comment_count,isAD,status,create_time,update_time,creater,updater FROM item WHERE id IN ( ? , ? , ? )
16:47:17:130 DEBUG 25524 --- [http-nio-8083-exec-5] c.h.i.mapper.ItemMapper.selectBatchIds   : ==> Parameters: 100000006163(Long), 100001511821(Long), 2120808(Long)
16:47:17:131 DEBUG 25524 --- [http-nio-8083-exec-5] c.h.i.mapper.ItemMapper.selectBatchIds   : <==      Total: 3
16:47:17:231 DEBUG 24476 --- [http-nio-8081-exec-7] c.h.i.mapper.ItemMapper.selectBatchIds   : ==>  Preparing: SELECT id,name,price,stock,image,category,brand,spec,sold,comment_count,isAD,status,create_time,update_time,creater,updater FROM item WHERE id IN ( ? , ? , ? )
16:47:17:231 DEBUG 24476 --- [http-nio-8081-exec-7] c.h.i.mapper.ItemMapper.selectBatchIds   : ==> Parameters: 100000006163(Long), 100001511821(Long), 2120808(Long)
16:47:17:232 DEBUG 24476 --- [http-nio-8081-exec-7] c.h.i.mapper.ItemMapper.selectBatchIds   : <==      Total: 3
16:47:17:333 DEBUG 25524 --- [http-nio-8083-exec-9] c.h.i.mapper.ItemMapper.selectBatchIds   : ==>  Preparing: SELECT id,name,price,stock,image,category,brand,spec,sold,comment_count,isAD,status,create_time,update_time,creater,updater FROM item WHERE id IN ( ? , ? , ? )
16:47:17:333 DEBUG 25524 --- [http-nio-8083-exec-9] c.h.i.mapper.ItemMapper.selectBatchIds   : ==> Parameters: 100000006163(Long), 100001511821(Long), 2120808(Long)
16:47:17:334 DEBUG 25524 --- [http-nio-8083-exec-9] c.h.i.mapper.ItemMapper.selectBatchIds   : <==      Total: 3
16:47:17:533 DEBUG 24476 --- [http-nio-8081-exec-8] c.h.i.mapper.ItemMapper.selectBatchIds   : ==>  Preparing: SELECT id,name,price,stock,image,category,brand,spec,sold,comment_count,isAD,status,create_time,update_time,creater,updater FROM item WHERE id IN ( ? , ? , ? )
16:47:17:533 DEBUG 24476 --- [http-nio-8081-exec-8] c.h.i.mapper.ItemMapper.selectBatchIds   : ==> Parameters: 100000006163(Long), 100001511821(Long), 2120808(Long)
16:47:17:533 DEBUG 24476 --- [http-nio-8081-exec-8] c.h.i.mapper.ItemMapper.selectBatchIds   : <==      Total: 3
16:47:17:633 DEBUG 25524 --- [http-nio-8083-exec-8] c.h.i.mapper.ItemMapper.selectBatchIds   : ==>  Preparing: SELECT id,name,price,stock,image,category,brand,spec,sold,comment_count,isAD,status,create_time,update_time,creater,updater FROM item WHERE id IN ( ? , ? , ? )
16:47:17:633 DEBUG 25524 --- [http-nio-8083-exec-8] c.h.i.mapper.ItemMapper.selectBatchIds   : ==> Parameters: 100000006163(Long), 100001511821(Long), 2120808(Long)
16:47:17:633 DEBUG 25524 --- [http-nio-8083-exec-8] c.h.i.mapper.ItemMapper.selectBatchIds   : <==      Total: 3
16:47:18:033 DEBUG 24476 --- [http-nio-8081-exec-9] c.h.i.mapper.ItemMapper.selectBatchIds   : ==>  Preparing: SELECT id,name,price,stock,image,category,brand,spec,sold,comment_count,isAD,status,create_time,update_time,creater,updater FROM item WHERE id IN ( ? , ? , ? )
16:47:18:033 DEBUG 24476 --- [http-nio-8081-exec-9] c.h.i.mapper.ItemMapper.selectBatchIds   : ==> Parameters: 100000006163(Long), 100001511821(Long), 2120808(Long)
16:47:18:034 DEBUG 24476 --- [http-nio-8081-exec-9] c.h.i.mapper.ItemMapper.selectBatchIds   : <==      Total: 3
16:47:18:132 DEBUG 25524 --- [http-nio-8083-exec-7] c.h.i.mapper.ItemMapper.selectBatchIds   : ==>  Preparing: SELECT id,name,price,stock,image,category,brand,spec,sold,comment_count,isAD,status,create_time,update_time,creater,updater FROM item WHERE id IN ( ? , ? , ? )
16:47:18:132 DEBUG 25524 --- [http-nio-8083-exec-7] c.h.i.mapper.ItemMapper.selectBatchIds   : ==> Parameters: 100000006163(Long), 100001511821(Long), 2120808(Long)
16:47:18:133 DEBUG 25524 --- [http-nio-8083-exec-7] c.h.i.mapper.ItemMapper.selectBatchIds   : <==      Total: 3
16:47:18:232 DEBUG 24476 --- [http-nio-8081-exec-10] c.h.i.mapper.ItemMapper.selectBatchIds   : ==>  Preparing: SELECT id,name,price,stock,image,category,brand,spec,sold,comment_count,isAD,status,create_time,update_time,creater,updater FROM item WHERE id IN ( ? , ? , ? )
16:47:18:232 DEBUG 24476 --- [http-nio-8081-exec-10] c.h.i.mapper.ItemMapper.selectBatchIds   : ==> Parameters: 100000006163(Long), 100001511821(Long), 2120808(Long)
16:47:18:233 DEBUG 24476 --- [http-nio-8081-exec-10] c.h.i.mapper.ItemMapper.selectBatchIds   : <==      Total: 3
16:47:18:334 DEBUG 25524 --- [http-nio-8083-exec-10] c.h.i.mapper.ItemMapper.selectBatchIds   : ==>  Preparing: SELECT id,name,price,stock,image,category,brand,spec,sold,comment_count,isAD,status,create_time,update_time,creater,updater FROM item WHERE id IN ( ? , ? , ? )
16:47:18:334 DEBUG 25524 --- [http-nio-8083-exec-10] c.h.i.mapper.ItemMapper.selectBatchIds   : ==> Parameters: 100000006163(Long), 100001511821(Long), 2120808(Long)
16:47:18:335 DEBUG 25524 --- [http-nio-8083-exec-10] c.h.i.mapper.ItemMapper.selectBatchIds   : <==      Total: 3
16:47:18:532 DEBUG 24476 --- [http-nio-8081-exec-1] c.h.i.mapper.ItemMapper.selectBatchIds   : ==>  Preparing: SELECT id,name,price,stock,image,category,brand,spec,sold,comment_count,isAD,status,create_time,update_time,creater,updater FROM item WHERE id IN ( ? , ? , ? )
16:47:18:532 DEBUG 24476 --- [http-nio-8081-exec-1] c.h.i.mapper.ItemMapper.selectBatchIds   : ==> Parameters: 100000006163(Long), 100001511821(Long), 2120808(Long)
16:47:18:534 DEBUG 24476 --- [http-nio-8081-exec-1] c.h.i.mapper.ItemMapper.selectBatchIds   : <==      Total: 3
16:47:18:631 DEBUG 25524 --- [http-nio-8083-exec-1] c.h.i.mapper.ItemMapper.selectBatchIds   : ==>  Preparing: SELECT id,name,price,stock,image,category,brand,spec,sold,comment_count,isAD,status,create_time,update_time,creater,updater FROM item WHERE id IN ( ? , ? , ? )
16:47:18:631 DEBUG 25524 --- [http-nio-8083-exec-1] c.h.i.mapper.ItemMapper.selectBatchIds   : ==> Parameters: 100000006163(Long), 100001511821(Long), 2120808(Long)
16:47:18:632 DEBUG 25524 --- [http-nio-8083-exec-1] c.h.i.mapper.ItemMapper.selectBatchIds   : <==      Total: 3
16:47:19:030 DEBUG 24476 --- [http-nio-8081-exec-2] c.h.i.mapper.ItemMapper.selectBatchIds   : ==>  Preparing: SELECT id,name,price,stock,image,category,brand,spec,sold,comment_count,isAD,status,create_time,update_time,creater,updater FROM item WHERE id IN ( ? , ? , ? )
16:47:19:031 DEBUG 24476 --- [http-nio-8081-exec-2] c.h.i.mapper.ItemMapper.selectBatchIds   : ==> Parameters: 100000006163(Long), 100001511821(Long), 2120808(Long)
16:47:19:032 DEBUG 24476 --- [http-nio-8081-exec-2] c.h.i.mapper.ItemMapper.selectBatchIds   : <==      Total: 3
16:47:19:132 DEBUG 25524 --- [http-nio-8083-exec-2] c.h.i.mapper.ItemMapper.selectBatchIds   : ==>  Preparing: SELECT id,name,price,stock,image,category,brand,spec,sold,comment_count,isAD,status,create_time,update_time,creater,updater FROM item WHERE id IN ( ? , ? , ? )
16:47:19:133 DEBUG 25524 --- [http-nio-8083-exec-2] c.h.i.mapper.ItemMapper.selectBatchIds   : ==> Parameters: 100000006163(Long), 100001511821(Long), 2120808(Long)
16:47:19:134 DEBUG 25524 --- [http-nio-8083-exec-2] c.h.i.mapper.ItemMapper.selectBatchIds   : <==      Total: 3
16:47:19:233 DEBUG 24476 --- [http-nio-8081-exec-3] c.h.i.mapper.ItemMapper.selectBatchIds   : ==>  Preparing: SELECT id,name,price,stock,image,category,brand,spec,sold,comment_count,isAD,status,create_time,update_time,creater,updater FROM item WHERE id IN ( ? , ? , ? )
16:47:19:234 DEBUG 24476 --- [http-nio-8081-exec-3] c.h.i.mapper.ItemMapper.selectBatchIds   : ==> Parameters: 100000006163(Long), 100001511821(Long), 2120808(Long)
16:47:19:235 DEBUG 24476 --- [http-nio-8081-exec-3] c.h.i.mapper.ItemMapper.selectBatchIds   : <==      Total: 3
16:47:19:334 DEBUG 25524 --- [http-nio-8083-exec-3] c.h.i.mapper.ItemMapper.selectBatchIds   : ==>  Preparing: SELECT id,name,price,stock,image,category,brand,spec,sold,comment_count,isAD,status,create_time,update_time,creater,updater FROM item WHERE id IN ( ? , ? , ? )
16:47:19:334 DEBUG 25524 --- [http-nio-8083-exec-3] c.h.i.mapper.ItemMapper.selectBatchIds   : ==> Parameters: 100000006163(Long), 100001511821(Long), 2120808(Long)
16:47:19:336 DEBUG 25524 --- [http-nio-8083-exec-3] c.h.i.mapper.ItemMapper.selectBatchIds   : <==      Total: 3
16:47:19:532 DEBUG 24476 --- [http-nio-8081-exec-4] c.h.i.mapper.ItemMapper.selectBatchIds   : ==>  Preparing: SELECT id,name,price,stock,image,category,brand,spec,sold,comment_count,isAD,status,create_time,update_time,creater,updater FROM item WHERE id IN ( ? , ? , ? )
16:47:19:532 DEBUG 24476 --- [http-nio-8081-exec-4] c.h.i.mapper.ItemMapper.selectBatchIds   : ==> Parameters: 100000006163(Long), 100001511821(Long), 2120808(Long)
16:47:19:533 DEBUG 24476 --- [http-nio-8081-exec-4] c.h.i.mapper.ItemMapper.selectBatchIds   : <==      Total: 3
16:47:19:632 DEBUG 25524 --- [http-nio-8083-exec-4] c.h.i.mapper.ItemMapper.selectBatchIds   : ==>  Preparing: SELECT id,name,price,stock,image,category,brand,spec,sold,comment_count,isAD,status,create_time,update_time,creater,updater FROM item WHERE id IN ( ? , ? , ? )
16:47:19:632 DEBUG 25524 --- [http-nio-8083-exec-4] c.h.i.mapper.ItemMapper.selectBatchIds   : ==> Parameters: 100000006163(Long), 100001511821(Long), 2120808(Long)
16:47:19:633 DEBUG 25524 --- [http-nio-8083-exec-4] c.h.i.mapper.ItemMapper.selectBatchIds   : <==      Total: 3
16:47:20:031 DEBUG 24476 --- [http-nio-8081-exec-5] c.h.i.mapper.ItemMapper.selectBatchIds   : ==>  Preparing: SELECT id,name,price,stock,image,category,brand,spec,sold,comment_count,isAD,status,create_time,update_time,creater,updater FROM item WHERE id IN ( ? , ? , ? )
16:47:20:031 DEBUG 24476 --- [http-nio-8081-exec-5] c.h.i.mapper.ItemMapper.selectBatchIds   : ==> Parameters: 100000006163(Long), 100001511821(Long), 2120808(Long)
16:47:20:032 DEBUG 24476 --- [http-nio-8081-exec-5] c.h.i.mapper.ItemMapper.selectBatchIds   : <==      Total: 3
16:47:20:131 DEBUG 25524 --- [http-nio-8083-exec-6] c.h.i.mapper.ItemMapper.selectBatchIds   : ==>  Preparing: SELECT id,name,price,stock,image,category,brand,spec,sold,comment_count,isAD,status,create_time,update_time,creater,updater FROM item WHERE id IN ( ? , ? , ? )
16:47:20:131 DEBUG 25524 --- [http-nio-8083-exec-6] c.h.i.mapper.ItemMapper.selectBatchIds   : ==> Parameters: 100000006163(Long), 100001511821(Long), 2120808(Long)
16:47:20:132 DEBUG 25524 --- [http-nio-8083-exec-6] c.h.i.mapper.ItemMapper.selectBatchIds   : <==      Total: 3
16:47:20:232 DEBUG 24476 --- [http-nio-8081-exec-6] c.h.i.mapper.ItemMapper.selectBatchIds   : ==>  Preparing: SELECT id,name,price,stock,image,category,brand,spec,sold,comment_count,isAD,status,create_time,update_time,creater,updater FROM item WHERE id IN ( ? , ? , ? )
16:47:20:232 DEBUG 24476 --- [http-nio-8081-exec-6] c.h.i.mapper.ItemMapper.selectBatchIds   : ==> Parameters: 100000006163(Long), 100001511821(Long), 2120808(Long)
16:47:20:233 DEBUG 24476 --- [http-nio-8081-exec-6] c.h.i.mapper.ItemMapper.selectBatchIds   : <==      Total: 3
16:47:20:334 DEBUG 25524 --- [http-nio-8083-exec-5] c.h.i.mapper.ItemMapper.selectBatchIds   : ==>  Preparing: SELECT id,name,price,stock,image,category,brand,spec,sold,comment_count,isAD,status,create_time,update_time,creater,updater FROM item WHERE id IN ( ? , ? , ? )
16:47:20:335 DEBUG 25524 --- [http-nio-8083-exec-5] c.h.i.mapper.ItemMapper.selectBatchIds   : ==> Parameters: 100000006163(Long), 100001511821(Long), 2120808(Long)
16:47:20:336 DEBUG 25524 --- [http-nio-8083-exec-5] c.h.i.mapper.ItemMapper.selectBatchIds   : <==      Total: 3
16:47:20:532 DEBUG 24476 --- [http-nio-8081-exec-7] c.h.i.mapper.ItemMapper.selectBatchIds   : ==>  Preparing: SELECT id,name,price,stock,image,category,brand,spec,sold,comment_count,isAD,status,create_time,update_time,creater,updater FROM item WHERE id IN ( ? , ? , ? )
16:47:20:532 DEBUG 24476 --- [http-nio-8081-exec-7] c.h.i.mapper.ItemMapper.selectBatchIds   : ==> Parameters: 100000006163(Long), 100001511821(Long), 2120808(Long)
16:47:20:533 DEBUG 24476 --- [http-nio-8081-exec-7] c.h.i.mapper.ItemMapper.selectBatchIds   : <==      Total: 3
16:47:20:631 DEBUG 25524 --- [http-nio-8083-exec-9] c.h.i.mapper.ItemMapper.selectBatchIds   : ==>  Preparing: SELECT id,name,price,stock,image,category,brand,spec,sold,comment_count,isAD,status,create_time,update_time,creater,updater FROM item WHERE id IN ( ? , ? , ? )
16:47:20:632 DEBUG 25524 --- [http-nio-8083-exec-9] c.h.i.mapper.ItemMapper.selectBatchIds   : ==> Parameters: 100000006163(Long), 100001511821(Long), 2120808(Long)
16:47:20:633 DEBUG 25524 --- [http-nio-8083-exec-9] c.h.i.mapper.ItemMapper.selectBatchIds   : <==      Total: 3
16:47:21:031 DEBUG 24476 --- [http-nio-8081-exec-8] c.h.i.mapper.ItemMapper.selectBatchIds   : ==>  Preparing: SELECT id,name,price,stock,image,category,brand,spec,sold,comment_count,isAD,status,create_time,update_time,creater,updater FROM item WHERE id IN ( ? , ? , ? )
16:47:21:031 DEBUG 24476 --- [http-nio-8081-exec-8] c.h.i.mapper.ItemMapper.selectBatchIds   : ==> Parameters: 100000006163(Long), 100001511821(Long), 2120808(Long)
16:47:21:031 DEBUG 24476 --- [http-nio-8081-exec-8] c.h.i.mapper.ItemMapper.selectBatchIds   : <==      Total: 3
16:47:21:131 DEBUG 25524 --- [http-nio-8083-exec-8] c.h.i.mapper.ItemMapper.selectBatchIds   : ==>  Preparing: SELECT id,name,price,stock,image,category,brand,spec,sold,comment_count,isAD,status,create_time,update_time,creater,updater FROM item WHERE id IN ( ? , ? , ? )
16:47:21:131 DEBUG 25524 --- [http-nio-8083-exec-8] c.h.i.mapper.ItemMapper.selectBatchIds   : ==> Parameters: 100000006163(Long), 100001511821(Long), 2120808(Long)
16:47:21:132 DEBUG 25524 --- [http-nio-8083-exec-8] c.h.i.mapper.ItemMapper.selectBatchIds   : <==      Total: 3
16:47:21:230 DEBUG 24476 --- [http-nio-8081-exec-9] c.h.i.mapper.ItemMapper.selectBatchIds   : ==>  Preparing: SELECT id,name,price,stock,image,category,brand,spec,sold,comment_count,isAD,status,create_time,update_time,creater,updater FROM item WHERE id IN ( ? , ? , ? )
16:47:21:231 DEBUG 24476 --- [http-nio-8081-exec-9] c.h.i.mapper.ItemMapper.selectBatchIds   : ==> Parameters: 100000006163(Long), 100001511821(Long), 2120808(Long)
16:47:21:231 DEBUG 24476 --- [http-nio-8081-exec-9] c.h.i.mapper.ItemMapper.selectBatchIds   : <==      Total: 3
16:47:21:332 DEBUG 25524 --- [http-nio-8083-exec-7] c.h.i.mapper.ItemMapper.selectBatchIds   : ==>  Preparing: SELECT id,name,price,stock,image,category,brand,spec,sold,comment_count,isAD,status,create_time,update_time,creater,updater FROM item WHERE id IN ( ? , ? , ? )
16:47:21:332 DEBUG 25524 --- [http-nio-8083-exec-7] c.h.i.mapper.ItemMapper.selectBatchIds   : ==> Parameters: 100000006163(Long), 100001511821(Long), 2120808(Long)
16:47:21:334 DEBUG 25524 --- [http-nio-8083-exec-7] c.h.i.mapper.ItemMapper.selectBatchIds   : <==      Total: 3
16:47:21:531 DEBUG 24476 --- [http-nio-8081-exec-10] c.h.i.mapper.ItemMapper.selectBatchIds   : ==>  Preparing: SELECT id,name,price,stock,image,category,brand,spec,sold,comment_count,isAD,status,create_time,update_time,creater,updater FROM item WHERE id IN ( ? , ? , ? )
16:47:21:532 DEBUG 24476 --- [http-nio-8081-exec-10] c.h.i.mapper.ItemMapper.selectBatchIds   : ==> Parameters: 100000006163(Long), 100001511821(Long), 2120808(Long)
16:47:21:533 DEBUG 24476 --- [http-nio-8081-exec-10] c.h.i.mapper.ItemMapper.selectBatchIds   : <==      Total: 3
16:47:21:631 DEBUG 25524 --- [http-nio-8083-exec-10] c.h.i.mapper.ItemMapper.selectBatchIds   : ==>  Preparing: SELECT id,name,price,stock,image,category,brand,spec,sold,comment_count,isAD,status,create_time,update_time,creater,updater FROM item WHERE id IN ( ? , ? , ? )
16:47:21:631 DEBUG 25524 --- [http-nio-8083-exec-10] c.h.i.mapper.ItemMapper.selectBatchIds   : ==> Parameters: 100000006163(Long), 100001511821(Long), 2120808(Long)
16:47:21:632 DEBUG 25524 --- [http-nio-8083-exec-10] c.h.i.mapper.ItemMapper.selectBatchIds   : <==      Total: 3
16:47:22:031 DEBUG 24476 --- [http-nio-8081-exec-1] c.h.i.mapper.ItemMapper.selectBatchIds   : ==>  Preparing: SELECT id,name,price,stock,image,category,brand,spec,sold,comment_count,isAD,status,create_time,update_time,creater,updater FROM item WHERE id IN ( ? , ? , ? )
16:47:22:031 DEBUG 24476 --- [http-nio-8081-exec-1] c.h.i.mapper.ItemMapper.selectBatchIds   : ==> Parameters: 100000006163(Long), 100001511821(Long), 2120808(Long)
16:47:22:032 DEBUG 24476 --- [http-nio-8081-exec-1] c.h.i.mapper.ItemMapper.selectBatchIds   : <==      Total: 3
16:47:22:131 DEBUG 25524 --- [http-nio-8083-exec-1] c.h.i.mapper.ItemMapper.selectBatchIds   : ==>  Preparing: SELECT id,name,price,stock,image,category,brand,spec,sold,comment_count,isAD,status,create_time,update_time,creater,updater FROM item WHERE id IN ( ? , ? , ? )
16:47:22:131 DEBUG 25524 --- [http-nio-8083-exec-1] c.h.i.mapper.ItemMapper.selectBatchIds   : ==> Parameters: 100000006163(Long), 100001511821(Long), 2120808(Long)
16:47:22:132 DEBUG 25524 --- [http-nio-8083-exec-1] c.h.i.mapper.ItemMapper.selectBatchIds   : <==      Total: 3
16:47:22:231 DEBUG 24476 --- [http-nio-8081-exec-2] c.h.i.mapper.ItemMapper.selectBatchIds   : ==>  Preparing: SELECT id,name,price,stock,image,category,brand,spec,sold,comment_count,isAD,status,create_time,update_time,creater,updater FROM item WHERE id IN ( ? , ? , ? )
16:47:22:231 DEBUG 24476 --- [http-nio-8081-exec-2] c.h.i.mapper.ItemMapper.selectBatchIds   : ==> Parameters: 100000006163(Long), 100001511821(Long), 2120808(Long)
16:47:22:232 DEBUG 24476 --- [http-nio-8081-exec-2] c.h.i.mapper.ItemMapper.selectBatchIds   : <==      Total: 3
16:47:22:333 DEBUG 25524 --- [http-nio-8083-exec-2] c.h.i.mapper.ItemMapper.selectBatchIds   : ==>  Preparing: SELECT id,name,price,stock,image,category,brand,spec,sold,comment_count,isAD,status,create_time,update_time,creater,updater FROM item WHERE id IN ( ? , ? , ? )
16:47:22:333 DEBUG 25524 --- [http-nio-8083-exec-2] c.h.i.mapper.ItemMapper.selectBatchIds   : ==> Parameters: 100000006163(Long), 100001511821(Long), 2120808(Long)
16:47:22:335 DEBUG 25524 --- [http-nio-8083-exec-2] c.h.i.mapper.ItemMapper.selectBatchIds   : <==      Total: 3
16:47:22:531 DEBUG 24476 --- [http-nio-8081-exec-3] c.h.i.mapper.ItemMapper.selectBatchIds   : ==>  Preparing: SELECT id,name,price,stock,image,category,brand,spec,sold,comment_count,isAD,status,create_time,update_time,creater,updater FROM item WHERE id IN ( ? , ? , ? )
16:47:22:531 DEBUG 24476 --- [http-nio-8081-exec-3] c.h.i.mapper.ItemMapper.selectBatchIds   : ==> Parameters: 100000006163(Long), 100001511821(Long), 2120808(Long)
16:47:22:534 DEBUG 24476 --- [http-nio-8081-exec-3] c.h.i.mapper.ItemMapper.selectBatchIds   : <==      Total: 3
16:47:22:632 DEBUG 25524 --- [http-nio-8083-exec-3] c.h.i.mapper.ItemMapper.selectBatchIds   : ==>  Preparing: SELECT id,name,price,stock,image,category,brand,spec,sold,comment_count,isAD,status,create_time,update_time,creater,updater FROM item WHERE id IN ( ? , ? , ? )
16:47:22:632 DEBUG 25524 --- [http-nio-8083-exec-3] c.h.i.mapper.ItemMapper.selectBatchIds   : ==> Parameters: 100000006163(Long), 100001511821(Long), 2120808(Long)
16:47:22:634 DEBUG 25524 --- [http-nio-8083-exec-3] c.h.i.mapper.ItemMapper.selectBatchIds   : <==      Total: 3
16:47:23:031 DEBUG 24476 --- [http-nio-8081-exec-4] c.h.i.mapper.ItemMapper.selectBatchIds   : ==>  Preparing: SELECT id,name,price,stock,image,category,brand,spec,sold,comment_count,isAD,status,create_time,update_time,creater,updater FROM item WHERE id IN ( ? , ? , ? )
16:47:23:031 DEBUG 24476 --- [http-nio-8081-exec-4] c.h.i.mapper.ItemMapper.selectBatchIds   : ==> Parameters: 100000006163(Long), 100001511821(Long), 2120808(Long)
16:47:23:032 DEBUG 24476 --- [http-nio-8081-exec-4] c.h.i.mapper.ItemMapper.selectBatchIds   : <==      Total: 3
16:47:23:130 DEBUG 25524 --- [http-nio-8083-exec-4] c.h.i.mapper.ItemMapper.selectBatchIds   : ==>  Preparing: SELECT id,name,price,stock,image,category,brand,spec,sold,comment_count,isAD,status,create_time,update_time,creater,updater FROM item WHERE id IN ( ? , ? , ? )
16:47:23:131 DEBUG 25524 --- [http-nio-8083-exec-4] c.h.i.mapper.ItemMapper.selectBatchIds   : ==> Parameters: 100000006163(Long), 100001511821(Long), 2120808(Long)
16:47:23:132 DEBUG 25524 --- [http-nio-8083-exec-4] c.h.i.mapper.ItemMapper.selectBatchIds   : <==      Total: 3
16:47:23:231 DEBUG 24476 --- [http-nio-8081-exec-5] c.h.i.mapper.ItemMapper.selectBatchIds   : ==>  Preparing: SELECT id,name,price,stock,image,category,brand,spec,sold,comment_count,isAD,status,create_time,update_time,creater,updater FROM item WHERE id IN ( ? , ? , ? )
16:47:23:231 DEBUG 24476 --- [http-nio-8081-exec-5] c.h.i.mapper.ItemMapper.selectBatchIds   : ==> Parameters: 100000006163(Long), 100001511821(Long), 2120808(Long)
16:47:23:233 DEBUG 24476 --- [http-nio-8081-exec-5] c.h.i.mapper.ItemMapper.selectBatchIds   : <==      Total: 3
16:47:23:331 DEBUG 25524 --- [http-nio-8083-exec-6] c.h.i.mapper.ItemMapper.selectBatchIds   : ==>  Preparing: SELECT id,name,price,stock,image,category,brand,spec,sold,comment_count,isAD,status,create_time,update_time,creater,updater FROM item WHERE id IN ( ? , ? , ? )
16:47:23:333 DEBUG 25524 --- [http-nio-8083-exec-6] c.h.i.mapper.ItemMapper.selectBatchIds   : ==> Parameters: 100000006163(Long), 100001511821(Long), 2120808(Long)
16:47:23:333 DEBUG 25524 --- [http-nio-8083-exec-6] c.h.i.mapper.ItemMapper.selectBatchIds   : <==      Total: 3
16:47:23:531 DEBUG 24476 --- [http-nio-8081-exec-6] c.h.i.mapper.ItemMapper.selectBatchIds   : ==>  Preparing: SELECT id,name,price,stock,image,category,brand,spec,sold,comment_count,isAD,status,create_time,update_time,creater,updater FROM item WHERE id IN ( ? , ? , ? )
16:47:23:531 DEBUG 24476 --- [http-nio-8081-exec-6] c.h.i.mapper.ItemMapper.selectBatchIds   : ==> Parameters: 100000006163(Long), 100001511821(Long), 2120808(Long)
16:47:23:534 DEBUG 24476 --- [http-nio-8081-exec-6] c.h.i.mapper.ItemMapper.selectBatchIds   : <==      Total: 3
16:47:23:630 DEBUG 25524 --- [http-nio-8083-exec-5] c.h.i.mapper.ItemMapper.selectBatchIds   : ==>  Preparing: SELECT id,name,price,stock,image,category,brand,spec,sold,comment_count,isAD,status,create_time,update_time,creater,updater FROM item WHERE id IN ( ? , ? , ? )
16:47:23:630 DEBUG 25524 --- [http-nio-8083-exec-5] c.h.i.mapper.ItemMapper.selectBatchIds   : ==> Parameters: 100000006163(Long), 100001511821(Long), 2120808(Long)
16:47:23:631 DEBUG 25524 --- [http-nio-8083-exec-5] c.h.i.mapper.ItemMapper.selectBatchIds   : <==      Total: 3
16:47:24:034 DEBUG 24476 --- [http-nio-8081-exec-7] c.h.i.mapper.ItemMapper.selectBatchIds   : ==>  Preparing: SELECT id,name,price,stock,image,category,brand,spec,sold,comment_count,isAD,status,create_time,update_time,creater,updater FROM item WHERE id IN ( ? , ? , ? )
16:47:24:035 DEBUG 24476 --- [http-nio-8081-exec-7] c.h.i.mapper.ItemMapper.selectBatchIds   : ==> Parameters: 100000006163(Long), 100001511821(Long), 2120808(Long)
16:47:24:035 DEBUG 24476 --- [http-nio-8081-exec-7] c.h.i.mapper.ItemMapper.selectBatchIds   : <==      Total: 3
16:47:24:134 DEBUG 25524 --- [http-nio-8083-exec-9] c.h.i.mapper.ItemMapper.selectBatchIds   : ==>  Preparing: SELECT id,name,price,stock,image,category,brand,spec,sold,comment_count,isAD,status,create_time,update_time,creater,updater FROM item WHERE id IN ( ? , ? , ? )
16:47:24:134 DEBUG 25524 --- [http-nio-8083-exec-9] c.h.i.mapper.ItemMapper.selectBatchIds   : ==> Parameters: 100000006163(Long), 100001511821(Long), 2120808(Long)
16:47:24:134 DEBUG 25524 --- [http-nio-8083-exec-9] c.h.i.mapper.ItemMapper.selectBatchIds   : <==      Total: 3
16:47:24:233 DEBUG 24476 --- [http-nio-8081-exec-8] c.h.i.mapper.ItemMapper.selectBatchIds   : ==>  Preparing: SELECT id,name,price,stock,image,category,brand,spec,sold,comment_count,isAD,status,create_time,update_time,creater,updater FROM item WHERE id IN ( ? , ? , ? )
16:47:24:233 DEBUG 24476 --- [http-nio-8081-exec-8] c.h.i.mapper.ItemMapper.selectBatchIds   : ==> Parameters: 100000006163(Long), 100001511821(Long), 2120808(Long)
16:47:24:235 DEBUG 24476 --- [http-nio-8081-exec-8] c.h.i.mapper.ItemMapper.selectBatchIds   : <==      Total: 3
16:47:24:335 DEBUG 25524 --- [http-nio-8083-exec-8] c.h.i.mapper.ItemMapper.selectBatchIds   : ==>  Preparing: SELECT id,name,price,stock,image,category,brand,spec,sold,comment_count,isAD,status,create_time,update_time,creater,updater FROM item WHERE id IN ( ? , ? , ? )
16:47:24:335 DEBUG 25524 --- [http-nio-8083-exec-8] c.h.i.mapper.ItemMapper.selectBatchIds   : ==> Parameters: 100000006163(Long), 100001511821(Long), 2120808(Long)
16:47:24:336 DEBUG 25524 --- [http-nio-8083-exec-8] c.h.i.mapper.ItemMapper.selectBatchIds   : <==      Total: 3
16:47:24:532 DEBUG 24476 --- [http-nio-8081-exec-9] c.h.i.mapper.ItemMapper.selectBatchIds   : ==>  Preparing: SELECT id,name,price,stock,image,category,brand,spec,sold,comment_count,isAD,status,create_time,update_time,creater,updater FROM item WHERE id IN ( ? , ? , ? )
16:47:24:532 DEBUG 24476 --- [http-nio-8081-exec-9] c.h.i.mapper.ItemMapper.selectBatchIds   : ==> Parameters: 100000006163(Long), 100001511821(Long), 2120808(Long)
16:47:24:533 DEBUG 24476 --- [http-nio-8081-exec-9] c.h.i.mapper.ItemMapper.selectBatchIds   : <==      Total: 3
16:47:24:632 DEBUG 25524 --- [http-nio-8083-exec-7] c.h.i.mapper.ItemMapper.selectBatchIds   : ==>  Preparing: SELECT id,name,price,stock,image,category,brand,spec,sold,comment_count,isAD,status,create_time,update_time,creater,updater FROM item WHERE id IN ( ? , ? , ? )
16:47:24:632 DEBUG 25524 --- [http-nio-8083-exec-7] c.h.i.mapper.ItemMapper.selectBatchIds   : ==> Parameters: 100000006163(Long), 100001511821(Long), 2120808(Long)
16:47:24:633 DEBUG 25524 --- [http-nio-8083-exec-7] c.h.i.mapper.ItemMapper.selectBatchIds   : <==      Total: 3
16:47:25:032 DEBUG 24476 --- [http-nio-8081-exec-10] c.h.i.mapper.ItemMapper.selectBatchIds   : ==>  Preparing: SELECT id,name,price,stock,image,category,brand,spec,sold,comment_count,isAD,status,create_time,update_time,creater,updater FROM item WHERE id IN ( ? , ? , ? )
16:47:25:032 DEBUG 24476 --- [http-nio-8081-exec-10] c.h.i.mapper.ItemMapper.selectBatchIds   : ==> Parameters: 100000006163(Long), 100001511821(Long), 2120808(Long)
16:47:25:033 DEBUG 24476 --- [http-nio-8081-exec-10] c.h.i.mapper.ItemMapper.selectBatchIds   : <==      Total: 3
16:47:25:131 DEBUG 25524 --- [http-nio-8083-exec-10] c.h.i.mapper.ItemMapper.selectBatchIds   : ==>  Preparing: SELECT id,name,price,stock,image,category,brand,spec,sold,comment_count,isAD,status,create_time,update_time,creater,updater FROM item WHERE id IN ( ? , ? , ? )
16:47:25:131 DEBUG 25524 --- [http-nio-8083-exec-10] c.h.i.mapper.ItemMapper.selectBatchIds   : ==> Parameters: 100000006163(Long), 100001511821(Long), 2120808(Long)
16:47:25:133 DEBUG 25524 --- [http-nio-8083-exec-10] c.h.i.mapper.ItemMapper.selectBatchIds   : <==      Total: 3
16:47:25:230 DEBUG 24476 --- [http-nio-8081-exec-1] c.h.i.mapper.ItemMapper.selectBatchIds   : ==>  Preparing: SELECT id,name,price,stock,image,category,brand,spec,sold,comment_count,isAD,status,create_time,update_time,creater,updater FROM item WHERE id IN ( ? , ? , ? )
16:47:25:230 DEBUG 24476 --- [http-nio-8081-exec-1] c.h.i.mapper.ItemMapper.selectBatchIds   : ==> Parameters: 100000006163(Long), 100001511821(Long), 2120808(Long)
16:47:25:231 DEBUG 24476 --- [http-nio-8081-exec-1] c.h.i.mapper.ItemMapper.selectBatchIds   : <==      Total: 3
16:47:25:332 DEBUG 25524 --- [http-nio-8083-exec-1] c.h.i.mapper.ItemMapper.selectBatchIds   : ==>  Preparing: SELECT id,name,price,stock,image,category,brand,spec,sold,comment_count,isAD,status,create_time,update_time,creater,updater FROM item WHERE id IN ( ? , ? , ? )
16:47:25:333 DEBUG 25524 --- [http-nio-8083-exec-1] c.h.i.mapper.ItemMapper.selectBatchIds   : ==> Parameters: 100000006163(Long), 100001511821(Long), 2120808(Long)
16:47:25:334 DEBUG 25524 --- [http-nio-8083-exec-1] c.h.i.mapper.ItemMapper.selectBatchIds   : <==      Total: 3
16:47:25:532 DEBUG 24476 --- [http-nio-8081-exec-2] c.h.i.mapper.ItemMapper.selectBatchIds   : ==>  Preparing: SELECT id,name,price,stock,image,category,brand,spec,sold,comment_count,isAD,status,create_time,update_time,creater,updater FROM item WHERE id IN ( ? , ? , ? )
16:47:25:532 DEBUG 24476 --- [http-nio-8081-exec-2] c.h.i.mapper.ItemMapper.selectBatchIds   : ==> Parameters: 100000006163(Long), 100001511821(Long), 2120808(Long)
16:47:25:533 DEBUG 24476 --- [http-nio-8081-exec-2] c.h.i.mapper.ItemMapper.selectBatchIds   : <==      Total: 3
16:47:25:630 DEBUG 25524 --- [http-nio-8083-exec-2] c.h.i.mapper.ItemMapper.selectBatchIds   : ==>  Preparing: SELECT id,name,price,stock,image,category,brand,spec,sold,comment_count,isAD,status,create_time,update_time,creater,updater FROM item WHERE id IN ( ? , ? , ? )
16:47:25:630 DEBUG 25524 --- [http-nio-8083-exec-2] c.h.i.mapper.ItemMapper.selectBatchIds   : ==> Parameters: 100000006163(Long), 100001511821(Long), 2120808(Long)
16:47:25:631 DEBUG 25524 --- [http-nio-8083-exec-2] c.h.i.mapper.ItemMapper.selectBatchIds   : <==      Total: 3
16:47:26:030 DEBUG 24476 --- [http-nio-8081-exec-3] c.h.i.mapper.ItemMapper.selectBatchIds   : ==>  Preparing: SELECT id,name,price,stock,image,category,brand,spec,sold,comment_count,isAD,status,create_time,update_time,creater,updater FROM item WHERE id IN ( ? , ? , ? )
16:47:26:030 DEBUG 24476 --- [http-nio-8081-exec-3] c.h.i.mapper.ItemMapper.selectBatchIds   : ==> Parameters: 100000006163(Long), 100001511821(Long), 2120808(Long)
16:47:26:032 DEBUG 24476 --- [http-nio-8081-exec-3] c.h.i.mapper.ItemMapper.selectBatchIds   : <==      Total: 3
16:47:26:132 DEBUG 25524 --- [http-nio-8083-exec-3] c.h.i.mapper.ItemMapper.selectBatchIds   : ==>  Preparing: SELECT id,name,price,stock,image,category,brand,spec,sold,comment_count,isAD,status,create_time,update_time,creater,updater FROM item WHERE id IN ( ? , ? , ? )
16:47:26:132 DEBUG 25524 --- [http-nio-8083-exec-3] c.h.i.mapper.ItemMapper.selectBatchIds   : ==> Parameters: 100000006163(Long), 100001511821(Long), 2120808(Long)
16:47:26:134 DEBUG 25524 --- [http-nio-8083-exec-3] c.h.i.mapper.ItemMapper.selectBatchIds   : <==      Total: 3
16:47:26:231 DEBUG 24476 --- [http-nio-8081-exec-4] c.h.i.mapper.ItemMapper.selectBatchIds   : ==>  Preparing: SELECT id,name,price,stock,image,category,brand,spec,sold,comment_count,isAD,status,create_time,update_time,creater,updater FROM item WHERE id IN ( ? , ? , ? )
16:47:26:232 DEBUG 24476 --- [http-nio-8081-exec-4] c.h.i.mapper.ItemMapper.selectBatchIds   : ==> Parameters: 100000006163(Long), 100001511821(Long), 2120808(Long)
16:47:26:232 DEBUG 24476 --- [http-nio-8081-exec-4] c.h.i.mapper.ItemMapper.selectBatchIds   : <==      Total: 3
16:47:26:332 DEBUG 25524 --- [http-nio-8083-exec-4] c.h.i.mapper.ItemMapper.selectBatchIds   : ==>  Preparing: SELECT id,name,price,stock,image,category,brand,spec,sold,comment_count,isAD,status,create_time,update_time,creater,updater FROM item WHERE id IN ( ? , ? , ? )
16:47:26:332 DEBUG 25524 --- [http-nio-8083-exec-4] c.h.i.mapper.ItemMapper.selectBatchIds   : ==> Parameters: 100000006163(Long), 100001511821(Long), 2120808(Long)
16:47:26:334 DEBUG 25524 --- [http-nio-8083-exec-4] c.h.i.mapper.ItemMapper.selectBatchIds   : <==      Total: 3
16:47:26:543 DEBUG 24476 --- [http-nio-8081-exec-5] c.h.i.mapper.ItemMapper.selectBatchIds   : ==>  Preparing: SELECT id,name,price,stock,image,category,brand,spec,sold,comment_count,isAD,status,create_time,update_time,creater,updater FROM item WHERE id IN ( ? , ? , ? )
16:47:26:543 DEBUG 24476 --- [http-nio-8081-exec-5] c.h.i.mapper.ItemMapper.selectBatchIds   : ==> Parameters: 100000006163(Long), 100001511821(Long), 2120808(Long)
16:47:26:545 DEBUG 24476 --- [http-nio-8081-exec-5] c.h.i.mapper.ItemMapper.selectBatchIds   : <==      Total: 3
16:47:26:632 DEBUG 25524 --- [http-nio-8083-exec-6] c.h.i.mapper.ItemMapper.selectBatchIds   : ==>  Preparing: SELECT id,name,price,stock,image,category,brand,spec,sold,comment_count,isAD,status,create_time,update_time,creater,updater FROM item WHERE id IN ( ? , ? , ? )
16:47:26:632 DEBUG 25524 --- [http-nio-8083-exec-6] c.h.i.mapper.ItemMapper.selectBatchIds   : ==> Parameters: 100000006163(Long), 100001511821(Long), 2120808(Long)
16:47:26:633 DEBUG 25524 --- [http-nio-8083-exec-6] c.h.i.mapper.ItemMapper.selectBatchIds   : <==      Total: 3
16:47:27:030 DEBUG 24476 --- [http-nio-8081-exec-6] c.h.i.mapper.ItemMapper.selectBatchIds   : ==>  Preparing: SELECT id,name,price,stock,image,category,brand,spec,sold,comment_count,isAD,status,create_time,update_time,creater,updater FROM item WHERE id IN ( ? , ? , ? )
16:47:27:030 DEBUG 24476 --- [http-nio-8081-exec-6] c.h.i.mapper.ItemMapper.selectBatchIds   : ==> Parameters: 100000006163(Long), 100001511821(Long), 2120808(Long)
16:47:27:031 DEBUG 24476 --- [http-nio-8081-exec-6] c.h.i.mapper.ItemMapper.selectBatchIds   : <==      Total: 3
16:47:27:130 DEBUG 25524 --- [http-nio-8083-exec-5] c.h.i.mapper.ItemMapper.selectBatchIds   : ==>  Preparing: SELECT id,name,price,stock,image,category,brand,spec,sold,comment_count,isAD,status,create_time,update_time,creater,updater FROM item WHERE id IN ( ? , ? , ? )
16:47:27:130 DEBUG 25524 --- [http-nio-8083-exec-5] c.h.i.mapper.ItemMapper.selectBatchIds   : ==> Parameters: 100000006163(Long), 100001511821(Long), 2120808(Long)
16:47:27:131 DEBUG 25524 --- [http-nio-8083-exec-5] c.h.i.mapper.ItemMapper.selectBatchIds   : <==      Total: 3
16:47:27:230 DEBUG 24476 --- [http-nio-8081-exec-7] c.h.i.mapper.ItemMapper.selectBatchIds   : ==>  Preparing: SELECT id,name,price,stock,image,category,brand,spec,sold,comment_count,isAD,status,create_time,update_time,creater,updater FROM item WHERE id IN ( ? , ? , ? )
16:47:27:230 DEBUG 24476 --- [http-nio-8081-exec-7] c.h.i.mapper.ItemMapper.selectBatchIds   : ==> Parameters: 100000006163(Long), 100001511821(Long), 2120808(Long)
16:47:27:231 DEBUG 24476 --- [http-nio-8081-exec-7] c.h.i.mapper.ItemMapper.selectBatchIds   : <==      Total: 3
16:47:27:333 DEBUG 25524 --- [http-nio-8083-exec-9] c.h.i.mapper.ItemMapper.selectBatchIds   : ==>  Preparing: SELECT id,name,price,stock,image,category,brand,spec,sold,comment_count,isAD,status,create_time,update_time,creater,updater FROM item WHERE id IN ( ? , ? , ? )
16:47:27:333 DEBUG 25524 --- [http-nio-8083-exec-9] c.h.i.mapper.ItemMapper.selectBatchIds   : ==> Parameters: 100000006163(Long), 100001511821(Long), 2120808(Long)
16:47:27:335 DEBUG 25524 --- [http-nio-8083-exec-9] c.h.i.mapper.ItemMapper.selectBatchIds   : <==      Total: 3
16:47:27:532 DEBUG 24476 --- [http-nio-8081-exec-8] c.h.i.mapper.ItemMapper.selectBatchIds   : ==>  Preparing: SELECT id,name,price,stock,image,category,brand,spec,sold,comment_count,isAD,status,create_time,update_time,creater,updater FROM item WHERE id IN ( ? , ? , ? )
16:47:27:532 DEBUG 24476 --- [http-nio-8081-exec-8] c.h.i.mapper.ItemMapper.selectBatchIds   : ==> Parameters: 100000006163(Long), 100001511821(Long), 2120808(Long)
16:47:27:533 DEBUG 24476 --- [http-nio-8081-exec-8] c.h.i.mapper.ItemMapper.selectBatchIds   : <==      Total: 3
16:47:27:631 DEBUG 25524 --- [http-nio-8083-exec-8] c.h.i.mapper.ItemMapper.selectBatchIds   : ==>  Preparing: SELECT id,name,price,stock,image,category,brand,spec,sold,comment_count,isAD,status,create_time,update_time,creater,updater FROM item WHERE id IN ( ? , ? , ? )
16:47:27:631 DEBUG 25524 --- [http-nio-8083-exec-8] c.h.i.mapper.ItemMapper.selectBatchIds   : ==> Parameters: 100000006163(Long), 100001511821(Long), 2120808(Long)
16:47:27:632 DEBUG 25524 --- [http-nio-8083-exec-8] c.h.i.mapper.ItemMapper.selectBatchIds   : <==      Total: 3
16:47:28:030 DEBUG 24476 --- [http-nio-8081-exec-9] c.h.i.mapper.ItemMapper.selectBatchIds   : ==>  Preparing: SELECT id,name,price,stock,image,category,brand,spec,sold,comment_count,isAD,status,create_time,update_time,creater,updater FROM item WHERE id IN ( ? , ? , ? )
16:47:28:030 DEBUG 24476 --- [http-nio-8081-exec-9] c.h.i.mapper.ItemMapper.selectBatchIds   : ==> Parameters: 100000006163(Long), 100001511821(Long), 2120808(Long)
16:47:28:031 DEBUG 24476 --- [http-nio-8081-exec-9] c.h.i.mapper.ItemMapper.selectBatchIds   : <==      Total: 3
16:47:28:131 DEBUG 25524 --- [http-nio-8083-exec-7] c.h.i.mapper.ItemMapper.selectBatchIds   : ==>  Preparing: SELECT id,name,price,stock,image,category,brand,spec,sold,comment_count,isAD,status,create_time,update_time,creater,updater FROM item WHERE id IN ( ? , ? , ? )
16:47:28:131 DEBUG 25524 --- [http-nio-8083-exec-7] c.h.i.mapper.ItemMapper.selectBatchIds   : ==> Parameters: 100000006163(Long), 100001511821(Long), 2120808(Long)
16:47:28:132 DEBUG 25524 --- [http-nio-8083-exec-7] c.h.i.mapper.ItemMapper.selectBatchIds   : <==      Total: 3
16:47:28:232 DEBUG 24476 --- [http-nio-8081-exec-10] c.h.i.mapper.ItemMapper.selectBatchIds   : ==>  Preparing: SELECT id,name,price,stock,image,category,brand,spec,sold,comment_count,isAD,status,create_time,update_time,creater,updater FROM item WHERE id IN ( ? , ? , ? )
16:47:28:232 DEBUG 24476 --- [http-nio-8081-exec-10] c.h.i.mapper.ItemMapper.selectBatchIds   : ==> Parameters: 100000006163(Long), 100001511821(Long), 2120808(Long)
16:47:28:234 DEBUG 24476 --- [http-nio-8081-exec-10] c.h.i.mapper.ItemMapper.selectBatchIds   : <==      Total: 3
16:47:28:333 DEBUG 25524 --- [http-nio-8083-exec-10] c.h.i.mapper.ItemMapper.selectBatchIds   : ==>  Preparing: SELECT id,name,price,stock,image,category,brand,spec,sold,comment_count,isAD,status,create_time,update_time,creater,updater FROM item WHERE id IN ( ? , ? , ? )
16:47:28:333 DEBUG 25524 --- [http-nio-8083-exec-10] c.h.i.mapper.ItemMapper.selectBatchIds   : ==> Parameters: 100000006163(Long), 100001511821(Long), 2120808(Long)
16:47:28:335 DEBUG 25524 --- [http-nio-8083-exec-10] c.h.i.mapper.ItemMapper.selectBatchIds   : <==      Total: 3
16:47:28:530 DEBUG 24476 --- [http-nio-8081-exec-1] c.h.i.mapper.ItemMapper.selectBatchIds   : ==>  Preparing: SELECT id,name,price,stock,image,category,brand,spec,sold,comment_count,isAD,status,create_time,update_time,creater,updater FROM item WHERE id IN ( ? , ? , ? )
16:47:28:530 DEBUG 24476 --- [http-nio-8081-exec-1] c.h.i.mapper.ItemMapper.selectBatchIds   : ==> Parameters: 100000006163(Long), 100001511821(Long), 2120808(Long)
16:47:28:532 DEBUG 24476 --- [http-nio-8081-exec-1] c.h.i.mapper.ItemMapper.selectBatchIds   : <==      Total: 3
16:47:28:631 DEBUG 25524 --- [http-nio-8083-exec-1] c.h.i.mapper.ItemMapper.selectBatchIds   : ==>  Preparing: SELECT id,name,price,stock,image,category,brand,spec,sold,comment_count,isAD,status,create_time,update_time,creater,updater FROM item WHERE id IN ( ? , ? , ? )
16:47:28:631 DEBUG 25524 --- [http-nio-8083-exec-1] c.h.i.mapper.ItemMapper.selectBatchIds   : ==> Parameters: 100000006163(Long), 100001511821(Long), 2120808(Long)
16:47:28:632 DEBUG 25524 --- [http-nio-8083-exec-1] c.h.i.mapper.ItemMapper.selectBatchIds   : <==      Total: 3
16:47:29:030 DEBUG 24476 --- [http-nio-8081-exec-2] c.h.i.mapper.ItemMapper.selectBatchIds   : ==>  Preparing: SELECT id,name,price,stock,image,category,brand,spec,sold,comment_count,isAD,status,create_time,update_time,creater,updater FROM item WHERE id IN ( ? , ? , ? )
16:47:29:030 DEBUG 24476 --- [http-nio-8081-exec-2] c.h.i.mapper.ItemMapper.selectBatchIds   : ==> Parameters: 100000006163(Long), 100001511821(Long), 2120808(Long)
16:47:29:031 DEBUG 24476 --- [http-nio-8081-exec-2] c.h.i.mapper.ItemMapper.selectBatchIds   : <==      Total: 3
16:47:29:131 DEBUG 25524 --- [http-nio-8083-exec-2] c.h.i.mapper.ItemMapper.selectBatchIds   : ==>  Preparing: SELECT id,name,price,stock,image,category,brand,spec,sold,comment_count,isAD,status,create_time,update_time,creater,updater FROM item WHERE id IN ( ? , ? , ? )
16:47:29:131 DEBUG 25524 --- [http-nio-8083-exec-2] c.h.i.mapper.ItemMapper.selectBatchIds   : ==> Parameters: 100000006163(Long), 100001511821(Long), 2120808(Long)
16:47:29:132 DEBUG 25524 --- [http-nio-8083-exec-2] c.h.i.mapper.ItemMapper.selectBatchIds   : <==      Total: 3
16:47:29:230 DEBUG 24476 --- [http-nio-8081-exec-3] c.h.i.mapper.ItemMapper.selectBatchIds   : ==>  Preparing: SELECT id,name,price,stock,image,category,brand,spec,sold,comment_count,isAD,status,create_time,update_time,creater,updater FROM item WHERE id IN ( ? , ? , ? )
16:47:29:230 DEBUG 24476 --- [http-nio-8081-exec-3] c.h.i.mapper.ItemMapper.selectBatchIds   : ==> Parameters: 100000006163(Long), 100001511821(Long), 2120808(Long)
16:47:29:231 DEBUG 24476 --- [http-nio-8081-exec-3] c.h.i.mapper.ItemMapper.selectBatchIds   : <==      Total: 3
16:47:29:331 DEBUG 25524 --- [http-nio-8083-exec-3] c.h.i.mapper.ItemMapper.selectBatchIds   : ==>  Preparing: SELECT id,name,price,stock,image,category,brand,spec,sold,comment_count,isAD,status,create_time,update_time,creater,updater FROM item WHERE id IN ( ? , ? , ? )
16:47:29:331 DEBUG 25524 --- [http-nio-8083-exec-3] c.h.i.mapper.ItemMapper.selectBatchIds   : ==> Parameters: 100000006163(Long), 100001511821(Long), 2120808(Long)
16:47:29:333 DEBUG 25524 --- [http-nio-8083-exec-3] c.h.i.mapper.ItemMapper.selectBatchIds   : <==      Total: 3
16:47:29:531 DEBUG 24476 --- [http-nio-8081-exec-4] c.h.i.mapper.ItemMapper.selectBatchIds   : ==>  Preparing: SELECT id,name,price,stock,image,category,brand,spec,sold,comment_count,isAD,status,create_time,update_time,creater,updater FROM item WHERE id IN ( ? , ? , ? )
16:47:29:531 DEBUG 24476 --- [http-nio-8081-exec-4] c.h.i.mapper.ItemMapper.selectBatchIds   : ==> Parameters: 100000006163(Long), 100001511821(Long), 2120808(Long)
16:47:29:533 DEBUG 24476 --- [http-nio-8081-exec-4] c.h.i.mapper.ItemMapper.selectBatchIds   : <==      Total: 3
16:47:29:633 DEBUG 25524 --- [http-nio-8083-exec-4] c.h.i.mapper.ItemMapper.selectBatchIds   : ==>  Preparing: SELECT id,name,price,stock,image,category,brand,spec,sold,comment_count,isAD,status,create_time,update_time,creater,updater FROM item WHERE id IN ( ? , ? , ? )
16:47:29:633 DEBUG 25524 --- [http-nio-8083-exec-4] c.h.i.mapper.ItemMapper.selectBatchIds   : ==> Parameters: 100000006163(Long), 100001511821(Long), 2120808(Long)
16:47:29:634 DEBUG 25524 --- [http-nio-8083-exec-4] c.h.i.mapper.ItemMapper.selectBatchIds   : <==      Total: 3
16:47:30:030 DEBUG 24476 --- [http-nio-8081-exec-5] c.h.i.mapper.ItemMapper.selectBatchIds   : ==>  Preparing: SELECT id,name,price,stock,image,category,brand,spec,sold,comment_count,isAD,status,create_time,update_time,creater,updater FROM item WHERE id IN ( ? , ? , ? )
16:47:30:031 DEBUG 24476 --- [http-nio-8081-exec-5] c.h.i.mapper.ItemMapper.selectBatchIds   : ==> Parameters: 100000006163(Long), 100001511821(Long), 2120808(Long)
16:47:30:032 DEBUG 24476 --- [http-nio-8081-exec-5] c.h.i.mapper.ItemMapper.selectBatchIds   : <==      Total: 3
16:47:30:133 DEBUG 25524 --- [http-nio-8083-exec-6] c.h.i.mapper.ItemMapper.selectBatchIds   : ==>  Preparing: SELECT id,name,price,stock,image,category,brand,spec,sold,comment_count,isAD,status,create_time,update_time,creater,updater FROM item WHERE id IN ( ? , ? , ? )
16:47:30:133 DEBUG 25524 --- [http-nio-8083-exec-6] c.h.i.mapper.ItemMapper.selectBatchIds   : ==> Parameters: 100000006163(Long), 100001511821(Long), 2120808(Long)
16:47:30:135 DEBUG 25524 --- [http-nio-8083-exec-6] c.h.i.mapper.ItemMapper.selectBatchIds   : <==      Total: 3
16:47:30:231 DEBUG 24476 --- [http-nio-8081-exec-6] c.h.i.mapper.ItemMapper.selectBatchIds   : ==>  Preparing: SELECT id,name,price,stock,image,category,brand,spec,sold,comment_count,isAD,status,create_time,update_time,creater,updater FROM item WHERE id IN ( ? , ? , ? )
16:47:30:231 DEBUG 24476 --- [http-nio-8081-exec-6] c.h.i.mapper.ItemMapper.selectBatchIds   : ==> Parameters: 100000006163(Long), 100001511821(Long), 2120808(Long)
16:47:30:233 DEBUG 24476 --- [http-nio-8081-exec-6] c.h.i.mapper.ItemMapper.selectBatchIds   : <==      Total: 3
16:47:30:332 DEBUG 25524 --- [http-nio-8083-exec-5] c.h.i.mapper.ItemMapper.selectBatchIds   : ==>  Preparing: SELECT id,name,price,stock,image,category,brand,spec,sold,comment_count,isAD,status,create_time,update_time,creater,updater FROM item WHERE id IN ( ? , ? , ? )
16:47:30:332 DEBUG 25524 --- [http-nio-8083-exec-5] c.h.i.mapper.ItemMapper.selectBatchIds   : ==> Parameters: 100000006163(Long), 100001511821(Long), 2120808(Long)
16:47:30:334 DEBUG 25524 --- [http-nio-8083-exec-5] c.h.i.mapper.ItemMapper.selectBatchIds   : <==      Total: 3
16:47:30:532 DEBUG 24476 --- [http-nio-8081-exec-7] c.h.i.mapper.ItemMapper.selectBatchIds   : ==>  Preparing: SELECT id,name,price,stock,image,category,brand,spec,sold,comment_count,isAD,status,create_time,update_time,creater,updater FROM item WHERE id IN ( ? , ? , ? )
16:47:30:532 DEBUG 24476 --- [http-nio-8081-exec-7] c.h.i.mapper.ItemMapper.selectBatchIds   : ==> Parameters: 100000006163(Long), 100001511821(Long), 2120808(Long)
16:47:30:533 DEBUG 24476 --- [http-nio-8081-exec-7] c.h.i.mapper.ItemMapper.selectBatchIds   : <==      Total: 3
16:47:30:632 DEBUG 25524 --- [http-nio-8083-exec-9] c.h.i.mapper.ItemMapper.selectBatchIds   : ==>  Preparing: SELECT id,name,price,stock,image,category,brand,spec,sold,comment_count,isAD,status,create_time,update_time,creater,updater FROM item WHERE id IN ( ? , ? , ? )
16:47:30:632 DEBUG 25524 --- [http-nio-8083-exec-9] c.h.i.mapper.ItemMapper.selectBatchIds   : ==> Parameters: 100000006163(Long), 100001511821(Long), 2120808(Long)
16:47:30:633 DEBUG 25524 --- [http-nio-8083-exec-9] c.h.i.mapper.ItemMapper.selectBatchIds   : <==      Total: 3
16:47:31:031 DEBUG 24476 --- [http-nio-8081-exec-8] c.h.i.mapper.ItemMapper.selectBatchIds   : ==>  Preparing: SELECT id,name,price,stock,image,category,brand,spec,sold,comment_count,isAD,status,create_time,update_time,creater,updater FROM item WHERE id IN ( ? , ? , ? )
16:47:31:032 DEBUG 24476 --- [http-nio-8081-exec-8] c.h.i.mapper.ItemMapper.selectBatchIds   : ==> Parameters: 100000006163(Long), 100001511821(Long), 2120808(Long)
16:47:31:033 DEBUG 24476 --- [http-nio-8081-exec-8] c.h.i.mapper.ItemMapper.selectBatchIds   : <==      Total: 3
16:47:31:130 DEBUG 25524 --- [http-nio-8083-exec-8] c.h.i.mapper.ItemMapper.selectBatchIds   : ==>  Preparing: SELECT id,name,price,stock,image,category,brand,spec,sold,comment_count,isAD,status,create_time,update_time,creater,updater FROM item WHERE id IN ( ? , ? , ? )
16:47:31:130 DEBUG 25524 --- [http-nio-8083-exec-8] c.h.i.mapper.ItemMapper.selectBatchIds   : ==> Parameters: 100000006163(Long), 100001511821(Long), 2120808(Long)
16:47:31:132 DEBUG 25524 --- [http-nio-8083-exec-8] c.h.i.mapper.ItemMapper.selectBatchIds   : <==      Total: 3
16:47:31:231 DEBUG 24476 --- [http-nio-8081-exec-9] c.h.i.mapper.ItemMapper.selectBatchIds   : ==>  Preparing: SELECT id,name,price,stock,image,category,brand,spec,sold,comment_count,isAD,status,create_time,update_time,creater,updater FROM item WHERE id IN ( ? , ? , ? )
16:47:31:231 DEBUG 24476 --- [http-nio-8081-exec-9] c.h.i.mapper.ItemMapper.selectBatchIds   : ==> Parameters: 100000006163(Long), 100001511821(Long), 2120808(Long)
16:47:31:232 DEBUG 24476 --- [http-nio-8081-exec-9] c.h.i.mapper.ItemMapper.selectBatchIds   : <==      Total: 3
16:47:31:331 DEBUG 25524 --- [http-nio-8083-exec-7] c.h.i.mapper.ItemMapper.selectBatchIds   : ==>  Preparing: SELECT id,name,price,stock,image,category,brand,spec,sold,comment_count,isAD,status,create_time,update_time,creater,updater FROM item WHERE id IN ( ? , ? , ? )
16:47:31:331 DEBUG 25524 --- [http-nio-8083-exec-7] c.h.i.mapper.ItemMapper.selectBatchIds   : ==> Parameters: 100000006163(Long), 100001511821(Long), 2120808(Long)
16:47:31:333 DEBUG 25524 --- [http-nio-8083-exec-7] c.h.i.mapper.ItemMapper.selectBatchIds   : <==      Total: 3
16:47:31:530 DEBUG 24476 --- [http-nio-8081-exec-10] c.h.i.mapper.ItemMapper.selectBatchIds   : ==>  Preparing: SELECT id,name,price,stock,image,category,brand,spec,sold,comment_count,isAD,status,create_time,update_time,creater,updater FROM item WHERE id IN ( ? , ? , ? )
16:47:31:530 DEBUG 24476 --- [http-nio-8081-exec-10] c.h.i.mapper.ItemMapper.selectBatchIds   : ==> Parameters: 100000006163(Long), 100001511821(Long), 2120808(Long)
16:47:31:531 DEBUG 24476 --- [http-nio-8081-exec-10] c.h.i.mapper.ItemMapper.selectBatchIds   : <==      Total: 3
16:47:31:631 DEBUG 25524 --- [http-nio-8083-exec-10] c.h.i.mapper.ItemMapper.selectBatchIds   : ==>  Preparing: SELECT id,name,price,stock,image,category,brand,spec,sold,comment_count,isAD,status,create_time,update_time,creater,updater FROM item WHERE id IN ( ? , ? , ? )
16:47:31:631 DEBUG 25524 --- [http-nio-8083-exec-10] c.h.i.mapper.ItemMapper.selectBatchIds   : ==> Parameters: 100000006163(Long), 100001511821(Long), 2120808(Long)
16:47:31:631 DEBUG 25524 --- [http-nio-8083-exec-10] c.h.i.mapper.ItemMapper.selectBatchIds   : <==      Total: 3
16:47:32:031 DEBUG 24476 --- [http-nio-8081-exec-1] c.h.i.mapper.ItemMapper.selectBatchIds   : ==>  Preparing: SELECT id,name,price,stock,image,category,brand,spec,sold,comment_count,isAD,status,create_time,update_time,creater,updater FROM item WHERE id IN ( ? , ? , ? )
16:47:32:031 DEBUG 24476 --- [http-nio-8081-exec-1] c.h.i.mapper.ItemMapper.selectBatchIds   : ==> Parameters: 100000006163(Long), 100001511821(Long), 2120808(Long)
16:47:32:033 DEBUG 24476 --- [http-nio-8081-exec-1] c.h.i.mapper.ItemMapper.selectBatchIds   : <==      Total: 3
16:47:32:132 DEBUG 25524 --- [http-nio-8083-exec-1] c.h.i.mapper.ItemMapper.selectBatchIds   : ==>  Preparing: SELECT id,name,price,stock,image,category,brand,spec,sold,comment_count,isAD,status,create_time,update_time,creater,updater FROM item WHERE id IN ( ? , ? , ? )
16:47:32:132 DEBUG 25524 --- [http-nio-8083-exec-1] c.h.i.mapper.ItemMapper.selectBatchIds   : ==> Parameters: 100000006163(Long), 100001511821(Long), 2120808(Long)
16:47:32:133 DEBUG 25524 --- [http-nio-8083-exec-1] c.h.i.mapper.ItemMapper.selectBatchIds   : <==      Total: 3
16:47:32:232 DEBUG 24476 --- [http-nio-8081-exec-2] c.h.i.mapper.ItemMapper.selectBatchIds   : ==>  Preparing: SELECT id,name,price,stock,image,category,brand,spec,sold,comment_count,isAD,status,create_time,update_time,creater,updater FROM item WHERE id IN ( ? , ? , ? )
16:47:32:232 DEBUG 24476 --- [http-nio-8081-exec-2] c.h.i.mapper.ItemMapper.selectBatchIds   : ==> Parameters: 100000006163(Long), 100001511821(Long), 2120808(Long)
16:47:32:233 DEBUG 24476 --- [http-nio-8081-exec-2] c.h.i.mapper.ItemMapper.selectBatchIds   : <==      Total: 3
16:47:32:334 DEBUG 25524 --- [http-nio-8083-exec-2] c.h.i.mapper.ItemMapper.selectBatchIds   : ==>  Preparing: SELECT id,name,price,stock,image,category,brand,spec,sold,comment_count,isAD,status,create_time,update_time,creater,updater FROM item WHERE id IN ( ? , ? , ? )
16:47:32:334 DEBUG 25524 --- [http-nio-8083-exec-2] c.h.i.mapper.ItemMapper.selectBatchIds   : ==> Parameters: 100000006163(Long), 100001511821(Long), 2120808(Long)
16:47:32:335 DEBUG 25524 --- [http-nio-8083-exec-2] c.h.i.mapper.ItemMapper.selectBatchIds   : <==      Total: 3
16:47:32:531 DEBUG 24476 --- [http-nio-8081-exec-3] c.h.i.mapper.ItemMapper.selectBatchIds   : ==>  Preparing: SELECT id,name,price,stock,image,category,brand,spec,sold,comment_count,isAD,status,create_time,update_time,creater,updater FROM item WHERE id IN ( ? , ? , ? )
16:47:32:531 DEBUG 24476 --- [http-nio-8081-exec-3] c.h.i.mapper.ItemMapper.selectBatchIds   : ==> Parameters: 100000006163(Long), 100001511821(Long), 2120808(Long)
16:47:32:533 DEBUG 24476 --- [http-nio-8081-exec-3] c.h.i.mapper.ItemMapper.selectBatchIds   : <==      Total: 3
16:47:32:632 DEBUG 25524 --- [http-nio-8083-exec-3] c.h.i.mapper.ItemMapper.selectBatchIds   : ==>  Preparing: SELECT id,name,price,stock,image,category,brand,spec,sold,comment_count,isAD,status,create_time,update_time,creater,updater FROM item WHERE id IN ( ? , ? , ? )
16:47:32:632 DEBUG 25524 --- [http-nio-8083-exec-3] c.h.i.mapper.ItemMapper.selectBatchIds   : ==> Parameters: 100000006163(Long), 100001511821(Long), 2120808(Long)
16:47:32:633 DEBUG 25524 --- [http-nio-8083-exec-3] c.h.i.mapper.ItemMapper.selectBatchIds   : <==      Total: 3
16:47:33:030 DEBUG 24476 --- [http-nio-8081-exec-4] c.h.i.mapper.ItemMapper.selectBatchIds   : ==>  Preparing: SELECT id,name,price,stock,image,category,brand,spec,sold,comment_count,isAD,status,create_time,update_time,creater,updater FROM item WHERE id IN ( ? , ? , ? )
16:47:33:030 DEBUG 24476 --- [http-nio-8081-exec-4] c.h.i.mapper.ItemMapper.selectBatchIds   : ==> Parameters: 100000006163(Long), 100001511821(Long), 2120808(Long)
16:47:33:032 DEBUG 24476 --- [http-nio-8081-exec-4] c.h.i.mapper.ItemMapper.selectBatchIds   : <==      Total: 3
16:47:33:131 DEBUG 25524 --- [http-nio-8083-exec-4] c.h.i.mapper.ItemMapper.selectBatchIds   : ==>  Preparing: SELECT id,name,price,stock,image,category,brand,spec,sold,comment_count,isAD,status,create_time,update_time,creater,updater FROM item WHERE id IN ( ? , ? , ? )
16:47:33:131 DEBUG 25524 --- [http-nio-8083-exec-4] c.h.i.mapper.ItemMapper.selectBatchIds   : ==> Parameters: 100000006163(Long), 100001511821(Long), 2120808(Long)
16:47:33:133 DEBUG 25524 --- [http-nio-8083-exec-4] c.h.i.mapper.ItemMapper.selectBatchIds   : <==      Total: 3
16:47:33:231 DEBUG 24476 --- [http-nio-8081-exec-5] c.h.i.mapper.ItemMapper.selectBatchIds   : ==>  Preparing: SELECT id,name,price,stock,image,category,brand,spec,sold,comment_count,isAD,status,create_time,update_time,creater,updater FROM item WHERE id IN ( ? , ? , ? )
16:47:33:231 DEBUG 24476 --- [http-nio-8081-exec-5] c.h.i.mapper.ItemMapper.selectBatchIds   : ==> Parameters: 100000006163(Long), 100001511821(Long), 2120808(Long)
16:47:33:232 DEBUG 24476 --- [http-nio-8081-exec-5] c.h.i.mapper.ItemMapper.selectBatchIds   : <==      Total: 3
16:47:33:333 DEBUG 25524 --- [http-nio-8083-exec-6] c.h.i.mapper.ItemMapper.selectBatchIds   : ==>  Preparing: SELECT id,name,price,stock,image,category,brand,spec,sold,comment_count,isAD,status,create_time,update_time,creater,updater FROM item WHERE id IN ( ? , ? , ? )
16:47:33:333 DEBUG 25524 --- [http-nio-8083-exec-6] c.h.i.mapper.ItemMapper.selectBatchIds   : ==> Parameters: 100000006163(Long), 100001511821(Long), 2120808(Long)
16:47:33:334 DEBUG 25524 --- [http-nio-8083-exec-6] c.h.i.mapper.ItemMapper.selectBatchIds   : <==      Total: 3
16:47:33:532 DEBUG 24476 --- [http-nio-8081-exec-6] c.h.i.mapper.ItemMapper.selectBatchIds   : ==>  Preparing: SELECT id,name,price,stock,image,category,brand,spec,sold,comment_count,isAD,status,create_time,update_time,creater,updater FROM item WHERE id IN ( ? , ? , ? )
16:47:33:533 DEBUG 24476 --- [http-nio-8081-exec-6] c.h.i.mapper.ItemMapper.selectBatchIds   : ==> Parameters: 100000006163(Long), 100001511821(Long), 2120808(Long)
16:47:33:534 DEBUG 24476 --- [http-nio-8081-exec-6] c.h.i.mapper.ItemMapper.selectBatchIds   : <==      Total: 3
16:47:33:631 DEBUG 25524 --- [http-nio-8083-exec-5] c.h.i.mapper.ItemMapper.selectBatchIds   : ==>  Preparing: SELECT id,name,price,stock,image,category,brand,spec,sold,comment_count,isAD,status,create_time,update_time,creater,updater FROM item WHERE id IN ( ? , ? , ? )
16:47:33:632 DEBUG 25524 --- [http-nio-8083-exec-5] c.h.i.mapper.ItemMapper.selectBatchIds   : ==> Parameters: 100000006163(Long), 100001511821(Long), 2120808(Long)
16:47:33:633 DEBUG 25524 --- [http-nio-8083-exec-5] c.h.i.mapper.ItemMapper.selectBatchIds   : <==      Total: 3
16:47:34:031 DEBUG 24476 --- [http-nio-8081-exec-7] c.h.i.mapper.ItemMapper.selectBatchIds   : ==>  Preparing: SELECT id,name,price,stock,image,category,brand,spec,sold,comment_count,isAD,status,create_time,update_time,creater,updater FROM item WHERE id IN ( ? , ? , ? )
16:47:34:031 DEBUG 24476 --- [http-nio-8081-exec-7] c.h.i.mapper.ItemMapper.selectBatchIds   : ==> Parameters: 100000006163(Long), 100001511821(Long), 2120808(Long)
16:47:34:033 DEBUG 24476 --- [http-nio-8081-exec-7] c.h.i.mapper.ItemMapper.selectBatchIds   : <==      Total: 3
16:47:34:133 DEBUG 25524 --- [http-nio-8083-exec-9] c.h.i.mapper.ItemMapper.selectBatchIds   : ==>  Preparing: SELECT id,name,price,stock,image,category,brand,spec,sold,comment_count,isAD,status,create_time,update_time,creater,updater FROM item WHERE id IN ( ? , ? , ? )
16:47:34:133 DEBUG 25524 --- [http-nio-8083-exec-9] c.h.i.mapper.ItemMapper.selectBatchIds   : ==> Parameters: 100000006163(Long), 100001511821(Long), 2120808(Long)
16:47:34:134 DEBUG 25524 --- [http-nio-8083-exec-9] c.h.i.mapper.ItemMapper.selectBatchIds   : <==      Total: 3
16:47:34:231 DEBUG 24476 --- [http-nio-8081-exec-8] c.h.i.mapper.ItemMapper.selectBatchIds   : ==>  Preparing: SELECT id,name,price,stock,image,category,brand,spec,sold,comment_count,isAD,status,create_time,update_time,creater,updater FROM item WHERE id IN ( ? , ? , ? )
16:47:34:232 DEBUG 24476 --- [http-nio-8081-exec-8] c.h.i.mapper.ItemMapper.selectBatchIds   : ==> Parameters: 100000006163(Long), 100001511821(Long), 2120808(Long)
16:47:34:234 DEBUG 24476 --- [http-nio-8081-exec-8] c.h.i.mapper.ItemMapper.selectBatchIds   : <==      Total: 3
16:47:34:334 DEBUG 25524 --- [http-nio-8083-exec-8] c.h.i.mapper.ItemMapper.selectBatchIds   : ==>  Preparing: SELECT id,name,price,stock,image,category,brand,spec,sold,comment_count,isAD,status,create_time,update_time,creater,updater FROM item WHERE id IN ( ? , ? , ? )
16:47:34:334 DEBUG 25524 --- [http-nio-8083-exec-8] c.h.i.mapper.ItemMapper.selectBatchIds   : ==> Parameters: 100000006163(Long), 100001511821(Long), 2120808(Long)
16:47:34:335 DEBUG 25524 --- [http-nio-8083-exec-8] c.h.i.mapper.ItemMapper.selectBatchIds   : <==      Total: 3
16:47:34:532 DEBUG 24476 --- [http-nio-8081-exec-9] c.h.i.mapper.ItemMapper.selectBatchIds   : ==>  Preparing: SELECT id,name,price,stock,image,category,brand,spec,sold,comment_count,isAD,status,create_time,update_time,creater,updater FROM item WHERE id IN ( ? , ? , ? )
16:47:34:532 DEBUG 24476 --- [http-nio-8081-exec-9] c.h.i.mapper.ItemMapper.selectBatchIds   : ==> Parameters: 100000006163(Long), 100001511821(Long), 2120808(Long)
16:47:34:533 DEBUG 24476 --- [http-nio-8081-exec-9] c.h.i.mapper.ItemMapper.selectBatchIds   : <==      Total: 3
16:47:34:631 DEBUG 25524 --- [http-nio-8083-exec-7] c.h.i.mapper.ItemMapper.selectBatchIds   : ==>  Preparing: SELECT id,name,price,stock,image,category,brand,spec,sold,comment_count,isAD,status,create_time,update_time,creater,updater FROM item WHERE id IN ( ? , ? , ? )
16:47:34:631 DEBUG 25524 --- [http-nio-8083-exec-7] c.h.i.mapper.ItemMapper.selectBatchIds   : ==> Parameters: 100000006163(Long), 100001511821(Long), 2120808(Long)
16:47:34:632 DEBUG 25524 --- [http-nio-8083-exec-7] c.h.i.mapper.ItemMapper.selectBatchIds   : <==      Total: 3
16:47:35:031 DEBUG 24476 --- [http-nio-8081-exec-10] c.h.i.mapper.ItemMapper.selectBatchIds   : ==>  Preparing: SELECT id,name,price,stock,image,category,brand,spec,sold,comment_count,isAD,status,create_time,update_time,creater,updater FROM item WHERE id IN ( ? , ? , ? )
16:47:35:031 DEBUG 24476 --- [http-nio-8081-exec-10] c.h.i.mapper.ItemMapper.selectBatchIds   : ==> Parameters: 100000006163(Long), 100001511821(Long), 2120808(Long)
16:47:35:033 DEBUG 24476 --- [http-nio-8081-exec-10] c.h.i.mapper.ItemMapper.selectBatchIds   : <==      Total: 3
16:47:35:130 DEBUG 25524 --- [http-nio-8083-exec-10] c.h.i.mapper.ItemMapper.selectBatchIds   : ==>  Preparing: SELECT id,name,price,stock,image,category,brand,spec,sold,comment_count,isAD,status,create_time,update_time,creater,updater FROM item WHERE id IN ( ? , ? , ? )
16:47:35:130 DEBUG 25524 --- [http-nio-8083-exec-10] c.h.i.mapper.ItemMapper.selectBatchIds   : ==> Parameters: 100000006163(Long), 100001511821(Long), 2120808(Long)
16:47:35:132 DEBUG 25524 --- [http-nio-8083-exec-10] c.h.i.mapper.ItemMapper.selectBatchIds   : <==      Total: 3
16:47:35:230 DEBUG 24476 --- [http-nio-8081-exec-1] c.h.i.mapper.ItemMapper.selectBatchIds   : ==>  Preparing: SELECT id,name,price,stock,image,category,brand,spec,sold,comment_count,isAD,status,create_time,update_time,creater,updater FROM item WHERE id IN ( ? , ? , ? )
16:47:35:230 DEBUG 24476 --- [http-nio-8081-exec-1] c.h.i.mapper.ItemMapper.selectBatchIds   : ==> Parameters: 100000006163(Long), 100001511821(Long), 2120808(Long)
16:47:35:232 DEBUG 24476 --- [http-nio-8081-exec-1] c.h.i.mapper.ItemMapper.selectBatchIds   : <==      Total: 3
16:47:35:333 DEBUG 25524 --- [http-nio-8083-exec-1] c.h.i.mapper.ItemMapper.selectBatchIds   : ==>  Preparing: SELECT id,name,price,stock,image,category,brand,spec,sold,comment_count,isAD,status,create_time,update_time,creater,updater FROM item WHERE id IN ( ? , ? , ? )
16:47:35:333 DEBUG 25524 --- [http-nio-8083-exec-1] c.h.i.mapper.ItemMapper.selectBatchIds   : ==> Parameters: 100000006163(Long), 100001511821(Long), 2120808(Long)
16:47:35:334 DEBUG 25524 --- [http-nio-8083-exec-1] c.h.i.mapper.ItemMapper.selectBatchIds   : <==      Total: 3
16:47:35:533 DEBUG 24476 --- [http-nio-8081-exec-2] c.h.i.mapper.ItemMapper.selectBatchIds   : ==>  Preparing: SELECT id,name,price,stock,image,category,brand,spec,sold,comment_count,isAD,status,create_time,update_time,creater,updater FROM item WHERE id IN ( ? , ? , ? )
16:47:35:533 DEBUG 24476 --- [http-nio-8081-exec-2] c.h.i.mapper.ItemMapper.selectBatchIds   : ==> Parameters: 100000006163(Long), 100001511821(Long), 2120808(Long)
16:47:35:534 DEBUG 24476 --- [http-nio-8081-exec-2] c.h.i.mapper.ItemMapper.selectBatchIds   : <==      Total: 3
16:47:35:631 DEBUG 25524 --- [http-nio-8083-exec-2] c.h.i.mapper.ItemMapper.selectBatchIds   : ==>  Preparing: SELECT id,name,price,stock,image,category,brand,spec,sold,comment_count,isAD,status,create_time,update_time,creater,updater FROM item WHERE id IN ( ? , ? , ? )
16:47:35:632 DEBUG 25524 --- [http-nio-8083-exec-2] c.h.i.mapper.ItemMapper.selectBatchIds   : ==> Parameters: 100000006163(Long), 100001511821(Long), 2120808(Long)
16:47:35:632 DEBUG 25524 --- [http-nio-8083-exec-2] c.h.i.mapper.ItemMapper.selectBatchIds   : <==      Total: 3
16:47:36:031 DEBUG 24476 --- [http-nio-8081-exec-3] c.h.i.mapper.ItemMapper.selectBatchIds   : ==>  Preparing: SELECT id,name,price,stock,image,category,brand,spec,sold,comment_count,isAD,status,create_time,update_time,creater,updater FROM item WHERE id IN ( ? , ? , ? )
16:47:36:031 DEBUG 24476 --- [http-nio-8081-exec-3] c.h.i.mapper.ItemMapper.selectBatchIds   : ==> Parameters: 100000006163(Long), 100001511821(Long), 2120808(Long)
16:47:36:032 DEBUG 24476 --- [http-nio-8081-exec-3] c.h.i.mapper.ItemMapper.selectBatchIds   : <==      Total: 3
16:47:36:132 DEBUG 25524 --- [http-nio-8083-exec-3] c.h.i.mapper.ItemMapper.selectBatchIds   : ==>  Preparing: SELECT id,name,price,stock,image,category,brand,spec,sold,comment_count,isAD,status,create_time,update_time,creater,updater FROM item WHERE id IN ( ? , ? , ? )
16:47:36:132 DEBUG 25524 --- [http-nio-8083-exec-3] c.h.i.mapper.ItemMapper.selectBatchIds   : ==> Parameters: 100000006163(Long), 100001511821(Long), 2120808(Long)
16:47:36:132 DEBUG 25524 --- [http-nio-8083-exec-3] c.h.i.mapper.ItemMapper.selectBatchIds   : <==      Total: 3
16:47:36:231 DEBUG 24476 --- [http-nio-8081-exec-4] c.h.i.mapper.ItemMapper.selectBatchIds   : ==>  Preparing: SELECT id,name,price,stock,image,category,brand,spec,sold,comment_count,isAD,status,create_time,update_time,creater,updater FROM item WHERE id IN ( ? , ? , ? )
16:47:36:231 DEBUG 24476 --- [http-nio-8081-exec-4] c.h.i.mapper.ItemMapper.selectBatchIds   : ==> Parameters: 100000006163(Long), 100001511821(Long), 2120808(Long)
16:47:36:232 DEBUG 24476 --- [http-nio-8081-exec-4] c.h.i.mapper.ItemMapper.selectBatchIds   : <==      Total: 3
16:47:36:333 DEBUG 25524 --- [http-nio-8083-exec-4] c.h.i.mapper.ItemMapper.selectBatchIds   : ==>  Preparing: SELECT id,name,price,stock,image,category,brand,spec,sold,comment_count,isAD,status,create_time,update_time,creater,updater FROM item WHERE id IN ( ? , ? , ? )
16:47:36:333 DEBUG 25524 --- [http-nio-8083-exec-4] c.h.i.mapper.ItemMapper.selectBatchIds   : ==> Parameters: 100000006163(Long), 100001511821(Long), 2120808(Long)
16:47:36:334 DEBUG 25524 --- [http-nio-8083-exec-4] c.h.i.mapper.ItemMapper.selectBatchIds   : <==      Total: 3
16:47:36:532 DEBUG 24476 --- [http-nio-8081-exec-5] c.h.i.mapper.ItemMapper.selectBatchIds   : ==>  Preparing: SELECT id,name,price,stock,image,category,brand,spec,sold,comment_count,isAD,status,create_time,update_time,creater,updater FROM item WHERE id IN ( ? , ? , ? )
16:47:36:532 DEBUG 24476 --- [http-nio-8081-exec-5] c.h.i.mapper.ItemMapper.selectBatchIds   : ==> Parameters: 100000006163(Long), 100001511821(Long), 2120808(Long)
16:47:36:534 DEBUG 24476 --- [http-nio-8081-exec-5] c.h.i.mapper.ItemMapper.selectBatchIds   : <==      Total: 3
16:47:36:632 DEBUG 25524 --- [http-nio-8083-exec-6] c.h.i.mapper.ItemMapper.selectBatchIds   : ==>  Preparing: SELECT id,name,price,stock,image,category,brand,spec,sold,comment_count,isAD,status,create_time,update_time,creater,updater FROM item WHERE id IN ( ? , ? , ? )
16:47:36:632 DEBUG 25524 --- [http-nio-8083-exec-6] c.h.i.mapper.ItemMapper.selectBatchIds   : ==> Parameters: 100000006163(Long), 100001511821(Long), 2120808(Long)
16:47:36:632 DEBUG 25524 --- [http-nio-8083-exec-6] c.h.i.mapper.ItemMapper.selectBatchIds   : <==      Total: 3
16:47:37:031 DEBUG 24476 --- [http-nio-8081-exec-6] c.h.i.mapper.ItemMapper.selectBatchIds   : ==>  Preparing: SELECT id,name,price,stock,image,category,brand,spec,sold,comment_count,isAD,status,create_time,update_time,creater,updater FROM item WHERE id IN ( ? , ? , ? )
16:47:37:031 DEBUG 24476 --- [http-nio-8081-exec-6] c.h.i.mapper.ItemMapper.selectBatchIds   : ==> Parameters: 100000006163(Long), 100001511821(Long), 2120808(Long)
16:47:37:032 DEBUG 24476 --- [http-nio-8081-exec-6] c.h.i.mapper.ItemMapper.selectBatchIds   : <==      Total: 3
16:47:37:131 DEBUG 25524 --- [http-nio-8083-exec-5] c.h.i.mapper.ItemMapper.selectBatchIds   : ==>  Preparing: SELECT id,name,price,stock,image,category,brand,spec,sold,comment_count,isAD,status,create_time,update_time,creater,updater FROM item WHERE id IN ( ? , ? , ? )
16:47:37:131 DEBUG 25524 --- [http-nio-8083-exec-5] c.h.i.mapper.ItemMapper.selectBatchIds   : ==> Parameters: 100000006163(Long), 100001511821(Long), 2120808(Long)
16:47:37:132 DEBUG 25524 --- [http-nio-8083-exec-5] c.h.i.mapper.ItemMapper.selectBatchIds   : <==      Total: 3
16:47:37:233 DEBUG 24476 --- [http-nio-8081-exec-7] c.h.i.mapper.ItemMapper.selectBatchIds   : ==>  Preparing: SELECT id,name,price,stock,image,category,brand,spec,sold,comment_count,isAD,status,create_time,update_time,creater,updater FROM item WHERE id IN ( ? , ? , ? )
16:47:37:233 DEBUG 24476 --- [http-nio-8081-exec-7] c.h.i.mapper.ItemMapper.selectBatchIds   : ==> Parameters: 100000006163(Long), 100001511821(Long), 2120808(Long)
16:47:37:234 DEBUG 24476 --- [http-nio-8081-exec-7] c.h.i.mapper.ItemMapper.selectBatchIds   : <==      Total: 3
16:47:37:333 DEBUG 25524 --- [http-nio-8083-exec-9] c.h.i.mapper.ItemMapper.selectBatchIds   : ==>  Preparing: SELECT id,name,price,stock,image,category,brand,spec,sold,comment_count,isAD,status,create_time,update_time,creater,updater FROM item WHERE id IN ( ? , ? , ? )
16:47:37:333 DEBUG 25524 --- [http-nio-8083-exec-9] c.h.i.mapper.ItemMapper.selectBatchIds   : ==> Parameters: 100000006163(Long), 100001511821(Long), 2120808(Long)
16:47:37:335 DEBUG 25524 --- [http-nio-8083-exec-9] c.h.i.mapper.ItemMapper.selectBatchIds   : <==      Total: 3
16:47:37:533 DEBUG 24476 --- [http-nio-8081-exec-8] c.h.i.mapper.ItemMapper.selectBatchIds   : ==>  Preparing: SELECT id,name,price,stock,image,category,brand,spec,sold,comment_count,isAD,status,create_time,update_time,creater,updater FROM item WHERE id IN ( ? , ? , ? )
16:47:37:533 DEBUG 24476 --- [http-nio-8081-exec-8] c.h.i.mapper.ItemMapper.selectBatchIds   : ==> Parameters: 100000006163(Long), 100001511821(Long), 2120808(Long)
16:47:37:534 DEBUG 24476 --- [http-nio-8081-exec-8] c.h.i.mapper.ItemMapper.selectBatchIds   : <==      Total: 3
16:47:37:631 DEBUG 25524 --- [http-nio-8083-exec-8] c.h.i.mapper.ItemMapper.selectBatchIds   : ==>  Preparing: SELECT id,name,price,stock,image,category,brand,spec,sold,comment_count,isAD,status,create_time,update_time,creater,updater FROM item WHERE id IN ( ? , ? , ? )
16:47:37:632 DEBUG 25524 --- [http-nio-8083-exec-8] c.h.i.mapper.ItemMapper.selectBatchIds   : ==> Parameters: 100000006163(Long), 100001511821(Long), 2120808(Long)
16:47:37:633 DEBUG 25524 --- [http-nio-8083-exec-8] c.h.i.mapper.ItemMapper.selectBatchIds   : <==      Total: 3
16:47:38:030 DEBUG 24476 --- [http-nio-8081-exec-9] c.h.i.mapper.ItemMapper.selectBatchIds   : ==>  Preparing: SELECT id,name,price,stock,image,category,brand,spec,sold,comment_count,isAD,status,create_time,update_time,creater,updater FROM item WHERE id IN ( ? , ? , ? )
16:47:38:030 DEBUG 24476 --- [http-nio-8081-exec-9] c.h.i.mapper.ItemMapper.selectBatchIds   : ==> Parameters: 100000006163(Long), 100001511821(Long), 2120808(Long)
16:47:38:031 DEBUG 24476 --- [http-nio-8081-exec-9] c.h.i.mapper.ItemMapper.selectBatchIds   : <==      Total: 3
16:47:38:132 DEBUG 25524 --- [http-nio-8083-exec-7] c.h.i.mapper.ItemMapper.selectBatchIds   : ==>  Preparing: SELECT id,name,price,stock,image,category,brand,spec,sold,comment_count,isAD,status,create_time,update_time,creater,updater FROM item WHERE id IN ( ? , ? , ? )
16:47:38:132 DEBUG 25524 --- [http-nio-8083-exec-7] c.h.i.mapper.ItemMapper.selectBatchIds   : ==> Parameters: 100000006163(Long), 100001511821(Long), 2120808(Long)
16:47:38:132 DEBUG 25524 --- [http-nio-8083-exec-7] c.h.i.mapper.ItemMapper.selectBatchIds   : <==      Total: 3
16:47:38:231 DEBUG 24476 --- [http-nio-8081-exec-10] c.h.i.mapper.ItemMapper.selectBatchIds   : ==>  Preparing: SELECT id,name,price,stock,image,category,brand,spec,sold,comment_count,isAD,status,create_time,update_time,creater,updater FROM item WHERE id IN ( ? , ? , ? )
16:47:38:231 DEBUG 24476 --- [http-nio-8081-exec-10] c.h.i.mapper.ItemMapper.selectBatchIds   : ==> Parameters: 100000006163(Long), 100001511821(Long), 2120808(Long)
16:47:38:231 DEBUG 24476 --- [http-nio-8081-exec-10] c.h.i.mapper.ItemMapper.selectBatchIds   : <==      Total: 3
16:47:38:332 DEBUG 25524 --- [http-nio-8083-exec-10] c.h.i.mapper.ItemMapper.selectBatchIds   : ==>  Preparing: SELECT id,name,price,stock,image,category,brand,spec,sold,comment_count,isAD,status,create_time,update_time,creater,updater FROM item WHERE id IN ( ? , ? , ? )
16:47:38:332 DEBUG 25524 --- [http-nio-8083-exec-10] c.h.i.mapper.ItemMapper.selectBatchIds   : ==> Parameters: 100000006163(Long), 100001511821(Long), 2120808(Long)
16:47:38:334 DEBUG 25524 --- [http-nio-8083-exec-10] c.h.i.mapper.ItemMapper.selectBatchIds   : <==      Total: 3
16:47:38:531 DEBUG 24476 --- [http-nio-8081-exec-1] c.h.i.mapper.ItemMapper.selectBatchIds   : ==>  Preparing: SELECT id,name,price,stock,image,category,brand,spec,sold,comment_count,isAD,status,create_time,update_time,creater,updater FROM item WHERE id IN ( ? , ? , ? )
16:47:38:531 DEBUG 24476 --- [http-nio-8081-exec-1] c.h.i.mapper.ItemMapper.selectBatchIds   : ==> Parameters: 100000006163(Long), 100001511821(Long), 2120808(Long)
16:47:38:532 DEBUG 24476 --- [http-nio-8081-exec-1] c.h.i.mapper.ItemMapper.selectBatchIds   : <==      Total: 3
16:47:38:631 DEBUG 25524 --- [http-nio-8083-exec-1] c.h.i.mapper.ItemMapper.selectBatchIds   : ==>  Preparing: SELECT id,name,price,stock,image,category,brand,spec,sold,comment_count,isAD,status,create_time,update_time,creater,updater FROM item WHERE id IN ( ? , ? , ? )
16:47:38:631 DEBUG 25524 --- [http-nio-8083-exec-1] c.h.i.mapper.ItemMapper.selectBatchIds   : ==> Parameters: 100000006163(Long), 100001511821(Long), 2120808(Long)
16:47:38:632 DEBUG 25524 --- [http-nio-8083-exec-1] c.h.i.mapper.ItemMapper.selectBatchIds   : <==      Total: 3
16:47:39:033 DEBUG 24476 --- [http-nio-8081-exec-2] c.h.i.mapper.ItemMapper.selectBatchIds   : ==>  Preparing: SELECT id,name,price,stock,image,category,brand,spec,sold,comment_count,isAD,status,create_time,update_time,creater,updater FROM item WHERE id IN ( ? , ? , ? )
16:47:39:033 DEBUG 24476 --- [http-nio-8081-exec-2] c.h.i.mapper.ItemMapper.selectBatchIds   : ==> Parameters: 100000006163(Long), 100001511821(Long), 2120808(Long)
16:47:39:034 DEBUG 24476 --- [http-nio-8081-exec-2] c.h.i.mapper.ItemMapper.selectBatchIds   : <==      Total: 3
16:47:39:133 DEBUG 25524 --- [http-nio-8083-exec-2] c.h.i.mapper.ItemMapper.selectBatchIds   : ==>  Preparing: SELECT id,name,price,stock,image,category,brand,spec,sold,comment_count,isAD,status,create_time,update_time,creater,updater FROM item WHERE id IN ( ? , ? , ? )
16:47:39:133 DEBUG 25524 --- [http-nio-8083-exec-2] c.h.i.mapper.ItemMapper.selectBatchIds   : ==> Parameters: 100000006163(Long), 100001511821(Long), 2120808(Long)
16:47:39:134 DEBUG 25524 --- [http-nio-8083-exec-2] c.h.i.mapper.ItemMapper.selectBatchIds   : <==      Total: 3
16:47:39:230 DEBUG 24476 --- [http-nio-8081-exec-3] c.h.i.mapper.ItemMapper.selectBatchIds   : ==>  Preparing: SELECT id,name,price,stock,image,category,brand,spec,sold,comment_count,isAD,status,create_time,update_time,creater,updater FROM item WHERE id IN ( ? , ? , ? )
16:47:39:230 DEBUG 24476 --- [http-nio-8081-exec-3] c.h.i.mapper.ItemMapper.selectBatchIds   : ==> Parameters: 100000006163(Long), 100001511821(Long), 2120808(Long)
16:47:39:232 DEBUG 24476 --- [http-nio-8081-exec-3] c.h.i.mapper.ItemMapper.selectBatchIds   : <==      Total: 3
16:47:39:332 DEBUG 25524 --- [http-nio-8083-exec-3] c.h.i.mapper.ItemMapper.selectBatchIds   : ==>  Preparing: SELECT id,name,price,stock,image,category,brand,spec,sold,comment_count,isAD,status,create_time,update_time,creater,updater FROM item WHERE id IN ( ? , ? , ? )
16:47:39:332 DEBUG 25524 --- [http-nio-8083-exec-3] c.h.i.mapper.ItemMapper.selectBatchIds   : ==> Parameters: 100000006163(Long), 100001511821(Long), 2120808(Long)
16:47:39:334 DEBUG 25524 --- [http-nio-8083-exec-3] c.h.i.mapper.ItemMapper.selectBatchIds   : <==      Total: 3
16:47:39:532 DEBUG 24476 --- [http-nio-8081-exec-4] c.h.i.mapper.ItemMapper.selectBatchIds   : ==>  Preparing: SELECT id,name,price,stock,image,category,brand,spec,sold,comment_count,isAD,status,create_time,update_time,creater,updater FROM item WHERE id IN ( ? , ? , ? )
16:47:39:532 DEBUG 24476 --- [http-nio-8081-exec-4] c.h.i.mapper.ItemMapper.selectBatchIds   : ==> Parameters: 100000006163(Long), 100001511821(Long), 2120808(Long)
16:47:39:534 DEBUG 24476 --- [http-nio-8081-exec-4] c.h.i.mapper.ItemMapper.selectBatchIds   : <==      Total: 3
16:47:39:633 DEBUG 25524 --- [http-nio-8083-exec-4] c.h.i.mapper.ItemMapper.selectBatchIds   : ==>  Preparing: SELECT id,name,price,stock,image,category,brand,spec,sold,comment_count,isAD,status,create_time,update_time,creater,updater FROM item WHERE id IN ( ? , ? , ? )
16:47:39:633 DEBUG 25524 --- [http-nio-8083-exec-4] c.h.i.mapper.ItemMapper.selectBatchIds   : ==> Parameters: 100000006163(Long), 100001511821(Long), 2120808(Long)
16:47:39:634 DEBUG 25524 --- [http-nio-8083-exec-4] c.h.i.mapper.ItemMapper.selectBatchIds   : <==      Total: 3
16:47:40:032 DEBUG 24476 --- [http-nio-8081-exec-5] c.h.i.mapper.ItemMapper.selectBatchIds   : ==>  Preparing: SELECT id,name,price,stock,image,category,brand,spec,sold,comment_count,isAD,status,create_time,update_time,creater,updater FROM item WHERE id IN ( ? , ? , ? )
16:47:40:032 DEBUG 24476 --- [http-nio-8081-exec-5] c.h.i.mapper.ItemMapper.selectBatchIds   : ==> Parameters: 100000006163(Long), 100001511821(Long), 2120808(Long)
16:47:40:033 DEBUG 24476 --- [http-nio-8081-exec-5] c.h.i.mapper.ItemMapper.selectBatchIds   : <==      Total: 3
16:47:40:132 DEBUG 25524 --- [http-nio-8083-exec-6] c.h.i.mapper.ItemMapper.selectBatchIds   : ==>  Preparing: SELECT id,name,price,stock,image,category,brand,spec,sold,comment_count,isAD,status,create_time,update_time,creater,updater FROM item WHERE id IN ( ? , ? , ? )
16:47:40:132 DEBUG 25524 --- [http-nio-8083-exec-6] c.h.i.mapper.ItemMapper.selectBatchIds   : ==> Parameters: 100000006163(Long), 100001511821(Long), 2120808(Long)
16:47:40:133 DEBUG 25524 --- [http-nio-8083-exec-6] c.h.i.mapper.ItemMapper.selectBatchIds   : <==      Total: 3
16:47:40:230 DEBUG 24476 --- [http-nio-8081-exec-6] c.h.i.mapper.ItemMapper.selectBatchIds   : ==>  Preparing: SELECT id,name,price,stock,image,category,brand,spec,sold,comment_count,isAD,status,create_time,update_time,creater,updater FROM item WHERE id IN ( ? , ? , ? )
16:47:40:230 DEBUG 24476 --- [http-nio-8081-exec-6] c.h.i.mapper.ItemMapper.selectBatchIds   : ==> Parameters: 100000006163(Long), 100001511821(Long), 2120808(Long)
16:47:40:232 DEBUG 24476 --- [http-nio-8081-exec-6] c.h.i.mapper.ItemMapper.selectBatchIds   : <==      Total: 3
16:47:40:334 DEBUG 25524 --- [http-nio-8083-exec-5] c.h.i.mapper.ItemMapper.selectBatchIds   : ==>  Preparing: SELECT id,name,price,stock,image,category,brand,spec,sold,comment_count,isAD,status,create_time,update_time,creater,updater FROM item WHERE id IN ( ? , ? , ? )
16:47:40:334 DEBUG 25524 --- [http-nio-8083-exec-5] c.h.i.mapper.ItemMapper.selectBatchIds   : ==> Parameters: 100000006163(Long), 100001511821(Long), 2120808(Long)
16:47:40:335 DEBUG 25524 --- [http-nio-8083-exec-5] c.h.i.mapper.ItemMapper.selectBatchIds   : <==      Total: 3
16:47:40:532 DEBUG 24476 --- [http-nio-8081-exec-7] c.h.i.mapper.ItemMapper.selectBatchIds   : ==>  Preparing: SELECT id,name,price,stock,image,category,brand,spec,sold,comment_count,isAD,status,create_time,update_time,creater,updater FROM item WHERE id IN ( ? , ? , ? )
16:47:40:532 DEBUG 24476 --- [http-nio-8081-exec-7] c.h.i.mapper.ItemMapper.selectBatchIds   : ==> Parameters: 100000006163(Long), 100001511821(Long), 2120808(Long)
16:47:40:534 DEBUG 24476 --- [http-nio-8081-exec-7] c.h.i.mapper.ItemMapper.selectBatchIds   : <==      Total: 3
16:47:40:632 DEBUG 25524 --- [http-nio-8083-exec-9] c.h.i.mapper.ItemMapper.selectBatchIds   : ==>  Preparing: SELECT id,name,price,stock,image,category,brand,spec,sold,comment_count,isAD,status,create_time,update_time,creater,updater FROM item WHERE id IN ( ? , ? , ? )
16:47:40:632 DEBUG 25524 --- [http-nio-8083-exec-9] c.h.i.mapper.ItemMapper.selectBatchIds   : ==> Parameters: 100000006163(Long), 100001511821(Long), 2120808(Long)
16:47:40:632 DEBUG 25524 --- [http-nio-8083-exec-9] c.h.i.mapper.ItemMapper.selectBatchIds   : <==      Total: 3
16:47:41:034 DEBUG 24476 --- [http-nio-8081-exec-8] c.h.i.mapper.ItemMapper.selectBatchIds   : ==>  Preparing: SELECT id,name,price,stock,image,category,brand,spec,sold,comment_count,isAD,status,create_time,update_time,creater,updater FROM item WHERE id IN ( ? , ? , ? )
16:47:41:034 DEBUG 24476 --- [http-nio-8081-exec-8] c.h.i.mapper.ItemMapper.selectBatchIds   : ==> Parameters: 100000006163(Long), 100001511821(Long), 2120808(Long)
16:47:41:035 DEBUG 24476 --- [http-nio-8081-exec-8] c.h.i.mapper.ItemMapper.selectBatchIds   : <==      Total: 3
16:47:41:132 DEBUG 25524 --- [http-nio-8083-exec-8] c.h.i.mapper.ItemMapper.selectBatchIds   : ==>  Preparing: SELECT id,name,price,stock,image,category,brand,spec,sold,comment_count,isAD,status,create_time,update_time,creater,updater FROM item WHERE id IN ( ? , ? , ? )
16:47:41:132 DEBUG 25524 --- [http-nio-8083-exec-8] c.h.i.mapper.ItemMapper.selectBatchIds   : ==> Parameters: 100000006163(Long), 100001511821(Long), 2120808(Long)
16:47:41:134 DEBUG 25524 --- [http-nio-8083-exec-8] c.h.i.mapper.ItemMapper.selectBatchIds   : <==      Total: 3
16:47:41:231 DEBUG 24476 --- [http-nio-8081-exec-9] c.h.i.mapper.ItemMapper.selectBatchIds   : ==>  Preparing: SELECT id,name,price,stock,image,category,brand,spec,sold,comment_count,isAD,status,create_time,update_time,creater,updater FROM item WHERE id IN ( ? , ? , ? )
16:47:41:232 DEBUG 24476 --- [http-nio-8081-exec-9] c.h.i.mapper.ItemMapper.selectBatchIds   : ==> Parameters: 100000006163(Long), 100001511821(Long), 2120808(Long)
16:47:41:232 DEBUG 24476 --- [http-nio-8081-exec-9] c.h.i.mapper.ItemMapper.selectBatchIds   : <==      Total: 3
16:47:41:333 DEBUG 25524 --- [http-nio-8083-exec-7] c.h.i.mapper.ItemMapper.selectBatchIds   : ==>  Preparing: SELECT id,name,price,stock,image,category,brand,spec,sold,comment_count,isAD,status,create_time,update_time,creater,updater FROM item WHERE id IN ( ? , ? , ? )
16:47:41:333 DEBUG 25524 --- [http-nio-8083-exec-7] c.h.i.mapper.ItemMapper.selectBatchIds   : ==> Parameters: 100000006163(Long), 100001511821(Long), 2120808(Long)
16:47:41:334 DEBUG 25524 --- [http-nio-8083-exec-7] c.h.i.mapper.ItemMapper.selectBatchIds   : <==      Total: 3
16:47:41:531 DEBUG 24476 --- [http-nio-8081-exec-10] c.h.i.mapper.ItemMapper.selectBatchIds   : ==>  Preparing: SELECT id,name,price,stock,image,category,brand,spec,sold,comment_count,isAD,status,create_time,update_time,creater,updater FROM item WHERE id IN ( ? , ? , ? )
16:47:41:531 DEBUG 24476 --- [http-nio-8081-exec-10] c.h.i.mapper.ItemMapper.selectBatchIds   : ==> Parameters: 100000006163(Long), 100001511821(Long), 2120808(Long)
16:47:41:533 DEBUG 24476 --- [http-nio-8081-exec-10] c.h.i.mapper.ItemMapper.selectBatchIds   : <==      Total: 3
16:47:41:631 DEBUG 25524 --- [http-nio-8083-exec-10] c.h.i.mapper.ItemMapper.selectBatchIds   : ==>  Preparing: SELECT id,name,price,stock,image,category,brand,spec,sold,comment_count,isAD,status,create_time,update_time,creater,updater FROM item WHERE id IN ( ? , ? , ? )
16:47:41:631 DEBUG 25524 --- [http-nio-8083-exec-10] c.h.i.mapper.ItemMapper.selectBatchIds   : ==> Parameters: 100000006163(Long), 100001511821(Long), 2120808(Long)
16:47:41:633 DEBUG 25524 --- [http-nio-8083-exec-10] c.h.i.mapper.ItemMapper.selectBatchIds   : <==      Total: 3
16:47:42:031 DEBUG 24476 --- [http-nio-8081-exec-1] c.h.i.mapper.ItemMapper.selectBatchIds   : ==>  Preparing: SELECT id,name,price,stock,image,category,brand,spec,sold,comment_count,isAD,status,create_time,update_time,creater,updater FROM item WHERE id IN ( ? , ? , ? )
16:47:42:031 DEBUG 24476 --- [http-nio-8081-exec-1] c.h.i.mapper.ItemMapper.selectBatchIds   : ==> Parameters: 100000006163(Long), 100001511821(Long), 2120808(Long)
16:47:42:032 DEBUG 24476 --- [http-nio-8081-exec-1] c.h.i.mapper.ItemMapper.selectBatchIds   : <==      Total: 3
16:47:42:130 DEBUG 25524 --- [http-nio-8083-exec-1] c.h.i.mapper.ItemMapper.selectBatchIds   : ==>  Preparing: SELECT id,name,price,stock,image,category,brand,spec,sold,comment_count,isAD,status,create_time,update_time,creater,updater FROM item WHERE id IN ( ? , ? , ? )
16:47:42:131 DEBUG 25524 --- [http-nio-8083-exec-1] c.h.i.mapper.ItemMapper.selectBatchIds   : ==> Parameters: 100000006163(Long), 100001511821(Long), 2120808(Long)
16:47:42:132 DEBUG 25524 --- [http-nio-8083-exec-1] c.h.i.mapper.ItemMapper.selectBatchIds   : <==      Total: 3
16:47:42:232 DEBUG 24476 --- [http-nio-8081-exec-2] c.h.i.mapper.ItemMapper.selectBatchIds   : ==>  Preparing: SELECT id,name,price,stock,image,category,brand,spec,sold,comment_count,isAD,status,create_time,update_time,creater,updater FROM item WHERE id IN ( ? , ? , ? )
16:47:42:232 DEBUG 24476 --- [http-nio-8081-exec-2] c.h.i.mapper.ItemMapper.selectBatchIds   : ==> Parameters: 100000006163(Long), 100001511821(Long), 2120808(Long)
16:47:42:234 DEBUG 24476 --- [http-nio-8081-exec-2] c.h.i.mapper.ItemMapper.selectBatchIds   : <==      Total: 3
16:47:42:332 DEBUG 25524 --- [http-nio-8083-exec-2] c.h.i.mapper.ItemMapper.selectBatchIds   : ==>  Preparing: SELECT id,name,price,stock,image,category,brand,spec,sold,comment_count,isAD,status,create_time,update_time,creater,updater FROM item WHERE id IN ( ? , ? , ? )
16:47:42:332 DEBUG 25524 --- [http-nio-8083-exec-2] c.h.i.mapper.ItemMapper.selectBatchIds   : ==> Parameters: 100000006163(Long), 100001511821(Long), 2120808(Long)
16:47:42:334 DEBUG 25524 --- [http-nio-8083-exec-2] c.h.i.mapper.ItemMapper.selectBatchIds   : <==      Total: 3
16:47:42:533 DEBUG 24476 --- [http-nio-8081-exec-3] c.h.i.mapper.ItemMapper.selectBatchIds   : ==>  Preparing: SELECT id,name,price,stock,image,category,brand,spec,sold,comment_count,isAD,status,create_time,update_time,creater,updater FROM item WHERE id IN ( ? , ? , ? )
16:47:42:533 DEBUG 24476 --- [http-nio-8081-exec-3] c.h.i.mapper.ItemMapper.selectBatchIds   : ==> Parameters: 100000006163(Long), 100001511821(Long), 2120808(Long)
16:47:42:535 DEBUG 24476 --- [http-nio-8081-exec-3] c.h.i.mapper.ItemMapper.selectBatchIds   : <==      Total: 3
16:47:42:632 DEBUG 25524 --- [http-nio-8083-exec-3] c.h.i.mapper.ItemMapper.selectBatchIds   : ==>  Preparing: SELECT id,name,price,stock,image,category,brand,spec,sold,comment_count,isAD,status,create_time,update_time,creater,updater FROM item WHERE id IN ( ? , ? , ? )
16:47:42:632 DEBUG 25524 --- [http-nio-8083-exec-3] c.h.i.mapper.ItemMapper.selectBatchIds   : ==> Parameters: 100000006163(Long), 100001511821(Long), 2120808(Long)
16:47:42:633 DEBUG 25524 --- [http-nio-8083-exec-3] c.h.i.mapper.ItemMapper.selectBatchIds   : <==      Total: 3
16:47:43:032 DEBUG 24476 --- [http-nio-8081-exec-4] c.h.i.mapper.ItemMapper.selectBatchIds   : ==>  Preparing: SELECT id,name,price,stock,image,category,brand,spec,sold,comment_count,isAD,status,create_time,update_time,creater,updater FROM item WHERE id IN ( ? , ? , ? )
16:47:43:032 DEBUG 24476 --- [http-nio-8081-exec-4] c.h.i.mapper.ItemMapper.selectBatchIds   : ==> Parameters: 100000006163(Long), 100001511821(Long), 2120808(Long)
16:47:43:032 DEBUG 24476 --- [http-nio-8081-exec-4] c.h.i.mapper.ItemMapper.selectBatchIds   : <==      Total: 3
16:47:43:132 DEBUG 25524 --- [http-nio-8083-exec-4] c.h.i.mapper.ItemMapper.selectBatchIds   : ==>  Preparing: SELECT id,name,price,stock,image,category,brand,spec,sold,comment_count,isAD,status,create_time,update_time,creater,updater FROM item WHERE id IN ( ? , ? , ? )
16:47:43:132 DEBUG 25524 --- [http-nio-8083-exec-4] c.h.i.mapper.ItemMapper.selectBatchIds   : ==> Parameters: 100000006163(Long), 100001511821(Long), 2120808(Long)
16:47:43:133 DEBUG 25524 --- [http-nio-8083-exec-4] c.h.i.mapper.ItemMapper.selectBatchIds   : <==      Total: 3
16:47:43:231 DEBUG 24476 --- [http-nio-8081-exec-5] c.h.i.mapper.ItemMapper.selectBatchIds   : ==>  Preparing: SELECT id,name,price,stock,image,category,brand,spec,sold,comment_count,isAD,status,create_time,update_time,creater,updater FROM item WHERE id IN ( ? , ? , ? )
16:47:43:231 DEBUG 24476 --- [http-nio-8081-exec-5] c.h.i.mapper.ItemMapper.selectBatchIds   : ==> Parameters: 100000006163(Long), 100001511821(Long), 2120808(Long)
16:47:43:232 DEBUG 24476 --- [http-nio-8081-exec-5] c.h.i.mapper.ItemMapper.selectBatchIds   : <==      Total: 3
16:47:43:332 DEBUG 25524 --- [http-nio-8083-exec-6] c.h.i.mapper.ItemMapper.selectBatchIds   : ==>  Preparing: SELECT id,name,price,stock,image,category,brand,spec,sold,comment_count,isAD,status,create_time,update_time,creater,updater FROM item WHERE id IN ( ? , ? , ? )
16:47:43:333 DEBUG 25524 --- [http-nio-8083-exec-6] c.h.i.mapper.ItemMapper.selectBatchIds   : ==> Parameters: 100000006163(Long), 100001511821(Long), 2120808(Long)
16:47:43:334 DEBUG 25524 --- [http-nio-8083-exec-6] c.h.i.mapper.ItemMapper.selectBatchIds   : <==      Total: 3
16:47:43:530 DEBUG 24476 --- [http-nio-8081-exec-6] c.h.i.mapper.ItemMapper.selectBatchIds   : ==>  Preparing: SELECT id,name,price,stock,image,category,brand,spec,sold,comment_count,isAD,status,create_time,update_time,creater,updater FROM item WHERE id IN ( ? , ? , ? )
16:47:43:530 DEBUG 24476 --- [http-nio-8081-exec-6] c.h.i.mapper.ItemMapper.selectBatchIds   : ==> Parameters: 100000006163(Long), 100001511821(Long), 2120808(Long)
16:47:43:532 DEBUG 24476 --- [http-nio-8081-exec-6] c.h.i.mapper.ItemMapper.selectBatchIds   : <==      Total: 3
16:47:43:630 DEBUG 25524 --- [http-nio-8083-exec-5] c.h.i.mapper.ItemMapper.selectBatchIds   : ==>  Preparing: SELECT id,name,price,stock,image,category,brand,spec,sold,comment_count,isAD,status,create_time,update_time,creater,updater FROM item WHERE id IN ( ? , ? , ? )
16:47:43:630 DEBUG 25524 --- [http-nio-8083-exec-5] c.h.i.mapper.ItemMapper.selectBatchIds   : ==> Parameters: 100000006163(Long), 100001511821(Long), 2120808(Long)
16:47:43:631 DEBUG 25524 --- [http-nio-8083-exec-5] c.h.i.mapper.ItemMapper.selectBatchIds   : <==      Total: 3
16:47:44:032 DEBUG 24476 --- [http-nio-8081-exec-7] c.h.i.mapper.ItemMapper.selectBatchIds   : ==>  Preparing: SELECT id,name,price,stock,image,category,brand,spec,sold,comment_count,isAD,status,create_time,update_time,creater,updater FROM item WHERE id IN ( ? , ? , ? )
16:47:44:032 DEBUG 24476 --- [http-nio-8081-exec-7] c.h.i.mapper.ItemMapper.selectBatchIds   : ==> Parameters: 100000006163(Long), 100001511821(Long), 2120808(Long)
16:47:44:033 DEBUG 24476 --- [http-nio-8081-exec-7] c.h.i.mapper.ItemMapper.selectBatchIds   : <==      Total: 3
16:47:44:131 DEBUG 25524 --- [http-nio-8083-exec-9] c.h.i.mapper.ItemMapper.selectBatchIds   : ==>  Preparing: SELECT id,name,price,stock,image,category,brand,spec,sold,comment_count,isAD,status,create_time,update_time,creater,updater FROM item WHERE id IN ( ? , ? , ? )
16:47:44:131 DEBUG 25524 --- [http-nio-8083-exec-9] c.h.i.mapper.ItemMapper.selectBatchIds   : ==> Parameters: 100000006163(Long), 100001511821(Long), 2120808(Long)
16:47:44:132 DEBUG 25524 --- [http-nio-8083-exec-9] c.h.i.mapper.ItemMapper.selectBatchIds   : <==      Total: 3
16:47:44:232 DEBUG 24476 --- [http-nio-8081-exec-8] c.h.i.mapper.ItemMapper.selectBatchIds   : ==>  Preparing: SELECT id,name,price,stock,image,category,brand,spec,sold,comment_count,isAD,status,create_time,update_time,creater,updater FROM item WHERE id IN ( ? , ? , ? )
16:47:44:232 DEBUG 24476 --- [http-nio-8081-exec-8] c.h.i.mapper.ItemMapper.selectBatchIds   : ==> Parameters: 100000006163(Long), 100001511821(Long), 2120808(Long)
16:47:44:234 DEBUG 24476 --- [http-nio-8081-exec-8] c.h.i.mapper.ItemMapper.selectBatchIds   : <==      Total: 3
16:47:44:334 DEBUG 25524 --- [http-nio-8083-exec-8] c.h.i.mapper.ItemMapper.selectBatchIds   : ==>  Preparing: SELECT id,name,price,stock,image,category,brand,spec,sold,comment_count,isAD,status,create_time,update_time,creater,updater FROM item WHERE id IN ( ? , ? , ? )
16:47:44:334 DEBUG 25524 --- [http-nio-8083-exec-8] c.h.i.mapper.ItemMapper.selectBatchIds   : ==> Parameters: 100000006163(Long), 100001511821(Long), 2120808(Long)
16:47:44:335 DEBUG 25524 --- [http-nio-8083-exec-8] c.h.i.mapper.ItemMapper.selectBatchIds   : <==      Total: 3
16:47:44:532 DEBUG 24476 --- [http-nio-8081-exec-9] c.h.i.mapper.ItemMapper.selectBatchIds   : ==>  Preparing: SELECT id,name,price,stock,image,category,brand,spec,sold,comment_count,isAD,status,create_time,update_time,creater,updater FROM item WHERE id IN ( ? , ? , ? )
16:47:44:532 DEBUG 24476 --- [http-nio-8081-exec-9] c.h.i.mapper.ItemMapper.selectBatchIds   : ==> Parameters: 100000006163(Long), 100001511821(Long), 2120808(Long)
16:47:44:533 DEBUG 24476 --- [http-nio-8081-exec-9] c.h.i.mapper.ItemMapper.selectBatchIds   : <==      Total: 3
16:47:44:633 DEBUG 25524 --- [http-nio-8083-exec-7] c.h.i.mapper.ItemMapper.selectBatchIds   : ==>  Preparing: SELECT id,name,price,stock,image,category,brand,spec,sold,comment_count,isAD,status,create_time,update_time,creater,updater FROM item WHERE id IN ( ? , ? , ? )
16:47:44:633 DEBUG 25524 --- [http-nio-8083-exec-7] c.h.i.mapper.ItemMapper.selectBatchIds   : ==> Parameters: 100000006163(Long), 100001511821(Long), 2120808(Long)
16:47:44:633 DEBUG 25524 --- [http-nio-8083-exec-7] c.h.i.mapper.ItemMapper.selectBatchIds   : <==      Total: 3
16:47:45:031 DEBUG 24476 --- [http-nio-8081-exec-10] c.h.i.mapper.ItemMapper.selectBatchIds   : ==>  Preparing: SELECT id,name,price,stock,image,category,brand,spec,sold,comment_count,isAD,status,create_time,update_time,creater,updater FROM item WHERE id IN ( ? , ? , ? )
16:47:45:031 DEBUG 24476 --- [http-nio-8081-exec-10] c.h.i.mapper.ItemMapper.selectBatchIds   : ==> Parameters: 100000006163(Long), 100001511821(Long), 2120808(Long)
16:47:45:032 DEBUG 24476 --- [http-nio-8081-exec-10] c.h.i.mapper.ItemMapper.selectBatchIds   : <==      Total: 3
16:47:45:130 DEBUG 25524 --- [http-nio-8083-exec-10] c.h.i.mapper.ItemMapper.selectBatchIds   : ==>  Preparing: SELECT id,name,price,stock,image,category,brand,spec,sold,comment_count,isAD,status,create_time,update_time,creater,updater FROM item WHERE id IN ( ? , ? , ? )
16:47:45:130 DEBUG 25524 --- [http-nio-8083-exec-10] c.h.i.mapper.ItemMapper.selectBatchIds   : ==> Parameters: 100000006163(Long), 100001511821(Long), 2120808(Long)
16:47:45:131 DEBUG 25524 --- [http-nio-8083-exec-10] c.h.i.mapper.ItemMapper.selectBatchIds   : <==      Total: 3
16:47:45:231 DEBUG 24476 --- [http-nio-8081-exec-1] c.h.i.mapper.ItemMapper.selectBatchIds   : ==>  Preparing: SELECT id,name,price,stock,image,category,brand,spec,sold,comment_count,isAD,status,create_time,update_time,creater,updater FROM item WHERE id IN ( ? , ? , ? )
16:47:45:231 DEBUG 24476 --- [http-nio-8081-exec-1] c.h.i.mapper.ItemMapper.selectBatchIds   : ==> Parameters: 100000006163(Long), 100001511821(Long), 2120808(Long)
16:47:45:232 DEBUG 24476 --- [http-nio-8081-exec-1] c.h.i.mapper.ItemMapper.selectBatchIds   : <==      Total: 3
16:47:45:332 DEBUG 25524 --- [http-nio-8083-exec-1] c.h.i.mapper.ItemMapper.selectBatchIds   : ==>  Preparing: SELECT id,name,price,stock,image,category,brand,spec,sold,comment_count,isAD,status,create_time,update_time,creater,updater FROM item WHERE id IN ( ? , ? , ? )
16:47:45:332 DEBUG 25524 --- [http-nio-8083-exec-1] c.h.i.mapper.ItemMapper.selectBatchIds   : ==> Parameters: 100000006163(Long), 100001511821(Long), 2120808(Long)
16:47:45:334 DEBUG 25524 --- [http-nio-8083-exec-1] c.h.i.mapper.ItemMapper.selectBatchIds   : <==      Total: 3
16:47:45:531 DEBUG 24476 --- [http-nio-8081-exec-2] c.h.i.mapper.ItemMapper.selectBatchIds   : ==>  Preparing: SELECT id,name,price,stock,image,category,brand,spec,sold,comment_count,isAD,status,create_time,update_time,creater,updater FROM item WHERE id IN ( ? , ? , ? )
16:47:45:531 DEBUG 24476 --- [http-nio-8081-exec-2] c.h.i.mapper.ItemMapper.selectBatchIds   : ==> Parameters: 100000006163(Long), 100001511821(Long), 2120808(Long)
16:47:45:532 DEBUG 24476 --- [http-nio-8081-exec-2] c.h.i.mapper.ItemMapper.selectBatchIds   : <==      Total: 3
16:47:45:631 DEBUG 25524 --- [http-nio-8083-exec-2] c.h.i.mapper.ItemMapper.selectBatchIds   : ==>  Preparing: SELECT id,name,price,stock,image,category,brand,spec,sold,comment_count,isAD,status,create_time,update_time,creater,updater FROM item WHERE id IN ( ? , ? , ? )
16:47:45:631 DEBUG 25524 --- [http-nio-8083-exec-2] c.h.i.mapper.ItemMapper.selectBatchIds   : ==> Parameters: 100000006163(Long), 100001511821(Long), 2120808(Long)
16:47:45:632 DEBUG 25524 --- [http-nio-8083-exec-2] c.h.i.mapper.ItemMapper.selectBatchIds   : <==      Total: 3
16:47:46:031 DEBUG 24476 --- [http-nio-8081-exec-3] c.h.i.mapper.ItemMapper.selectBatchIds   : ==>  Preparing: SELECT id,name,price,stock,image,category,brand,spec,sold,comment_count,isAD,status,create_time,update_time,creater,updater FROM item WHERE id IN ( ? , ? , ? )
16:47:46:031 DEBUG 24476 --- [http-nio-8081-exec-3] c.h.i.mapper.ItemMapper.selectBatchIds   : ==> Parameters: 100000006163(Long), 100001511821(Long), 2120808(Long)
16:47:46:033 DEBUG 24476 --- [http-nio-8081-exec-3] c.h.i.mapper.ItemMapper.selectBatchIds   : <==      Total: 3
16:47:46:133 DEBUG 25524 --- [http-nio-8083-exec-3] c.h.i.mapper.ItemMapper.selectBatchIds   : ==>  Preparing: SELECT id,name,price,stock,image,category,brand,spec,sold,comment_count,isAD,status,create_time,update_time,creater,updater FROM item WHERE id IN ( ? , ? , ? )
16:47:46:133 DEBUG 25524 --- [http-nio-8083-exec-3] c.h.i.mapper.ItemMapper.selectBatchIds   : ==> Parameters: 100000006163(Long), 100001511821(Long), 2120808(Long)
16:47:46:134 DEBUG 25524 --- [http-nio-8083-exec-3] c.h.i.mapper.ItemMapper.selectBatchIds   : <==      Total: 3
16:47:46:232 DEBUG 24476 --- [http-nio-8081-exec-4] c.h.i.mapper.ItemMapper.selectBatchIds   : ==>  Preparing: SELECT id,name,price,stock,image,category,brand,spec,sold,comment_count,isAD,status,create_time,update_time,creater,updater FROM item WHERE id IN ( ? , ? , ? )
16:47:46:233 DEBUG 24476 --- [http-nio-8081-exec-4] c.h.i.mapper.ItemMapper.selectBatchIds   : ==> Parameters: 100000006163(Long), 100001511821(Long), 2120808(Long)
16:47:46:234 DEBUG 24476 --- [http-nio-8081-exec-4] c.h.i.mapper.ItemMapper.selectBatchIds   : <==      Total: 3
16:47:46:334 DEBUG 25524 --- [http-nio-8083-exec-4] c.h.i.mapper.ItemMapper.selectBatchIds   : ==>  Preparing: SELECT id,name,price,stock,image,category,brand,spec,sold,comment_count,isAD,status,create_time,update_time,creater,updater FROM item WHERE id IN ( ? , ? , ? )
16:47:46:335 DEBUG 25524 --- [http-nio-8083-exec-4] c.h.i.mapper.ItemMapper.selectBatchIds   : ==> Parameters: 100000006163(Long), 100001511821(Long), 2120808(Long)
16:47:46:336 DEBUG 25524 --- [http-nio-8083-exec-4] c.h.i.mapper.ItemMapper.selectBatchIds   : <==      Total: 3
16:47:46:534 DEBUG 24476 --- [http-nio-8081-exec-5] c.h.i.mapper.ItemMapper.selectBatchIds   : ==>  Preparing: SELECT id,name,price,stock,image,category,brand,spec,sold,comment_count,isAD,status,create_time,update_time,creater,updater FROM item WHERE id IN ( ? , ? , ? )
16:47:46:534 DEBUG 24476 --- [http-nio-8081-exec-5] c.h.i.mapper.ItemMapper.selectBatchIds   : ==> Parameters: 100000006163(Long), 100001511821(Long), 2120808(Long)
16:47:46:535 DEBUG 24476 --- [http-nio-8081-exec-5] c.h.i.mapper.ItemMapper.selectBatchIds   : <==      Total: 3
16:47:46:632 DEBUG 25524 --- [http-nio-8083-exec-6] c.h.i.mapper.ItemMapper.selectBatchIds   : ==>  Preparing: SELECT id,name,price,stock,image,category,brand,spec,sold,comment_count,isAD,status,create_time,update_time,creater,updater FROM item WHERE id IN ( ? , ? , ? )
16:47:46:632 DEBUG 25524 --- [http-nio-8083-exec-6] c.h.i.mapper.ItemMapper.selectBatchIds   : ==> Parameters: 100000006163(Long), 100001511821(Long), 2120808(Long)
16:47:46:634 DEBUG 25524 --- [http-nio-8083-exec-6] c.h.i.mapper.ItemMapper.selectBatchIds   : <==      Total: 3
16:47:47:031 DEBUG 24476 --- [http-nio-8081-exec-6] c.h.i.mapper.ItemMapper.selectBatchIds   : ==>  Preparing: SELECT id,name,price,stock,image,category,brand,spec,sold,comment_count,isAD,status,create_time,update_time,creater,updater FROM item WHERE id IN ( ? , ? , ? )
16:47:47:031 DEBUG 24476 --- [http-nio-8081-exec-6] c.h.i.mapper.ItemMapper.selectBatchIds   : ==> Parameters: 100000006163(Long), 100001511821(Long), 2120808(Long)
16:47:47:032 DEBUG 24476 --- [http-nio-8081-exec-6] c.h.i.mapper.ItemMapper.selectBatchIds   : <==      Total: 3
16:47:47:131 DEBUG 25524 --- [http-nio-8083-exec-5] c.h.i.mapper.ItemMapper.selectBatchIds   : ==>  Preparing: SELECT id,name,price,stock,image,category,brand,spec,sold,comment_count,isAD,status,create_time,update_time,creater,updater FROM item WHERE id IN ( ? , ? , ? )
16:47:47:131 DEBUG 25524 --- [http-nio-8083-exec-5] c.h.i.mapper.ItemMapper.selectBatchIds   : ==> Parameters: 100000006163(Long), 100001511821(Long), 2120808(Long)
16:47:47:132 DEBUG 25524 --- [http-nio-8083-exec-5] c.h.i.mapper.ItemMapper.selectBatchIds   : <==      Total: 3
16:47:47:238 DEBUG 24476 --- [http-nio-8081-exec-7] c.h.i.mapper.ItemMapper.selectBatchIds   : ==>  Preparing: SELECT id,name,price,stock,image,category,brand,spec,sold,comment_count,isAD,status,create_time,update_time,creater,updater FROM item WHERE id IN ( ? , ? , ? )
16:47:47:238 DEBUG 24476 --- [http-nio-8081-exec-7] c.h.i.mapper.ItemMapper.selectBatchIds   : ==> Parameters: 100000006163(Long), 100001511821(Long), 2120808(Long)
16:47:47:239 DEBUG 24476 --- [http-nio-8081-exec-7] c.h.i.mapper.ItemMapper.selectBatchIds   : <==      Total: 3
16:47:47:332 DEBUG 25524 --- [http-nio-8083-exec-9] c.h.i.mapper.ItemMapper.selectBatchIds   : ==>  Preparing: SELECT id,name,price,stock,image,category,brand,spec,sold,comment_count,isAD,status,create_time,update_time,creater,updater FROM item WHERE id IN ( ? , ? , ? )
16:47:47:332 DEBUG 25524 --- [http-nio-8083-exec-9] c.h.i.mapper.ItemMapper.selectBatchIds   : ==> Parameters: 100000006163(Long), 100001511821(Long), 2120808(Long)
16:47:47:334 DEBUG 25524 --- [http-nio-8083-exec-9] c.h.i.mapper.ItemMapper.selectBatchIds   : <==      Total: 3
16:47:47:531 DEBUG 24476 --- [http-nio-8081-exec-8] c.h.i.mapper.ItemMapper.selectBatchIds   : ==>  Preparing: SELECT id,name,price,stock,image,category,brand,spec,sold,comment_count,isAD,status,create_time,update_time,creater,updater FROM item WHERE id IN ( ? , ? , ? )
16:47:47:532 DEBUG 24476 --- [http-nio-8081-exec-8] c.h.i.mapper.ItemMapper.selectBatchIds   : ==> Parameters: 100000006163(Long), 100001511821(Long), 2120808(Long)
16:47:47:534 DEBUG 24476 --- [http-nio-8081-exec-8] c.h.i.mapper.ItemMapper.selectBatchIds   : <==      Total: 3
16:47:47:632 DEBUG 25524 --- [http-nio-8083-exec-8] c.h.i.mapper.ItemMapper.selectBatchIds   : ==>  Preparing: SELECT id,name,price,stock,image,category,brand,spec,sold,comment_count,isAD,status,create_time,update_time,creater,updater FROM item WHERE id IN ( ? , ? , ? )
16:47:47:632 DEBUG 25524 --- [http-nio-8083-exec-8] c.h.i.mapper.ItemMapper.selectBatchIds   : ==> Parameters: 100000006163(Long), 100001511821(Long), 2120808(Long)
16:47:47:633 DEBUG 25524 --- [http-nio-8083-exec-8] c.h.i.mapper.ItemMapper.selectBatchIds   : <==      Total: 3
16:47:48:030 DEBUG 24476 --- [http-nio-8081-exec-9] c.h.i.mapper.ItemMapper.selectBatchIds   : ==>  Preparing: SELECT id,name,price,stock,image,category,brand,spec,sold,comment_count,isAD,status,create_time,update_time,creater,updater FROM item WHERE id IN ( ? , ? , ? )
16:47:48:030 DEBUG 24476 --- [http-nio-8081-exec-9] c.h.i.mapper.ItemMapper.selectBatchIds   : ==> Parameters: 100000006163(Long), 100001511821(Long), 2120808(Long)
16:47:48:032 DEBUG 24476 --- [http-nio-8081-exec-9] c.h.i.mapper.ItemMapper.selectBatchIds   : <==      Total: 3
16:47:48:131 DEBUG 25524 --- [http-nio-8083-exec-7] c.h.i.mapper.ItemMapper.selectBatchIds   : ==>  Preparing: SELECT id,name,price,stock,image,category,brand,spec,sold,comment_count,isAD,status,create_time,update_time,creater,updater FROM item WHERE id IN ( ? , ? , ? )
16:47:48:131 DEBUG 25524 --- [http-nio-8083-exec-7] c.h.i.mapper.ItemMapper.selectBatchIds   : ==> Parameters: 100000006163(Long), 100001511821(Long), 2120808(Long)
16:47:48:131 DEBUG 25524 --- [http-nio-8083-exec-7] c.h.i.mapper.ItemMapper.selectBatchIds   : <==      Total: 3
16:47:48:231 DEBUG 24476 --- [http-nio-8081-exec-10] c.h.i.mapper.ItemMapper.selectBatchIds   : ==>  Preparing: SELECT id,name,price,stock,image,category,brand,spec,sold,comment_count,isAD,status,create_time,update_time,creater,updater FROM item WHERE id IN ( ? , ? , ? )
16:47:48:231 DEBUG 24476 --- [http-nio-8081-exec-10] c.h.i.mapper.ItemMapper.selectBatchIds   : ==> Parameters: 100000006163(Long), 100001511821(Long), 2120808(Long)
16:47:48:232 DEBUG 24476 --- [http-nio-8081-exec-10] c.h.i.mapper.ItemMapper.selectBatchIds   : <==      Total: 3
16:47:48:332 DEBUG 25524 --- [http-nio-8083-exec-10] c.h.i.mapper.ItemMapper.selectBatchIds   : ==>  Preparing: SELECT id,name,price,stock,image,category,brand,spec,sold,comment_count,isAD,status,create_time,update_time,creater,updater FROM item WHERE id IN ( ? , ? , ? )
16:47:48:332 DEBUG 25524 --- [http-nio-8083-exec-10] c.h.i.mapper.ItemMapper.selectBatchIds   : ==> Parameters: 100000006163(Long), 100001511821(Long), 2120808(Long)
16:47:48:334 DEBUG 25524 --- [http-nio-8083-exec-10] c.h.i.mapper.ItemMapper.selectBatchIds   : <==      Total: 3
16:47:48:534 DEBUG 24476 --- [http-nio-8081-exec-1] c.h.i.mapper.ItemMapper.selectBatchIds   : ==>  Preparing: SELECT id,name,price,stock,image,category,brand,spec,sold,comment_count,isAD,status,create_time,update_time,creater,updater FROM item WHERE id IN ( ? , ? , ? )
16:47:48:534 DEBUG 24476 --- [http-nio-8081-exec-1] c.h.i.mapper.ItemMapper.selectBatchIds   : ==> Parameters: 100000006163(Long), 100001511821(Long), 2120808(Long)
16:47:48:536 DEBUG 24476 --- [http-nio-8081-exec-1] c.h.i.mapper.ItemMapper.selectBatchIds   : <==      Total: 3
16:47:48:631 DEBUG 25524 --- [http-nio-8083-exec-1] c.h.i.mapper.ItemMapper.selectBatchIds   : ==>  Preparing: SELECT id,name,price,stock,image,category,brand,spec,sold,comment_count,isAD,status,create_time,update_time,creater,updater FROM item WHERE id IN ( ? , ? , ? )
16:47:48:631 DEBUG 25524 --- [http-nio-8083-exec-1] c.h.i.mapper.ItemMapper.selectBatchIds   : ==> Parameters: 100000006163(Long), 100001511821(Long), 2120808(Long)
16:47:48:632 DEBUG 25524 --- [http-nio-8083-exec-1] c.h.i.mapper.ItemMapper.selectBatchIds   : <==      Total: 3
16:47:49:031 DEBUG 24476 --- [http-nio-8081-exec-2] c.h.i.mapper.ItemMapper.selectBatchIds   : ==>  Preparing: SELECT id,name,price,stock,image,category,brand,spec,sold,comment_count,isAD,status,create_time,update_time,creater,updater FROM item WHERE id IN ( ? , ? , ? )
16:47:49:032 DEBUG 24476 --- [http-nio-8081-exec-2] c.h.i.mapper.ItemMapper.selectBatchIds   : ==> Parameters: 100000006163(Long), 100001511821(Long), 2120808(Long)
16:47:49:032 DEBUG 24476 --- [http-nio-8081-exec-2] c.h.i.mapper.ItemMapper.selectBatchIds   : <==      Total: 3
16:47:49:130 DEBUG 25524 --- [http-nio-8083-exec-2] c.h.i.mapper.ItemMapper.selectBatchIds   : ==>  Preparing: SELECT id,name,price,stock,image,category,brand,spec,sold,comment_count,isAD,status,create_time,update_time,creater,updater FROM item WHERE id IN ( ? , ? , ? )
16:47:49:130 DEBUG 25524 --- [http-nio-8083-exec-2] c.h.i.mapper.ItemMapper.selectBatchIds   : ==> Parameters: 100000006163(Long), 100001511821(Long), 2120808(Long)
16:47:49:132 DEBUG 25524 --- [http-nio-8083-exec-2] c.h.i.mapper.ItemMapper.selectBatchIds   : <==      Total: 3
16:47:49:231 DEBUG 24476 --- [http-nio-8081-exec-3] c.h.i.mapper.ItemMapper.selectBatchIds   : ==>  Preparing: SELECT id,name,price,stock,image,category,brand,spec,sold,comment_count,isAD,status,create_time,update_time,creater,updater FROM item WHERE id IN ( ? , ? , ? )
16:47:49:231 DEBUG 24476 --- [http-nio-8081-exec-3] c.h.i.mapper.ItemMapper.selectBatchIds   : ==> Parameters: 100000006163(Long), 100001511821(Long), 2120808(Long)
16:47:49:233 DEBUG 24476 --- [http-nio-8081-exec-3] c.h.i.mapper.ItemMapper.selectBatchIds   : <==      Total: 3
16:47:49:336 DEBUG 25524 --- [http-nio-8083-exec-3] c.h.i.mapper.ItemMapper.selectBatchIds   : ==>  Preparing: SELECT id,name,price,stock,image,category,brand,spec,sold,comment_count,isAD,status,create_time,update_time,creater,updater FROM item WHERE id IN ( ? , ? , ? )
16:47:49:336 DEBUG 25524 --- [http-nio-8083-exec-3] c.h.i.mapper.ItemMapper.selectBatchIds   : ==> Parameters: 100000006163(Long), 100001511821(Long), 2120808(Long)
16:47:49:338 DEBUG 25524 --- [http-nio-8083-exec-3] c.h.i.mapper.ItemMapper.selectBatchIds   : <==      Total: 3
16:47:49:536 DEBUG 24476 --- [http-nio-8081-exec-4] c.h.i.mapper.ItemMapper.selectBatchIds   : ==>  Preparing: SELECT id,name,price,stock,image,category,brand,spec,sold,comment_count,isAD,status,create_time,update_time,creater,updater FROM item WHERE id IN ( ? , ? , ? )
16:47:49:536 DEBUG 24476 --- [http-nio-8081-exec-4] c.h.i.mapper.ItemMapper.selectBatchIds   : ==> Parameters: 100000006163(Long), 100001511821(Long), 2120808(Long)
16:47:49:538 DEBUG 24476 --- [http-nio-8081-exec-4] c.h.i.mapper.ItemMapper.selectBatchIds   : <==      Total: 3
16:47:49:632 DEBUG 25524 --- [http-nio-8083-exec-4] c.h.i.mapper.ItemMapper.selectBatchIds   : ==>  Preparing: SELECT id,name,price,stock,image,category,brand,spec,sold,comment_count,isAD,status,create_time,update_time,creater,updater FROM item WHERE id IN ( ? , ? , ? )
16:47:49:632 DEBUG 25524 --- [http-nio-8083-exec-4] c.h.i.mapper.ItemMapper.selectBatchIds   : ==> Parameters: 100000006163(Long), 100001511821(Long), 2120808(Long)
16:47:49:634 DEBUG 25524 --- [http-nio-8083-exec-4] c.h.i.mapper.ItemMapper.selectBatchIds   : <==      Total: 3
16:47:50:031 DEBUG 24476 --- [http-nio-8081-exec-5] c.h.i.mapper.ItemMapper.selectBatchIds   : ==>  Preparing: SELECT id,name,price,stock,image,category,brand,spec,sold,comment_count,isAD,status,create_time,update_time,creater,updater FROM item WHERE id IN ( ? , ? , ? )
16:47:50:031 DEBUG 24476 --- [http-nio-8081-exec-5] c.h.i.mapper.ItemMapper.selectBatchIds   : ==> Parameters: 100000006163(Long), 100001511821(Long), 2120808(Long)
16:47:50:032 DEBUG 24476 --- [http-nio-8081-exec-5] c.h.i.mapper.ItemMapper.selectBatchIds   : <==      Total: 3
16:47:50:130 DEBUG 25524 --- [http-nio-8083-exec-6] c.h.i.mapper.ItemMapper.selectBatchIds   : ==>  Preparing: SELECT id,name,price,stock,image,category,brand,spec,sold,comment_count,isAD,status,create_time,update_time,creater,updater FROM item WHERE id IN ( ? , ? , ? )
16:47:50:130 DEBUG 25524 --- [http-nio-8083-exec-6] c.h.i.mapper.ItemMapper.selectBatchIds   : ==> Parameters: 100000006163(Long), 100001511821(Long), 2120808(Long)
16:47:50:131 DEBUG 25524 --- [http-nio-8083-exec-6] c.h.i.mapper.ItemMapper.selectBatchIds   : <==      Total: 3
16:47:50:230 DEBUG 24476 --- [http-nio-8081-exec-6] c.h.i.mapper.ItemMapper.selectBatchIds   : ==>  Preparing: SELECT id,name,price,stock,image,category,brand,spec,sold,comment_count,isAD,status,create_time,update_time,creater,updater FROM item WHERE id IN ( ? , ? , ? )
16:47:50:230 DEBUG 24476 --- [http-nio-8081-exec-6] c.h.i.mapper.ItemMapper.selectBatchIds   : ==> Parameters: 100000006163(Long), 100001511821(Long), 2120808(Long)
16:47:50:231 DEBUG 24476 --- [http-nio-8081-exec-6] c.h.i.mapper.ItemMapper.selectBatchIds   : <==      Total: 3
16:47:50:331 DEBUG 25524 --- [http-nio-8083-exec-5] c.h.i.mapper.ItemMapper.selectBatchIds   : ==>  Preparing: SELECT id,name,price,stock,image,category,brand,spec,sold,comment_count,isAD,status,create_time,update_time,creater,updater FROM item WHERE id IN ( ? , ? , ? )
16:47:50:331 DEBUG 25524 --- [http-nio-8083-exec-5] c.h.i.mapper.ItemMapper.selectBatchIds   : ==> Parameters: 100000006163(Long), 100001511821(Long), 2120808(Long)
16:47:50:333 DEBUG 25524 --- [http-nio-8083-exec-5] c.h.i.mapper.ItemMapper.selectBatchIds   : <==      Total: 3
16:47:50:533 DEBUG 24476 --- [http-nio-8081-exec-7] c.h.i.mapper.ItemMapper.selectBatchIds   : ==>  Preparing: SELECT id,name,price,stock,image,category,brand,spec,sold,comment_count,isAD,status,create_time,update_time,creater,updater FROM item WHERE id IN ( ? , ? , ? )
16:47:50:533 DEBUG 24476 --- [http-nio-8081-exec-7] c.h.i.mapper.ItemMapper.selectBatchIds   : ==> Parameters: 100000006163(Long), 100001511821(Long), 2120808(Long)
16:47:50:534 DEBUG 24476 --- [http-nio-8081-exec-7] c.h.i.mapper.ItemMapper.selectBatchIds   : <==      Total: 3
16:47:50:634 DEBUG 25524 --- [http-nio-8083-exec-9] c.h.i.mapper.ItemMapper.selectBatchIds   : ==>  Preparing: SELECT id,name,price,stock,image,category,brand,spec,sold,comment_count,isAD,status,create_time,update_time,creater,updater FROM item WHERE id IN ( ? , ? , ? )
16:47:50:635 DEBUG 25524 --- [http-nio-8083-exec-9] c.h.i.mapper.ItemMapper.selectBatchIds   : ==> Parameters: 100000006163(Long), 100001511821(Long), 2120808(Long)
16:47:50:635 DEBUG 25524 --- [http-nio-8083-exec-9] c.h.i.mapper.ItemMapper.selectBatchIds   : <==      Total: 3
16:47:51:035 DEBUG 24476 --- [http-nio-8081-exec-8] c.h.i.mapper.ItemMapper.selectBatchIds   : ==>  Preparing: SELECT id,name,price,stock,image,category,brand,spec,sold,comment_count,isAD,status,create_time,update_time,creater,updater FROM item WHERE id IN ( ? , ? , ? )
16:47:51:035 DEBUG 24476 --- [http-nio-8081-exec-8] c.h.i.mapper.ItemMapper.selectBatchIds   : ==> Parameters: 100000006163(Long), 100001511821(Long), 2120808(Long)
16:47:51:036 DEBUG 24476 --- [http-nio-8081-exec-8] c.h.i.mapper.ItemMapper.selectBatchIds   : <==      Total: 3
16:47:51:131 DEBUG 25524 --- [http-nio-8083-exec-8] c.h.i.mapper.ItemMapper.selectBatchIds   : ==>  Preparing: SELECT id,name,price,stock,image,category,brand,spec,sold,comment_count,isAD,status,create_time,update_time,creater,updater FROM item WHERE id IN ( ? , ? , ? )
16:47:51:131 DEBUG 25524 --- [http-nio-8083-exec-8] c.h.i.mapper.ItemMapper.selectBatchIds   : ==> Parameters: 100000006163(Long), 100001511821(Long), 2120808(Long)
16:47:51:131 DEBUG 25524 --- [http-nio-8083-exec-8] c.h.i.mapper.ItemMapper.selectBatchIds   : <==      Total: 3
16:47:51:236 DEBUG 24476 --- [http-nio-8081-exec-9] c.h.i.mapper.ItemMapper.selectBatchIds   : ==>  Preparing: SELECT id,name,price,stock,image,category,brand,spec,sold,comment_count,isAD,status,create_time,update_time,creater,updater FROM item WHERE id IN ( ? , ? , ? )
16:47:51:236 DEBUG 24476 --- [http-nio-8081-exec-9] c.h.i.mapper.ItemMapper.selectBatchIds   : ==> Parameters: 100000006163(Long), 100001511821(Long), 2120808(Long)
16:47:51:237 DEBUG 24476 --- [http-nio-8081-exec-9] c.h.i.mapper.ItemMapper.selectBatchIds   : <==      Total: 3
16:47:51:336 DEBUG 25524 --- [http-nio-8083-exec-7] c.h.i.mapper.ItemMapper.selectBatchIds   : ==>  Preparing: SELECT id,name,price,stock,image,category,brand,spec,sold,comment_count,isAD,status,create_time,update_time,creater,updater FROM item WHERE id IN ( ? , ? , ? )
16:47:51:336 DEBUG 25524 --- [http-nio-8083-exec-7] c.h.i.mapper.ItemMapper.selectBatchIds   : ==> Parameters: 100000006163(Long), 100001511821(Long), 2120808(Long)
16:47:51:337 DEBUG 25524 --- [http-nio-8083-exec-7] c.h.i.mapper.ItemMapper.selectBatchIds   : <==      Total: 3
16:47:51:534 DEBUG 24476 --- [http-nio-8081-exec-10] c.h.i.mapper.ItemMapper.selectBatchIds   : ==>  Preparing: SELECT id,name,price,stock,image,category,brand,spec,sold,comment_count,isAD,status,create_time,update_time,creater,updater FROM item WHERE id IN ( ? , ? , ? )
16:47:51:534 DEBUG 24476 --- [http-nio-8081-exec-10] c.h.i.mapper.ItemMapper.selectBatchIds   : ==> Parameters: 100000006163(Long), 100001511821(Long), 2120808(Long)
16:47:51:535 DEBUG 24476 --- [http-nio-8081-exec-10] c.h.i.mapper.ItemMapper.selectBatchIds   : <==      Total: 3
16:47:51:635 DEBUG 25524 --- [http-nio-8083-exec-10] c.h.i.mapper.ItemMapper.selectBatchIds   : ==>  Preparing: SELECT id,name,price,stock,image,category,brand,spec,sold,comment_count,isAD,status,create_time,update_time,creater,updater FROM item WHERE id IN ( ? , ? , ? )
16:47:51:635 DEBUG 25524 --- [http-nio-8083-exec-10] c.h.i.mapper.ItemMapper.selectBatchIds   : ==> Parameters: 100000006163(Long), 100001511821(Long), 2120808(Long)
16:47:51:637 DEBUG 25524 --- [http-nio-8083-exec-10] c.h.i.mapper.ItemMapper.selectBatchIds   : <==      Total: 3
16:47:52:034 DEBUG 24476 --- [http-nio-8081-exec-1] c.h.i.mapper.ItemMapper.selectBatchIds   : ==>  Preparing: SELECT id,name,price,stock,image,category,brand,spec,sold,comment_count,isAD,status,create_time,update_time,creater,updater FROM item WHERE id IN ( ? , ? , ? )
16:47:52:034 DEBUG 24476 --- [http-nio-8081-exec-1] c.h.i.mapper.ItemMapper.selectBatchIds   : ==> Parameters: 100000006163(Long), 100001511821(Long), 2120808(Long)
16:47:52:035 DEBUG 24476 --- [http-nio-8081-exec-1] c.h.i.mapper.ItemMapper.selectBatchIds   : <==      Total: 3
16:47:52:136 DEBUG 25524 --- [http-nio-8083-exec-1] c.h.i.mapper.ItemMapper.selectBatchIds   : ==>  Preparing: SELECT id,name,price,stock,image,category,brand,spec,sold,comment_count,isAD,status,create_time,update_time,creater,updater FROM item WHERE id IN ( ? , ? , ? )
16:47:52:136 DEBUG 25524 --- [http-nio-8083-exec-1] c.h.i.mapper.ItemMapper.selectBatchIds   : ==> Parameters: 100000006163(Long), 100001511821(Long), 2120808(Long)
16:47:52:137 DEBUG 25524 --- [http-nio-8083-exec-1] c.h.i.mapper.ItemMapper.selectBatchIds   : <==      Total: 3
16:47:52:230 DEBUG 24476 --- [http-nio-8081-exec-2] c.h.i.mapper.ItemMapper.selectBatchIds   : ==>  Preparing: SELECT id,name,price,stock,image,category,brand,spec,sold,comment_count,isAD,status,create_time,update_time,creater,updater FROM item WHERE id IN ( ? , ? , ? )
16:47:52:230 DEBUG 24476 --- [http-nio-8081-exec-2] c.h.i.mapper.ItemMapper.selectBatchIds   : ==> Parameters: 100000006163(Long), 100001511821(Long), 2120808(Long)
16:47:52:231 DEBUG 24476 --- [http-nio-8081-exec-2] c.h.i.mapper.ItemMapper.selectBatchIds   : <==      Total: 3
16:47:52:330 DEBUG 25524 --- [http-nio-8083-exec-2] c.h.i.mapper.ItemMapper.selectBatchIds   : ==>  Preparing: SELECT id,name,price,stock,image,category,brand,spec,sold,comment_count,isAD,status,create_time,update_time,creater,updater FROM item WHERE id IN ( ? , ? , ? )
16:47:52:331 DEBUG 25524 --- [http-nio-8083-exec-2] c.h.i.mapper.ItemMapper.selectBatchIds   : ==> Parameters: 100000006163(Long), 100001511821(Long), 2120808(Long)
16:47:52:332 DEBUG 25524 --- [http-nio-8083-exec-2] c.h.i.mapper.ItemMapper.selectBatchIds   : <==      Total: 3
16:47:52:530 DEBUG 24476 --- [http-nio-8081-exec-3] c.h.i.mapper.ItemMapper.selectBatchIds   : ==>  Preparing: SELECT id,name,price,stock,image,category,brand,spec,sold,comment_count,isAD,status,create_time,update_time,creater,updater FROM item WHERE id IN ( ? , ? , ? )
16:47:52:530 DEBUG 24476 --- [http-nio-8081-exec-3] c.h.i.mapper.ItemMapper.selectBatchIds   : ==> Parameters: 100000006163(Long), 100001511821(Long), 2120808(Long)
16:47:52:531 DEBUG 24476 --- [http-nio-8081-exec-3] c.h.i.mapper.ItemMapper.selectBatchIds   : <==      Total: 3
16:47:52:631 DEBUG 25524 --- [http-nio-8083-exec-3] c.h.i.mapper.ItemMapper.selectBatchIds   : ==>  Preparing: SELECT id,name,price,stock,image,category,brand,spec,sold,comment_count,isAD,status,create_time,update_time,creater,updater FROM item WHERE id IN ( ? , ? , ? )
16:47:52:631 DEBUG 25524 --- [http-nio-8083-exec-3] c.h.i.mapper.ItemMapper.selectBatchIds   : ==> Parameters: 100000006163(Long), 100001511821(Long), 2120808(Long)
16:47:52:633 DEBUG 25524 --- [http-nio-8083-exec-3] c.h.i.mapper.ItemMapper.selectBatchIds   : <==      Total: 3
16:47:53:031 DEBUG 24476 --- [http-nio-8081-exec-4] c.h.i.mapper.ItemMapper.selectBatchIds   : ==>  Preparing: SELECT id,name,price,stock,image,category,brand,spec,sold,comment_count,isAD,status,create_time,update_time,creater,updater FROM item WHERE id IN ( ? , ? , ? )
16:47:53:031 DEBUG 24476 --- [http-nio-8081-exec-4] c.h.i.mapper.ItemMapper.selectBatchIds   : ==> Parameters: 100000006163(Long), 100001511821(Long), 2120808(Long)
16:47:53:032 DEBUG 24476 --- [http-nio-8081-exec-4] c.h.i.mapper.ItemMapper.selectBatchIds   : <==      Total: 3
16:47:53:131 DEBUG 25524 --- [http-nio-8083-exec-4] c.h.i.mapper.ItemMapper.selectBatchIds   : ==>  Preparing: SELECT id,name,price,stock,image,category,brand,spec,sold,comment_count,isAD,status,create_time,update_time,creater,updater FROM item WHERE id IN ( ? , ? , ? )
16:47:53:131 DEBUG 25524 --- [http-nio-8083-exec-4] c.h.i.mapper.ItemMapper.selectBatchIds   : ==> Parameters: 100000006163(Long), 100001511821(Long), 2120808(Long)
16:47:53:132 DEBUG 25524 --- [http-nio-8083-exec-4] c.h.i.mapper.ItemMapper.selectBatchIds   : <==      Total: 3
16:47:53:231 DEBUG 24476 --- [http-nio-8081-exec-5] c.h.i.mapper.ItemMapper.selectBatchIds   : ==>  Preparing: SELECT id,name,price,stock,image,category,brand,spec,sold,comment_count,isAD,status,create_time,update_time,creater,updater FROM item WHERE id IN ( ? , ? , ? )
16:47:53:231 DEBUG 24476 --- [http-nio-8081-exec-5] c.h.i.mapper.ItemMapper.selectBatchIds   : ==> Parameters: 100000006163(Long), 100001511821(Long), 2120808(Long)
16:47:53:232 DEBUG 24476 --- [http-nio-8081-exec-5] c.h.i.mapper.ItemMapper.selectBatchIds   : <==      Total: 3
16:47:53:333 DEBUG 25524 --- [http-nio-8083-exec-6] c.h.i.mapper.ItemMapper.selectBatchIds   : ==>  Preparing: SELECT id,name,price,stock,image,category,brand,spec,sold,comment_count,isAD,status,create_time,update_time,creater,updater FROM item WHERE id IN ( ? , ? , ? )
16:47:53:333 DEBUG 25524 --- [http-nio-8083-exec-6] c.h.i.mapper.ItemMapper.selectBatchIds   : ==> Parameters: 100000006163(Long), 100001511821(Long), 2120808(Long)
16:47:53:335 DEBUG 25524 --- [http-nio-8083-exec-6] c.h.i.mapper.ItemMapper.selectBatchIds   : <==      Total: 3
16:47:53:532 DEBUG 24476 --- [http-nio-8081-exec-6] c.h.i.mapper.ItemMapper.selectBatchIds   : ==>  Preparing: SELECT id,name,price,stock,image,category,brand,spec,sold,comment_count,isAD,status,create_time,update_time,creater,updater FROM item WHERE id IN ( ? , ? , ? )
16:47:53:532 DEBUG 24476 --- [http-nio-8081-exec-6] c.h.i.mapper.ItemMapper.selectBatchIds   : ==> Parameters: 100000006163(Long), 100001511821(Long), 2120808(Long)
16:47:53:533 DEBUG 24476 --- [http-nio-8081-exec-6] c.h.i.mapper.ItemMapper.selectBatchIds   : <==      Total: 3
16:47:53:630 DEBUG 25524 --- [http-nio-8083-exec-5] c.h.i.mapper.ItemMapper.selectBatchIds   : ==>  Preparing: SELECT id,name,price,stock,image,category,brand,spec,sold,comment_count,isAD,status,create_time,update_time,creater,updater FROM item WHERE id IN ( ? , ? , ? )
16:47:53:630 DEBUG 25524 --- [http-nio-8083-exec-5] c.h.i.mapper.ItemMapper.selectBatchIds   : ==> Parameters: 100000006163(Long), 100001511821(Long), 2120808(Long)
16:47:53:632 DEBUG 25524 --- [http-nio-8083-exec-5] c.h.i.mapper.ItemMapper.selectBatchIds   : <==      Total: 3
16:47:54:032 DEBUG 24476 --- [http-nio-8081-exec-7] c.h.i.mapper.ItemMapper.selectBatchIds   : ==>  Preparing: SELECT id,name,price,stock,image,category,brand,spec,sold,comment_count,isAD,status,create_time,update_time,creater,updater FROM item WHERE id IN ( ? , ? , ? )
16:47:54:032 DEBUG 24476 --- [http-nio-8081-exec-7] c.h.i.mapper.ItemMapper.selectBatchIds   : ==> Parameters: 100000006163(Long), 100001511821(Long), 2120808(Long)
16:47:54:033 DEBUG 24476 --- [http-nio-8081-exec-7] c.h.i.mapper.ItemMapper.selectBatchIds   : <==      Total: 3
16:47:54:133 DEBUG 25524 --- [http-nio-8083-exec-9] c.h.i.mapper.ItemMapper.selectBatchIds   : ==>  Preparing: SELECT id,name,price,stock,image,category,brand,spec,sold,comment_count,isAD,status,create_time,update_time,creater,updater FROM item WHERE id IN ( ? , ? , ? )
16:47:54:133 DEBUG 25524 --- [http-nio-8083-exec-9] c.h.i.mapper.ItemMapper.selectBatchIds   : ==> Parameters: 100000006163(Long), 100001511821(Long), 2120808(Long)
16:47:54:134 DEBUG 25524 --- [http-nio-8083-exec-9] c.h.i.mapper.ItemMapper.selectBatchIds   : <==      Total: 3
16:47:54:232 DEBUG 24476 --- [http-nio-8081-exec-8] c.h.i.mapper.ItemMapper.selectBatchIds   : ==>  Preparing: SELECT id,name,price,stock,image,category,brand,spec,sold,comment_count,isAD,status,create_time,update_time,creater,updater FROM item WHERE id IN ( ? , ? , ? )
16:47:54:232 DEBUG 24476 --- [http-nio-8081-exec-8] c.h.i.mapper.ItemMapper.selectBatchIds   : ==> Parameters: 100000006163(Long), 100001511821(Long), 2120808(Long)
16:47:54:233 DEBUG 24476 --- [http-nio-8081-exec-8] c.h.i.mapper.ItemMapper.selectBatchIds   : <==      Total: 3
16:47:54:333 DEBUG 25524 --- [http-nio-8083-exec-8] c.h.i.mapper.ItemMapper.selectBatchIds   : ==>  Preparing: SELECT id,name,price,stock,image,category,brand,spec,sold,comment_count,isAD,status,create_time,update_time,creater,updater FROM item WHERE id IN ( ? , ? , ? )
16:47:54:333 DEBUG 25524 --- [http-nio-8083-exec-8] c.h.i.mapper.ItemMapper.selectBatchIds   : ==> Parameters: 100000006163(Long), 100001511821(Long), 2120808(Long)
16:47:54:334 DEBUG 25524 --- [http-nio-8083-exec-8] c.h.i.mapper.ItemMapper.selectBatchIds   : <==      Total: 3
16:47:54:531 DEBUG 24476 --- [http-nio-8081-exec-9] c.h.i.mapper.ItemMapper.selectBatchIds   : ==>  Preparing: SELECT id,name,price,stock,image,category,brand,spec,sold,comment_count,isAD,status,create_time,update_time,creater,updater FROM item WHERE id IN ( ? , ? , ? )
16:47:54:531 DEBUG 24476 --- [http-nio-8081-exec-9] c.h.i.mapper.ItemMapper.selectBatchIds   : ==> Parameters: 100000006163(Long), 100001511821(Long), 2120808(Long)
16:47:54:534 DEBUG 24476 --- [http-nio-8081-exec-9] c.h.i.mapper.ItemMapper.selectBatchIds   : <==      Total: 3
16:47:54:631 DEBUG 25524 --- [http-nio-8083-exec-7] c.h.i.mapper.ItemMapper.selectBatchIds   : ==>  Preparing: SELECT id,name,price,stock,image,category,brand,spec,sold,comment_count,isAD,status,create_time,update_time,creater,updater FROM item WHERE id IN ( ? , ? , ? )
16:47:54:631 DEBUG 25524 --- [http-nio-8083-exec-7] c.h.i.mapper.ItemMapper.selectBatchIds   : ==> Parameters: 100000006163(Long), 100001511821(Long), 2120808(Long)
16:47:54:632 DEBUG 25524 --- [http-nio-8083-exec-7] c.h.i.mapper.ItemMapper.selectBatchIds   : <==      Total: 3
16:47:55:029 DEBUG 24476 --- [http-nio-8081-exec-10] c.h.i.mapper.ItemMapper.selectBatchIds   : ==>  Preparing: SELECT id,name,price,stock,image,category,brand,spec,sold,comment_count,isAD,status,create_time,update_time,creater,updater FROM item WHERE id IN ( ? , ? , ? )
16:47:55:029 DEBUG 24476 --- [http-nio-8081-exec-10] c.h.i.mapper.ItemMapper.selectBatchIds   : ==> Parameters: 100000006163(Long), 100001511821(Long), 2120808(Long)
16:47:55:031 DEBUG 24476 --- [http-nio-8081-exec-10] c.h.i.mapper.ItemMapper.selectBatchIds   : <==      Total: 3
16:47:55:135 DEBUG 25524 --- [http-nio-8083-exec-10] c.h.i.mapper.ItemMapper.selectBatchIds   : ==>  Preparing: SELECT id,name,price,stock,image,category,brand,spec,sold,comment_count,isAD,status,create_time,update_time,creater,updater FROM item WHERE id IN ( ? , ? , ? )
16:47:55:135 DEBUG 25524 --- [http-nio-8083-exec-10] c.h.i.mapper.ItemMapper.selectBatchIds   : ==> Parameters: 100000006163(Long), 100001511821(Long), 2120808(Long)
16:47:55:136 DEBUG 25524 --- [http-nio-8083-exec-10] c.h.i.mapper.ItemMapper.selectBatchIds   : <==      Total: 3
16:47:55:230 DEBUG 24476 --- [http-nio-8081-exec-1] c.h.i.mapper.ItemMapper.selectBatchIds   : ==>  Preparing: SELECT id,name,price,stock,image,category,brand,spec,sold,comment_count,isAD,status,create_time,update_time,creater,updater FROM item WHERE id IN ( ? , ? , ? )
16:47:55:230 DEBUG 24476 --- [http-nio-8081-exec-1] c.h.i.mapper.ItemMapper.selectBatchIds   : ==> Parameters: 100000006163(Long), 100001511821(Long), 2120808(Long)
16:47:55:230 DEBUG 24476 --- [http-nio-8081-exec-1] c.h.i.mapper.ItemMapper.selectBatchIds   : <==      Total: 3
16:47:55:331 DEBUG 25524 --- [http-nio-8083-exec-1] c.h.i.mapper.ItemMapper.selectBatchIds   : ==>  Preparing: SELECT id,name,price,stock,image,category,brand,spec,sold,comment_count,isAD,status,create_time,update_time,creater,updater FROM item WHERE id IN ( ? , ? , ? )
16:47:55:332 DEBUG 25524 --- [http-nio-8083-exec-1] c.h.i.mapper.ItemMapper.selectBatchIds   : ==> Parameters: 100000006163(Long), 100001511821(Long), 2120808(Long)
16:47:55:334 DEBUG 25524 --- [http-nio-8083-exec-1] c.h.i.mapper.ItemMapper.selectBatchIds   : <==      Total: 3
16:47:55:532 DEBUG 24476 --- [http-nio-8081-exec-2] c.h.i.mapper.ItemMapper.selectBatchIds   : ==>  Preparing: SELECT id,name,price,stock,image,category,brand,spec,sold,comment_count,isAD,status,create_time,update_time,creater,updater FROM item WHERE id IN ( ? , ? , ? )
16:47:55:532 DEBUG 24476 --- [http-nio-8081-exec-2] c.h.i.mapper.ItemMapper.selectBatchIds   : ==> Parameters: 100000006163(Long), 100001511821(Long), 2120808(Long)
16:47:55:533 DEBUG 24476 --- [http-nio-8081-exec-2] c.h.i.mapper.ItemMapper.selectBatchIds   : <==      Total: 3
16:47:55:630 DEBUG 25524 --- [http-nio-8083-exec-2] c.h.i.mapper.ItemMapper.selectBatchIds   : ==>  Preparing: SELECT id,name,price,stock,image,category,brand,spec,sold,comment_count,isAD,status,create_time,update_time,creater,updater FROM item WHERE id IN ( ? , ? , ? )
16:47:55:630 DEBUG 25524 --- [http-nio-8083-exec-2] c.h.i.mapper.ItemMapper.selectBatchIds   : ==> Parameters: 100000006163(Long), 100001511821(Long), 2120808(Long)
16:47:55:631 DEBUG 25524 --- [http-nio-8083-exec-2] c.h.i.mapper.ItemMapper.selectBatchIds   : <==      Total: 3
16:47:56:030 DEBUG 24476 --- [http-nio-8081-exec-3] c.h.i.mapper.ItemMapper.selectBatchIds   : ==>  Preparing: SELECT id,name,price,stock,image,category,brand,spec,sold,comment_count,isAD,status,create_time,update_time,creater,updater FROM item WHERE id IN ( ? , ? , ? )
16:47:56:030 DEBUG 24476 --- [http-nio-8081-exec-3] c.h.i.mapper.ItemMapper.selectBatchIds   : ==> Parameters: 100000006163(Long), 100001511821(Long), 2120808(Long)
16:47:56:031 DEBUG 24476 --- [http-nio-8081-exec-3] c.h.i.mapper.ItemMapper.selectBatchIds   : <==      Total: 3
16:47:56:130 DEBUG 25524 --- [http-nio-8083-exec-3] c.h.i.mapper.ItemMapper.selectBatchIds   : ==>  Preparing: SELECT id,name,price,stock,image,category,brand,spec,sold,comment_count,isAD,status,create_time,update_time,creater,updater FROM item WHERE id IN ( ? , ? , ? )
16:47:56:130 DEBUG 25524 --- [http-nio-8083-exec-3] c.h.i.mapper.ItemMapper.selectBatchIds   : ==> Parameters: 100000006163(Long), 100001511821(Long), 2120808(Long)
16:47:56:131 DEBUG 25524 --- [http-nio-8083-exec-3] c.h.i.mapper.ItemMapper.selectBatchIds   : <==      Total: 3
16:47:56:231 DEBUG 24476 --- [http-nio-8081-exec-4] c.h.i.mapper.ItemMapper.selectBatchIds   : ==>  Preparing: SELECT id,name,price,stock,image,category,brand,spec,sold,comment_count,isAD,status,create_time,update_time,creater,updater FROM item WHERE id IN ( ? , ? , ? )
16:47:56:231 DEBUG 24476 --- [http-nio-8081-exec-4] c.h.i.mapper.ItemMapper.selectBatchIds   : ==> Parameters: 100000006163(Long), 100001511821(Long), 2120808(Long)
16:47:56:232 DEBUG 24476 --- [http-nio-8081-exec-4] c.h.i.mapper.ItemMapper.selectBatchIds   : <==      Total: 3
16:47:56:331 DEBUG 25524 --- [http-nio-8083-exec-4] c.h.i.mapper.ItemMapper.selectBatchIds   : ==>  Preparing: SELECT id,name,price,stock,image,category,brand,spec,sold,comment_count,isAD,status,create_time,update_time,creater,updater FROM item WHERE id IN ( ? , ? , ? )
16:47:56:331 DEBUG 25524 --- [http-nio-8083-exec-4] c.h.i.mapper.ItemMapper.selectBatchIds   : ==> Parameters: 100000006163(Long), 100001511821(Long), 2120808(Long)
16:47:56:332 DEBUG 25524 --- [http-nio-8083-exec-4] c.h.i.mapper.ItemMapper.selectBatchIds   : <==      Total: 3
16:47:56:532 DEBUG 24476 --- [http-nio-8081-exec-5] c.h.i.mapper.ItemMapper.selectBatchIds   : ==>  Preparing: SELECT id,name,price,stock,image,category,brand,spec,sold,comment_count,isAD,status,create_time,update_time,creater,updater FROM item WHERE id IN ( ? , ? , ? )
16:47:56:532 DEBUG 24476 --- [http-nio-8081-exec-5] c.h.i.mapper.ItemMapper.selectBatchIds   : ==> Parameters: 100000006163(Long), 100001511821(Long), 2120808(Long)
16:47:56:533 DEBUG 24476 --- [http-nio-8081-exec-5] c.h.i.mapper.ItemMapper.selectBatchIds   : <==      Total: 3
16:47:56:631 DEBUG 25524 --- [http-nio-8083-exec-6] c.h.i.mapper.ItemMapper.selectBatchIds   : ==>  Preparing: SELECT id,name,price,stock,image,category,brand,spec,sold,comment_count,isAD,status,create_time,update_time,creater,updater FROM item WHERE id IN ( ? , ? , ? )
16:47:56:631 DEBUG 25524 --- [http-nio-8083-exec-6] c.h.i.mapper.ItemMapper.selectBatchIds   : ==> Parameters: 100000006163(Long), 100001511821(Long), 2120808(Long)
16:47:56:633 DEBUG 25524 --- [http-nio-8083-exec-6] c.h.i.mapper.ItemMapper.selectBatchIds   : <==      Total: 3
16:47:57:031 DEBUG 24476 --- [http-nio-8081-exec-6] c.h.i.mapper.ItemMapper.selectBatchIds   : ==>  Preparing: SELECT id,name,price,stock,image,category,brand,spec,sold,comment_count,isAD,status,create_time,update_time,creater,updater FROM item WHERE id IN ( ? , ? , ? )
16:47:57:031 DEBUG 24476 --- [http-nio-8081-exec-6] c.h.i.mapper.ItemMapper.selectBatchIds   : ==> Parameters: 100000006163(Long), 100001511821(Long), 2120808(Long)
16:47:57:032 DEBUG 24476 --- [http-nio-8081-exec-6] c.h.i.mapper.ItemMapper.selectBatchIds   : <==      Total: 3
16:47:57:132 DEBUG 25524 --- [http-nio-8083-exec-5] c.h.i.mapper.ItemMapper.selectBatchIds   : ==>  Preparing: SELECT id,name,price,stock,image,category,brand,spec,sold,comment_count,isAD,status,create_time,update_time,creater,updater FROM item WHERE id IN ( ? , ? , ? )
16:47:57:132 DEBUG 25524 --- [http-nio-8083-exec-5] c.h.i.mapper.ItemMapper.selectBatchIds   : ==> Parameters: 100000006163(Long), 100001511821(Long), 2120808(Long)
16:47:57:133 DEBUG 25524 --- [http-nio-8083-exec-5] c.h.i.mapper.ItemMapper.selectBatchIds   : <==      Total: 3
16:47:57:233 DEBUG 24476 --- [http-nio-8081-exec-7] c.h.i.mapper.ItemMapper.selectBatchIds   : ==>  Preparing: SELECT id,name,price,stock,image,category,brand,spec,sold,comment_count,isAD,status,create_time,update_time,creater,updater FROM item WHERE id IN ( ? , ? , ? )
16:47:57:233 DEBUG 24476 --- [http-nio-8081-exec-7] c.h.i.mapper.ItemMapper.selectBatchIds   : ==> Parameters: 100000006163(Long), 100001511821(Long), 2120808(Long)
16:47:57:234 DEBUG 24476 --- [http-nio-8081-exec-7] c.h.i.mapper.ItemMapper.selectBatchIds   : <==      Total: 3
16:47:57:331 DEBUG 25524 --- [http-nio-8083-exec-9] c.h.i.mapper.ItemMapper.selectBatchIds   : ==>  Preparing: SELECT id,name,price,stock,image,category,brand,spec,sold,comment_count,isAD,status,create_time,update_time,creater,updater FROM item WHERE id IN ( ? , ? , ? )
16:47:57:331 DEBUG 25524 --- [http-nio-8083-exec-9] c.h.i.mapper.ItemMapper.selectBatchIds   : ==> Parameters: 100000006163(Long), 100001511821(Long), 2120808(Long)
16:47:57:332 DEBUG 25524 --- [http-nio-8083-exec-9] c.h.i.mapper.ItemMapper.selectBatchIds   : <==      Total: 3
16:47:57:532 DEBUG 24476 --- [http-nio-8081-exec-8] c.h.i.mapper.ItemMapper.selectBatchIds   : ==>  Preparing: SELECT id,name,price,stock,image,category,brand,spec,sold,comment_count,isAD,status,create_time,update_time,creater,updater FROM item WHERE id IN ( ? , ? , ? )
16:47:57:532 DEBUG 24476 --- [http-nio-8081-exec-8] c.h.i.mapper.ItemMapper.selectBatchIds   : ==> Parameters: 100000006163(Long), 100001511821(Long), 2120808(Long)
16:47:57:533 DEBUG 24476 --- [http-nio-8081-exec-8] c.h.i.mapper.ItemMapper.selectBatchIds   : <==      Total: 3
16:47:57:632 DEBUG 25524 --- [http-nio-8083-exec-8] c.h.i.mapper.ItemMapper.selectBatchIds   : ==>  Preparing: SELECT id,name,price,stock,image,category,brand,spec,sold,comment_count,isAD,status,create_time,update_time,creater,updater FROM item WHERE id IN ( ? , ? , ? )
16:47:57:632 DEBUG 25524 --- [http-nio-8083-exec-8] c.h.i.mapper.ItemMapper.selectBatchIds   : ==> Parameters: 100000006163(Long), 100001511821(Long), 2120808(Long)
16:47:57:633 DEBUG 25524 --- [http-nio-8083-exec-8] c.h.i.mapper.ItemMapper.selectBatchIds   : <==      Total: 3
16:47:58:031 DEBUG 24476 --- [http-nio-8081-exec-9] c.h.i.mapper.ItemMapper.selectBatchIds   : ==>  Preparing: SELECT id,name,price,stock,image,category,brand,spec,sold,comment_count,isAD,status,create_time,update_time,creater,updater FROM item WHERE id IN ( ? , ? , ? )
16:47:58:032 DEBUG 24476 --- [http-nio-8081-exec-9] c.h.i.mapper.ItemMapper.selectBatchIds   : ==> Parameters: 100000006163(Long), 100001511821(Long), 2120808(Long)
16:47:58:033 DEBUG 24476 --- [http-nio-8081-exec-9] c.h.i.mapper.ItemMapper.selectBatchIds   : <==      Total: 3
16:47:58:130 DEBUG 25524 --- [http-nio-8083-exec-7] c.h.i.mapper.ItemMapper.selectBatchIds   : ==>  Preparing: SELECT id,name,price,stock,image,category,brand,spec,sold,comment_count,isAD,status,create_time,update_time,creater,updater FROM item WHERE id IN ( ? , ? , ? )
16:47:58:131 DEBUG 25524 --- [http-nio-8083-exec-7] c.h.i.mapper.ItemMapper.selectBatchIds   : ==> Parameters: 100000006163(Long), 100001511821(Long), 2120808(Long)
16:47:58:132 DEBUG 25524 --- [http-nio-8083-exec-7] c.h.i.mapper.ItemMapper.selectBatchIds   : <==      Total: 3
16:47:58:232 DEBUG 24476 --- [http-nio-8081-exec-10] c.h.i.mapper.ItemMapper.selectBatchIds   : ==>  Preparing: SELECT id,name,price,stock,image,category,brand,spec,sold,comment_count,isAD,status,create_time,update_time,creater,updater FROM item WHERE id IN ( ? , ? , ? )
16:47:58:232 DEBUG 24476 --- [http-nio-8081-exec-10] c.h.i.mapper.ItemMapper.selectBatchIds   : ==> Parameters: 100000006163(Long), 100001511821(Long), 2120808(Long)
16:47:58:233 DEBUG 24476 --- [http-nio-8081-exec-10] c.h.i.mapper.ItemMapper.selectBatchIds   : <==      Total: 3
16:47:58:331 DEBUG 25524 --- [http-nio-8083-exec-10] c.h.i.mapper.ItemMapper.selectBatchIds   : ==>  Preparing: SELECT id,name,price,stock,image,category,brand,spec,sold,comment_count,isAD,status,create_time,update_time,creater,updater FROM item WHERE id IN ( ? , ? , ? )
16:47:58:331 DEBUG 25524 --- [http-nio-8083-exec-10] c.h.i.mapper.ItemMapper.selectBatchIds   : ==> Parameters: 100000006163(Long), 100001511821(Long), 2120808(Long)
16:47:58:333 DEBUG 25524 --- [http-nio-8083-exec-10] c.h.i.mapper.ItemMapper.selectBatchIds   : <==      Total: 3
16:47:58:532 DEBUG 24476 --- [http-nio-8081-exec-1] c.h.i.mapper.ItemMapper.selectBatchIds   : ==>  Preparing: SELECT id,name,price,stock,image,category,brand,spec,sold,comment_count,isAD,status,create_time,update_time,creater,updater FROM item WHERE id IN ( ? , ? , ? )
16:47:58:532 DEBUG 24476 --- [http-nio-8081-exec-1] c.h.i.mapper.ItemMapper.selectBatchIds   : ==> Parameters: 100000006163(Long), 100001511821(Long), 2120808(Long)
16:47:58:534 DEBUG 24476 --- [http-nio-8081-exec-1] c.h.i.mapper.ItemMapper.selectBatchIds   : <==      Total: 3
16:47:58:631 DEBUG 25524 --- [http-nio-8083-exec-1] c.h.i.mapper.ItemMapper.selectBatchIds   : ==>  Preparing: SELECT id,name,price,stock,image,category,brand,spec,sold,comment_count,isAD,status,create_time,update_time,creater,updater FROM item WHERE id IN ( ? , ? , ? )
16:47:58:631 DEBUG 25524 --- [http-nio-8083-exec-1] c.h.i.mapper.ItemMapper.selectBatchIds   : ==> Parameters: 100000006163(Long), 100001511821(Long), 2120808(Long)
16:47:58:633 DEBUG 25524 --- [http-nio-8083-exec-1] c.h.i.mapper.ItemMapper.selectBatchIds   : <==      Total: 3
16:47:59:030 DEBUG 24476 --- [http-nio-8081-exec-2] c.h.i.mapper.ItemMapper.selectBatchIds   : ==>  Preparing: SELECT id,name,price,stock,image,category,brand,spec,sold,comment_count,isAD,status,create_time,update_time,creater,updater FROM item WHERE id IN ( ? , ? , ? )
16:47:59:030 DEBUG 24476 --- [http-nio-8081-exec-2] c.h.i.mapper.ItemMapper.selectBatchIds   : ==> Parameters: 100000006163(Long), 100001511821(Long), 2120808(Long)
16:47:59:031 DEBUG 24476 --- [http-nio-8081-exec-2] c.h.i.mapper.ItemMapper.selectBatchIds   : <==      Total: 3
16:47:59:132 DEBUG 25524 --- [http-nio-8083-exec-2] c.h.i.mapper.ItemMapper.selectBatchIds   : ==>  Preparing: SELECT id,name,price,stock,image,category,brand,spec,sold,comment_count,isAD,status,create_time,update_time,creater,updater FROM item WHERE id IN ( ? , ? , ? )
16:47:59:132 DEBUG 25524 --- [http-nio-8083-exec-2] c.h.i.mapper.ItemMapper.selectBatchIds   : ==> Parameters: 100000006163(Long), 100001511821(Long), 2120808(Long)
16:47:59:133 DEBUG 25524 --- [http-nio-8083-exec-2] c.h.i.mapper.ItemMapper.selectBatchIds   : <==      Total: 3
16:47:59:230 DEBUG 24476 --- [http-nio-8081-exec-3] c.h.i.mapper.ItemMapper.selectBatchIds   : ==>  Preparing: SELECT id,name,price,stock,image,category,brand,spec,sold,comment_count,isAD,status,create_time,update_time,creater,updater FROM item WHERE id IN ( ? , ? , ? )
16:47:59:230 DEBUG 24476 --- [http-nio-8081-exec-3] c.h.i.mapper.ItemMapper.selectBatchIds   : ==> Parameters: 100000006163(Long), 100001511821(Long), 2120808(Long)
16:47:59:232 DEBUG 24476 --- [http-nio-8081-exec-3] c.h.i.mapper.ItemMapper.selectBatchIds   : <==      Total: 3
16:47:59:332 DEBUG 25524 --- [http-nio-8083-exec-3] c.h.i.mapper.ItemMapper.selectBatchIds   : ==>  Preparing: SELECT id,name,price,stock,image,category,brand,spec,sold,comment_count,isAD,status,create_time,update_time,creater,updater FROM item WHERE id IN ( ? , ? , ? )
16:47:59:332 DEBUG 25524 --- [http-nio-8083-exec-3] c.h.i.mapper.ItemMapper.selectBatchIds   : ==> Parameters: 100000006163(Long), 100001511821(Long), 2120808(Long)
16:47:59:333 DEBUG 25524 --- [http-nio-8083-exec-3] c.h.i.mapper.ItemMapper.selectBatchIds   : <==      Total: 3
16:47:59:530 DEBUG 24476 --- [http-nio-8081-exec-4] c.h.i.mapper.ItemMapper.selectBatchIds   : ==>  Preparing: SELECT id,name,price,stock,image,category,brand,spec,sold,comment_count,isAD,status,create_time,update_time,creater,updater FROM item WHERE id IN ( ? , ? , ? )
16:47:59:530 DEBUG 24476 --- [http-nio-8081-exec-4] c.h.i.mapper.ItemMapper.selectBatchIds   : ==> Parameters: 100000006163(Long), 100001511821(Long), 2120808(Long)
16:47:59:532 DEBUG 24476 --- [http-nio-8081-exec-4] c.h.i.mapper.ItemMapper.selectBatchIds   : <==      Total: 3
16:47:59:637 DEBUG 25524 --- [http-nio-8083-exec-4] c.h.i.mapper.ItemMapper.selectBatchIds   : ==>  Preparing: SELECT id,name,price,stock,image,category,brand,spec,sold,comment_count,isAD,status,create_time,update_time,creater,updater FROM item WHERE id IN ( ? , ? , ? )
16:47:59:637 DEBUG 25524 --- [http-nio-8083-exec-4] c.h.i.mapper.ItemMapper.selectBatchIds   : ==> Parameters: 100000006163(Long), 100001511821(Long), 2120808(Long)
16:47:59:638 DEBUG 25524 --- [http-nio-8083-exec-4] c.h.i.mapper.ItemMapper.selectBatchIds   : <==      Total: 3
16:48:00:031 DEBUG 24476 --- [http-nio-8081-exec-5] c.h.i.mapper.ItemMapper.selectBatchIds   : ==>  Preparing: SELECT id,name,price,stock,image,category,brand,spec,sold,comment_count,isAD,status,create_time,update_time,creater,updater FROM item WHERE id IN ( ? , ? , ? )
16:48:00:031 DEBUG 24476 --- [http-nio-8081-exec-5] c.h.i.mapper.ItemMapper.selectBatchIds   : ==> Parameters: 100000006163(Long), 100001511821(Long), 2120808(Long)
16:48:00:032 DEBUG 24476 --- [http-nio-8081-exec-5] c.h.i.mapper.ItemMapper.selectBatchIds   : <==      Total: 3
16:48:00:131 DEBUG 25524 --- [http-nio-8083-exec-6] c.h.i.mapper.ItemMapper.selectBatchIds   : ==>  Preparing: SELECT id,name,price,stock,image,category,brand,spec,sold,comment_count,isAD,status,create_time,update_time,creater,updater FROM item WHERE id IN ( ? , ? , ? )
16:48:00:131 DEBUG 25524 --- [http-nio-8083-exec-6] c.h.i.mapper.ItemMapper.selectBatchIds   : ==> Parameters: 100000006163(Long), 100001511821(Long), 2120808(Long)
16:48:00:133 DEBUG 25524 --- [http-nio-8083-exec-6] c.h.i.mapper.ItemMapper.selectBatchIds   : <==      Total: 3
16:48:00:231 DEBUG 24476 --- [http-nio-8081-exec-6] c.h.i.mapper.ItemMapper.selectBatchIds   : ==>  Preparing: SELECT id,name,price,stock,image,category,brand,spec,sold,comment_count,isAD,status,create_time,update_time,creater,updater FROM item WHERE id IN ( ? , ? , ? )
16:48:00:231 DEBUG 24476 --- [http-nio-8081-exec-6] c.h.i.mapper.ItemMapper.selectBatchIds   : ==> Parameters: 100000006163(Long), 100001511821(Long), 2120808(Long)
16:48:00:232 DEBUG 24476 --- [http-nio-8081-exec-6] c.h.i.mapper.ItemMapper.selectBatchIds   : <==      Total: 3
16:48:00:333 DEBUG 25524 --- [http-nio-8083-exec-5] c.h.i.mapper.ItemMapper.selectBatchIds   : ==>  Preparing: SELECT id,name,price,stock,image,category,brand,spec,sold,comment_count,isAD,status,create_time,update_time,creater,updater FROM item WHERE id IN ( ? , ? , ? )
16:48:00:333 DEBUG 25524 --- [http-nio-8083-exec-5] c.h.i.mapper.ItemMapper.selectBatchIds   : ==> Parameters: 100000006163(Long), 100001511821(Long), 2120808(Long)
16:48:00:334 DEBUG 25524 --- [http-nio-8083-exec-5] c.h.i.mapper.ItemMapper.selectBatchIds   : <==      Total: 3
16:48:00:532 DEBUG 24476 --- [http-nio-8081-exec-7] c.h.i.mapper.ItemMapper.selectBatchIds   : ==>  Preparing: SELECT id,name,price,stock,image,category,brand,spec,sold,comment_count,isAD,status,create_time,update_time,creater,updater FROM item WHERE id IN ( ? , ? , ? )
16:48:00:533 DEBUG 24476 --- [http-nio-8081-exec-7] c.h.i.mapper.ItemMapper.selectBatchIds   : ==> Parameters: 100000006163(Long), 100001511821(Long), 2120808(Long)
16:48:00:534 DEBUG 24476 --- [http-nio-8081-exec-7] c.h.i.mapper.ItemMapper.selectBatchIds   : <==      Total: 3
16:48:00:632 DEBUG 25524 --- [http-nio-8083-exec-9] c.h.i.mapper.ItemMapper.selectBatchIds   : ==>  Preparing: SELECT id,name,price,stock,image,category,brand,spec,sold,comment_count,isAD,status,create_time,update_time,creater,updater FROM item WHERE id IN ( ? , ? , ? )
16:48:00:632 DEBUG 25524 --- [http-nio-8083-exec-9] c.h.i.mapper.ItemMapper.selectBatchIds   : ==> Parameters: 100000006163(Long), 100001511821(Long), 2120808(Long)
16:48:00:633 DEBUG 25524 --- [http-nio-8083-exec-9] c.h.i.mapper.ItemMapper.selectBatchIds   : <==      Total: 3
16:48:01:032 DEBUG 24476 --- [http-nio-8081-exec-8] c.h.i.mapper.ItemMapper.selectBatchIds   : ==>  Preparing: SELECT id,name,price,stock,image,category,brand,spec,sold,comment_count,isAD,status,create_time,update_time,creater,updater FROM item WHERE id IN ( ? , ? , ? )
16:48:01:032 DEBUG 24476 --- [http-nio-8081-exec-8] c.h.i.mapper.ItemMapper.selectBatchIds   : ==> Parameters: 100000006163(Long), 100001511821(Long), 2120808(Long)
16:48:01:033 DEBUG 24476 --- [http-nio-8081-exec-8] c.h.i.mapper.ItemMapper.selectBatchIds   : <==      Total: 3
16:48:01:132 DEBUG 25524 --- [http-nio-8083-exec-8] c.h.i.mapper.ItemMapper.selectBatchIds   : ==>  Preparing: SELECT id,name,price,stock,image,category,brand,spec,sold,comment_count,isAD,status,create_time,update_time,creater,updater FROM item WHERE id IN ( ? , ? , ? )
16:48:01:132 DEBUG 25524 --- [http-nio-8083-exec-8] c.h.i.mapper.ItemMapper.selectBatchIds   : ==> Parameters: 100000006163(Long), 100001511821(Long), 2120808(Long)
16:48:01:133 DEBUG 25524 --- [http-nio-8083-exec-8] c.h.i.mapper.ItemMapper.selectBatchIds   : <==      Total: 3
16:48:01:232 DEBUG 24476 --- [http-nio-8081-exec-9] c.h.i.mapper.ItemMapper.selectBatchIds   : ==>  Preparing: SELECT id,name,price,stock,image,category,brand,spec,sold,comment_count,isAD,status,create_time,update_time,creater,updater FROM item WHERE id IN ( ? , ? , ? )
16:48:01:232 DEBUG 24476 --- [http-nio-8081-exec-9] c.h.i.mapper.ItemMapper.selectBatchIds   : ==> Parameters: 100000006163(Long), 100001511821(Long), 2120808(Long)
16:48:01:233 DEBUG 24476 --- [http-nio-8081-exec-9] c.h.i.mapper.ItemMapper.selectBatchIds   : <==      Total: 3
16:48:01:331 DEBUG 25524 --- [http-nio-8083-exec-7] c.h.i.mapper.ItemMapper.selectBatchIds   : ==>  Preparing: SELECT id,name,price,stock,image,category,brand,spec,sold,comment_count,isAD,status,create_time,update_time,creater,updater FROM item WHERE id IN ( ? , ? , ? )
16:48:01:332 DEBUG 25524 --- [http-nio-8083-exec-7] c.h.i.mapper.ItemMapper.selectBatchIds   : ==> Parameters: 100000006163(Long), 100001511821(Long), 2120808(Long)
16:48:01:333 DEBUG 25524 --- [http-nio-8083-exec-7] c.h.i.mapper.ItemMapper.selectBatchIds   : <==      Total: 3
16:48:01:531 DEBUG 24476 --- [http-nio-8081-exec-10] c.h.i.mapper.ItemMapper.selectBatchIds   : ==>  Preparing: SELECT id,name,price,stock,image,category,brand,spec,sold,comment_count,isAD,status,create_time,update_time,creater,updater FROM item WHERE id IN ( ? , ? , ? )
16:48:01:531 DEBUG 24476 --- [http-nio-8081-exec-10] c.h.i.mapper.ItemMapper.selectBatchIds   : ==> Parameters: 100000006163(Long), 100001511821(Long), 2120808(Long)
16:48:01:533 DEBUG 24476 --- [http-nio-8081-exec-10] c.h.i.mapper.ItemMapper.selectBatchIds   : <==      Total: 3
16:48:01:631 DEBUG 25524 --- [http-nio-8083-exec-10] c.h.i.mapper.ItemMapper.selectBatchIds   : ==>  Preparing: SELECT id,name,price,stock,image,category,brand,spec,sold,comment_count,isAD,status,create_time,update_time,creater,updater FROM item WHERE id IN ( ? , ? , ? )
16:48:01:631 DEBUG 25524 --- [http-nio-8083-exec-10] c.h.i.mapper.ItemMapper.selectBatchIds   : ==> Parameters: 100000006163(Long), 100001511821(Long), 2120808(Long)
16:48:01:633 DEBUG 25524 --- [http-nio-8083-exec-10] c.h.i.mapper.ItemMapper.selectBatchIds   : <==      Total: 3
16:48:02:032 DEBUG 24476 --- [http-nio-8081-exec-1] c.h.i.mapper.ItemMapper.selectBatchIds   : ==>  Preparing: SELECT id,name,price,stock,image,category,brand,spec,sold,comment_count,isAD,status,create_time,update_time,creater,updater FROM item WHERE id IN ( ? , ? , ? )
16:48:02:033 DEBUG 24476 --- [http-nio-8081-exec-1] c.h.i.mapper.ItemMapper.selectBatchIds   : ==> Parameters: 100000006163(Long), 100001511821(Long), 2120808(Long)
16:48:02:033 DEBUG 24476 --- [http-nio-8081-exec-1] c.h.i.mapper.ItemMapper.selectBatchIds   : <==      Total: 3
16:48:02:131 DEBUG 25524 --- [http-nio-8083-exec-1] c.h.i.mapper.ItemMapper.selectBatchIds   : ==>  Preparing: SELECT id,name,price,stock,image,category,brand,spec,sold,comment_count,isAD,status,create_time,update_time,creater,updater FROM item WHERE id IN ( ? , ? , ? )
16:48:02:131 DEBUG 25524 --- [http-nio-8083-exec-1] c.h.i.mapper.ItemMapper.selectBatchIds   : ==> Parameters: 100000006163(Long), 100001511821(Long), 2120808(Long)
16:48:02:132 DEBUG 25524 --- [http-nio-8083-exec-1] c.h.i.mapper.ItemMapper.selectBatchIds   : <==      Total: 3
16:48:02:230 DEBUG 24476 --- [http-nio-8081-exec-2] c.h.i.mapper.ItemMapper.selectBatchIds   : ==>  Preparing: SELECT id,name,price,stock,image,category,brand,spec,sold,comment_count,isAD,status,create_time,update_time,creater,updater FROM item WHERE id IN ( ? , ? , ? )
16:48:02:231 DEBUG 24476 --- [http-nio-8081-exec-2] c.h.i.mapper.ItemMapper.selectBatchIds   : ==> Parameters: 100000006163(Long), 100001511821(Long), 2120808(Long)
16:48:02:231 DEBUG 24476 --- [http-nio-8081-exec-2] c.h.i.mapper.ItemMapper.selectBatchIds   : <==      Total: 3
16:48:02:332 DEBUG 25524 --- [http-nio-8083-exec-2] c.h.i.mapper.ItemMapper.selectBatchIds   : ==>  Preparing: SELECT id,name,price,stock,image,category,brand,spec,sold,comment_count,isAD,status,create_time,update_time,creater,updater FROM item WHERE id IN ( ? , ? , ? )
16:48:02:332 DEBUG 25524 --- [http-nio-8083-exec-2] c.h.i.mapper.ItemMapper.selectBatchIds   : ==> Parameters: 100000006163(Long), 100001511821(Long), 2120808(Long)
16:48:02:333 DEBUG 25524 --- [http-nio-8083-exec-2] c.h.i.mapper.ItemMapper.selectBatchIds   : <==      Total: 3
16:48:02:529 DEBUG 24476 --- [http-nio-8081-exec-3] c.h.i.mapper.ItemMapper.selectBatchIds   : ==>  Preparing: SELECT id,name,price,stock,image,category,brand,spec,sold,comment_count,isAD,status,create_time,update_time,creater,updater FROM item WHERE id IN ( ? , ? , ? )
16:48:02:529 DEBUG 24476 --- [http-nio-8081-exec-3] c.h.i.mapper.ItemMapper.selectBatchIds   : ==> Parameters: 100000006163(Long), 100001511821(Long), 2120808(Long)
16:48:02:532 DEBUG 24476 --- [http-nio-8081-exec-3] c.h.i.mapper.ItemMapper.selectBatchIds   : <==      Total: 3
16:48:02:631 DEBUG 25524 --- [http-nio-8083-exec-3] c.h.i.mapper.ItemMapper.selectBatchIds   : ==>  Preparing: SELECT id,name,price,stock,image,category,brand,spec,sold,comment_count,isAD,status,create_time,update_time,creater,updater FROM item WHERE id IN ( ? , ? , ? )
16:48:02:631 DEBUG 25524 --- [http-nio-8083-exec-3] c.h.i.mapper.ItemMapper.selectBatchIds   : ==> Parameters: 100000006163(Long), 100001511821(Long), 2120808(Long)
16:48:02:633 DEBUG 25524 --- [http-nio-8083-exec-3] c.h.i.mapper.ItemMapper.selectBatchIds   : <==      Total: 3
16:48:03:032 DEBUG 24476 --- [http-nio-8081-exec-4] c.h.i.mapper.ItemMapper.selectBatchIds   : ==>  Preparing: SELECT id,name,price,stock,image,category,brand,spec,sold,comment_count,isAD,status,create_time,update_time,creater,updater FROM item WHERE id IN ( ? , ? , ? )
16:48:03:032 DEBUG 24476 --- [http-nio-8081-exec-4] c.h.i.mapper.ItemMapper.selectBatchIds   : ==> Parameters: 100000006163(Long), 100001511821(Long), 2120808(Long)
16:48:03:033 DEBUG 24476 --- [http-nio-8081-exec-4] c.h.i.mapper.ItemMapper.selectBatchIds   : <==      Total: 3
16:48:03:131 DEBUG 25524 --- [http-nio-8083-exec-4] c.h.i.mapper.ItemMapper.selectBatchIds   : ==>  Preparing: SELECT id,name,price,stock,image,category,brand,spec,sold,comment_count,isAD,status,create_time,update_time,creater,updater FROM item WHERE id IN ( ? , ? , ? )
16:48:03:131 DEBUG 25524 --- [http-nio-8083-exec-4] c.h.i.mapper.ItemMapper.selectBatchIds   : ==> Parameters: 100000006163(Long), 100001511821(Long), 2120808(Long)
16:48:03:133 DEBUG 25524 --- [http-nio-8083-exec-4] c.h.i.mapper.ItemMapper.selectBatchIds   : <==      Total: 3
16:48:03:231 DEBUG 24476 --- [http-nio-8081-exec-5] c.h.i.mapper.ItemMapper.selectBatchIds   : ==>  Preparing: SELECT id,name,price,stock,image,category,brand,spec,sold,comment_count,isAD,status,create_time,update_time,creater,updater FROM item WHERE id IN ( ? , ? , ? )
16:48:03:231 DEBUG 24476 --- [http-nio-8081-exec-5] c.h.i.mapper.ItemMapper.selectBatchIds   : ==> Parameters: 100000006163(Long), 100001511821(Long), 2120808(Long)
16:48:03:232 DEBUG 24476 --- [http-nio-8081-exec-5] c.h.i.mapper.ItemMapper.selectBatchIds   : <==      Total: 3
16:48:03:333 DEBUG 25524 --- [http-nio-8083-exec-6] c.h.i.mapper.ItemMapper.selectBatchIds   : ==>  Preparing: SELECT id,name,price,stock,image,category,brand,spec,sold,comment_count,isAD,status,create_time,update_time,creater,updater FROM item WHERE id IN ( ? , ? , ? )
16:48:03:333 DEBUG 25524 --- [http-nio-8083-exec-6] c.h.i.mapper.ItemMapper.selectBatchIds   : ==> Parameters: 100000006163(Long), 100001511821(Long), 2120808(Long)
16:48:03:334 DEBUG 25524 --- [http-nio-8083-exec-6] c.h.i.mapper.ItemMapper.selectBatchIds   : <==      Total: 3
16:48:03:533 DEBUG 24476 --- [http-nio-8081-exec-6] c.h.i.mapper.ItemMapper.selectBatchIds   : ==>  Preparing: SELECT id,name,price,stock,image,category,brand,spec,sold,comment_count,isAD,status,create_time,update_time,creater,updater FROM item WHERE id IN ( ? , ? , ? )
16:48:03:533 DEBUG 24476 --- [http-nio-8081-exec-6] c.h.i.mapper.ItemMapper.selectBatchIds   : ==> Parameters: 100000006163(Long), 100001511821(Long), 2120808(Long)
16:48:03:534 DEBUG 24476 --- [http-nio-8081-exec-6] c.h.i.mapper.ItemMapper.selectBatchIds   : <==      Total: 3
16:48:03:634 DEBUG 25524 --- [http-nio-8083-exec-5] c.h.i.mapper.ItemMapper.selectBatchIds   : ==>  Preparing: SELECT id,name,price,stock,image,category,brand,spec,sold,comment_count,isAD,status,create_time,update_time,creater,updater FROM item WHERE id IN ( ? , ? , ? )
16:48:03:634 DEBUG 25524 --- [http-nio-8083-exec-5] c.h.i.mapper.ItemMapper.selectBatchIds   : ==> Parameters: 100000006163(Long), 100001511821(Long), 2120808(Long)
16:48:03:635 DEBUG 25524 --- [http-nio-8083-exec-5] c.h.i.mapper.ItemMapper.selectBatchIds   : <==      Total: 3
16:48:04:032 DEBUG 24476 --- [http-nio-8081-exec-7] c.h.i.mapper.ItemMapper.selectBatchIds   : ==>  Preparing: SELECT id,name,price,stock,image,category,brand,spec,sold,comment_count,isAD,status,create_time,update_time,creater,updater FROM item WHERE id IN ( ? , ? , ? )
16:48:04:032 DEBUG 24476 --- [http-nio-8081-exec-7] c.h.i.mapper.ItemMapper.selectBatchIds   : ==> Parameters: 100000006163(Long), 100001511821(Long), 2120808(Long)
16:48:04:033 DEBUG 24476 --- [http-nio-8081-exec-7] c.h.i.mapper.ItemMapper.selectBatchIds   : <==      Total: 3
16:48:04:133 DEBUG 25524 --- [http-nio-8083-exec-9] c.h.i.mapper.ItemMapper.selectBatchIds   : ==>  Preparing: SELECT id,name,price,stock,image,category,brand,spec,sold,comment_count,isAD,status,create_time,update_time,creater,updater FROM item WHERE id IN ( ? , ? , ? )
16:48:04:133 DEBUG 25524 --- [http-nio-8083-exec-9] c.h.i.mapper.ItemMapper.selectBatchIds   : ==> Parameters: 100000006163(Long), 100001511821(Long), 2120808(Long)
16:48:04:134 DEBUG 25524 --- [http-nio-8083-exec-9] c.h.i.mapper.ItemMapper.selectBatchIds   : <==      Total: 3
16:48:04:232 DEBUG 24476 --- [http-nio-8081-exec-8] c.h.i.mapper.ItemMapper.selectBatchIds   : ==>  Preparing: SELECT id,name,price,stock,image,category,brand,spec,sold,comment_count,isAD,status,create_time,update_time,creater,updater FROM item WHERE id IN ( ? , ? , ? )
16:48:04:232 DEBUG 24476 --- [http-nio-8081-exec-8] c.h.i.mapper.ItemMapper.selectBatchIds   : ==> Parameters: 100000006163(Long), 100001511821(Long), 2120808(Long)
16:48:04:234 DEBUG 24476 --- [http-nio-8081-exec-8] c.h.i.mapper.ItemMapper.selectBatchIds   : <==      Total: 3
16:48:04:335 DEBUG 25524 --- [http-nio-8083-exec-8] c.h.i.mapper.ItemMapper.selectBatchIds   : ==>  Preparing: SELECT id,name,price,stock,image,category,brand,spec,sold,comment_count,isAD,status,create_time,update_time,creater,updater FROM item WHERE id IN ( ? , ? , ? )
16:48:04:335 DEBUG 25524 --- [http-nio-8083-exec-8] c.h.i.mapper.ItemMapper.selectBatchIds   : ==> Parameters: 100000006163(Long), 100001511821(Long), 2120808(Long)
16:48:04:336 DEBUG 25524 --- [http-nio-8083-exec-8] c.h.i.mapper.ItemMapper.selectBatchIds   : <==      Total: 3
16:48:04:534 DEBUG 24476 --- [http-nio-8081-exec-9] c.h.i.mapper.ItemMapper.selectBatchIds   : ==>  Preparing: SELECT id,name,price,stock,image,category,brand,spec,sold,comment_count,isAD,status,create_time,update_time,creater,updater FROM item WHERE id IN ( ? , ? , ? )
16:48:04:535 DEBUG 24476 --- [http-nio-8081-exec-9] c.h.i.mapper.ItemMapper.selectBatchIds   : ==> Parameters: 100000006163(Long), 100001511821(Long), 2120808(Long)
16:48:04:536 DEBUG 24476 --- [http-nio-8081-exec-9] c.h.i.mapper.ItemMapper.selectBatchIds   : <==      Total: 3
16:48:04:631 DEBUG 25524 --- [http-nio-8083-exec-7] c.h.i.mapper.ItemMapper.selectBatchIds   : ==>  Preparing: SELECT id,name,price,stock,image,category,brand,spec,sold,comment_count,isAD,status,create_time,update_time,creater,updater FROM item WHERE id IN ( ? , ? , ? )
16:48:04:631 DEBUG 25524 --- [http-nio-8083-exec-7] c.h.i.mapper.ItemMapper.selectBatchIds   : ==> Parameters: 100000006163(Long), 100001511821(Long), 2120808(Long)
16:48:04:633 DEBUG 25524 --- [http-nio-8083-exec-7] c.h.i.mapper.ItemMapper.selectBatchIds   : <==      Total: 3
16:48:05:032 DEBUG 24476 --- [http-nio-8081-exec-10] c.h.i.mapper.ItemMapper.selectBatchIds   : ==>  Preparing: SELECT id,name,price,stock,image,category,brand,spec,sold,comment_count,isAD,status,create_time,update_time,creater,updater FROM item WHERE id IN ( ? , ? , ? )
16:48:05:032 DEBUG 24476 --- [http-nio-8081-exec-10] c.h.i.mapper.ItemMapper.selectBatchIds   : ==> Parameters: 100000006163(Long), 100001511821(Long), 2120808(Long)
16:48:05:033 DEBUG 24476 --- [http-nio-8081-exec-10] c.h.i.mapper.ItemMapper.selectBatchIds   : <==      Total: 3
16:48:05:132 DEBUG 25524 --- [http-nio-8083-exec-10] c.h.i.mapper.ItemMapper.selectBatchIds   : ==>  Preparing: SELECT id,name,price,stock,image,category,brand,spec,sold,comment_count,isAD,status,create_time,update_time,creater,updater FROM item WHERE id IN ( ? , ? , ? )
16:48:05:132 DEBUG 25524 --- [http-nio-8083-exec-10] c.h.i.mapper.ItemMapper.selectBatchIds   : ==> Parameters: 100000006163(Long), 100001511821(Long), 2120808(Long)
16:48:05:133 DEBUG 25524 --- [http-nio-8083-exec-10] c.h.i.mapper.ItemMapper.selectBatchIds   : <==      Total: 3
16:48:05:230 DEBUG 24476 --- [http-nio-8081-exec-1] c.h.i.mapper.ItemMapper.selectBatchIds   : ==>  Preparing: SELECT id,name,price,stock,image,category,brand,spec,sold,comment_count,isAD,status,create_time,update_time,creater,updater FROM item WHERE id IN ( ? , ? , ? )
16:48:05:230 DEBUG 24476 --- [http-nio-8081-exec-1] c.h.i.mapper.ItemMapper.selectBatchIds   : ==> Parameters: 100000006163(Long), 100001511821(Long), 2120808(Long)
16:48:05:231 DEBUG 24476 --- [http-nio-8081-exec-1] c.h.i.mapper.ItemMapper.selectBatchIds   : <==      Total: 3
16:48:05:332 DEBUG 25524 --- [http-nio-8083-exec-1] c.h.i.mapper.ItemMapper.selectBatchIds   : ==>  Preparing: SELECT id,name,price,stock,image,category,brand,spec,sold,comment_count,isAD,status,create_time,update_time,creater,updater FROM item WHERE id IN ( ? , ? , ? )
16:48:05:332 DEBUG 25524 --- [http-nio-8083-exec-1] c.h.i.mapper.ItemMapper.selectBatchIds   : ==> Parameters: 100000006163(Long), 100001511821(Long), 2120808(Long)
16:48:05:333 DEBUG 25524 --- [http-nio-8083-exec-1] c.h.i.mapper.ItemMapper.selectBatchIds   : <==      Total: 3
16:48:05:531 DEBUG 24476 --- [http-nio-8081-exec-2] c.h.i.mapper.ItemMapper.selectBatchIds   : ==>  Preparing: SELECT id,name,price,stock,image,category,brand,spec,sold,comment_count,isAD,status,create_time,update_time,creater,updater FROM item WHERE id IN ( ? , ? , ? )
16:48:05:531 DEBUG 24476 --- [http-nio-8081-exec-2] c.h.i.mapper.ItemMapper.selectBatchIds   : ==> Parameters: 100000006163(Long), 100001511821(Long), 2120808(Long)
16:48:05:533 DEBUG 24476 --- [http-nio-8081-exec-2] c.h.i.mapper.ItemMapper.selectBatchIds   : <==      Total: 3
16:48:05:633 DEBUG 25524 --- [http-nio-8083-exec-2] c.h.i.mapper.ItemMapper.selectBatchIds   : ==>  Preparing: SELECT id,name,price,stock,image,category,brand,spec,sold,comment_count,isAD,status,create_time,update_time,creater,updater FROM item WHERE id IN ( ? , ? , ? )
16:48:05:633 DEBUG 25524 --- [http-nio-8083-exec-2] c.h.i.mapper.ItemMapper.selectBatchIds   : ==> Parameters: 100000006163(Long), 100001511821(Long), 2120808(Long)
16:48:05:634 DEBUG 25524 --- [http-nio-8083-exec-2] c.h.i.mapper.ItemMapper.selectBatchIds   : <==      Total: 3
16:48:06:030 DEBUG 24476 --- [http-nio-8081-exec-3] c.h.i.mapper.ItemMapper.selectBatchIds   : ==>  Preparing: SELECT id,name,price,stock,image,category,brand,spec,sold,comment_count,isAD,status,create_time,update_time,creater,updater FROM item WHERE id IN ( ? , ? , ? )
16:48:06:030 DEBUG 24476 --- [http-nio-8081-exec-3] c.h.i.mapper.ItemMapper.selectBatchIds   : ==> Parameters: 100000006163(Long), 100001511821(Long), 2120808(Long)
16:48:06:031 DEBUG 24476 --- [http-nio-8081-exec-3] c.h.i.mapper.ItemMapper.selectBatchIds   : <==      Total: 3
16:48:06:130 DEBUG 25524 --- [http-nio-8083-exec-3] c.h.i.mapper.ItemMapper.selectBatchIds   : ==>  Preparing: SELECT id,name,price,stock,image,category,brand,spec,sold,comment_count,isAD,status,create_time,update_time,creater,updater FROM item WHERE id IN ( ? , ? , ? )
16:48:06:130 DEBUG 25524 --- [http-nio-8083-exec-3] c.h.i.mapper.ItemMapper.selectBatchIds   : ==> Parameters: 100000006163(Long), 100001511821(Long), 2120808(Long)
16:48:06:131 DEBUG 25524 --- [http-nio-8083-exec-3] c.h.i.mapper.ItemMapper.selectBatchIds   : <==      Total: 3
16:48:06:230 DEBUG 24476 --- [http-nio-8081-exec-4] c.h.i.mapper.ItemMapper.selectBatchIds   : ==>  Preparing: SELECT id,name,price,stock,image,category,brand,spec,sold,comment_count,isAD,status,create_time,update_time,creater,updater FROM item WHERE id IN ( ? , ? , ? )
16:48:06:230 DEBUG 24476 --- [http-nio-8081-exec-4] c.h.i.mapper.ItemMapper.selectBatchIds   : ==> Parameters: 100000006163(Long), 100001511821(Long), 2120808(Long)
16:48:06:231 DEBUG 24476 --- [http-nio-8081-exec-4] c.h.i.mapper.ItemMapper.selectBatchIds   : <==      Total: 3
16:48:06:330 DEBUG 25524 --- [http-nio-8083-exec-4] c.h.i.mapper.ItemMapper.selectBatchIds   : ==>  Preparing: SELECT id,name,price,stock,image,category,brand,spec,sold,comment_count,isAD,status,create_time,update_time,creater,updater FROM item WHERE id IN ( ? , ? , ? )
16:48:06:330 DEBUG 25524 --- [http-nio-8083-exec-4] c.h.i.mapper.ItemMapper.selectBatchIds   : ==> Parameters: 100000006163(Long), 100001511821(Long), 2120808(Long)
16:48:06:331 DEBUG 25524 --- [http-nio-8083-exec-4] c.h.i.mapper.ItemMapper.selectBatchIds   : <==      Total: 3
16:48:06:532 DEBUG 24476 --- [http-nio-8081-exec-5] c.h.i.mapper.ItemMapper.selectBatchIds   : ==>  Preparing: SELECT id,name,price,stock,image,category,brand,spec,sold,comment_count,isAD,status,create_time,update_time,creater,updater FROM item WHERE id IN ( ? , ? , ? )
16:48:06:532 DEBUG 24476 --- [http-nio-8081-exec-5] c.h.i.mapper.ItemMapper.selectBatchIds   : ==> Parameters: 100000006163(Long), 100001511821(Long), 2120808(Long)
16:48:06:533 DEBUG 24476 --- [http-nio-8081-exec-5] c.h.i.mapper.ItemMapper.selectBatchIds   : <==      Total: 3
16:48:06:630 DEBUG 25524 --- [http-nio-8083-exec-6] c.h.i.mapper.ItemMapper.selectBatchIds   : ==>  Preparing: SELECT id,name,price,stock,image,category,brand,spec,sold,comment_count,isAD,status,create_time,update_time,creater,updater FROM item WHERE id IN ( ? , ? , ? )
16:48:06:630 DEBUG 25524 --- [http-nio-8083-exec-6] c.h.i.mapper.ItemMapper.selectBatchIds   : ==> Parameters: 100000006163(Long), 100001511821(Long), 2120808(Long)
16:48:06:631 DEBUG 25524 --- [http-nio-8083-exec-6] c.h.i.mapper.ItemMapper.selectBatchIds   : <==      Total: 3
16:48:07:031 DEBUG 24476 --- [http-nio-8081-exec-6] c.h.i.mapper.ItemMapper.selectBatchIds   : ==>  Preparing: SELECT id,name,price,stock,image,category,brand,spec,sold,comment_count,isAD,status,create_time,update_time,creater,updater FROM item WHERE id IN ( ? , ? , ? )
16:48:07:032 DEBUG 24476 --- [http-nio-8081-exec-6] c.h.i.mapper.ItemMapper.selectBatchIds   : ==> Parameters: 100000006163(Long), 100001511821(Long), 2120808(Long)
16:48:07:032 DEBUG 24476 --- [http-nio-8081-exec-6] c.h.i.mapper.ItemMapper.selectBatchIds   : <==      Total: 3
16:48:07:130 DEBUG 25524 --- [http-nio-8083-exec-5] c.h.i.mapper.ItemMapper.selectBatchIds   : ==>  Preparing: SELECT id,name,price,stock,image,category,brand,spec,sold,comment_count,isAD,status,create_time,update_time,creater,updater FROM item WHERE id IN ( ? , ? , ? )
16:48:07:130 DEBUG 25524 --- [http-nio-8083-exec-5] c.h.i.mapper.ItemMapper.selectBatchIds   : ==> Parameters: 100000006163(Long), 100001511821(Long), 2120808(Long)
16:48:07:132 DEBUG 25524 --- [http-nio-8083-exec-5] c.h.i.mapper.ItemMapper.selectBatchIds   : <==      Total: 3
16:48:07:232 DEBUG 24476 --- [http-nio-8081-exec-7] c.h.i.mapper.ItemMapper.selectBatchIds   : ==>  Preparing: SELECT id,name,price,stock,image,category,brand,spec,sold,comment_count,isAD,status,create_time,update_time,creater,updater FROM item WHERE id IN ( ? , ? , ? )
16:48:07:232 DEBUG 24476 --- [http-nio-8081-exec-7] c.h.i.mapper.ItemMapper.selectBatchIds   : ==> Parameters: 100000006163(Long), 100001511821(Long), 2120808(Long)
16:48:07:232 DEBUG 24476 --- [http-nio-8081-exec-7] c.h.i.mapper.ItemMapper.selectBatchIds   : <==      Total: 3
16:48:07:332 DEBUG 25524 --- [http-nio-8083-exec-9] c.h.i.mapper.ItemMapper.selectBatchIds   : ==>  Preparing: SELECT id,name,price,stock,image,category,brand,spec,sold,comment_count,isAD,status,create_time,update_time,creater,updater FROM item WHERE id IN ( ? , ? , ? )
16:48:07:333 DEBUG 25524 --- [http-nio-8083-exec-9] c.h.i.mapper.ItemMapper.selectBatchIds   : ==> Parameters: 100000006163(Long), 100001511821(Long), 2120808(Long)
16:48:07:334 DEBUG 25524 --- [http-nio-8083-exec-9] c.h.i.mapper.ItemMapper.selectBatchIds   : <==      Total: 3
16:48:07:532 DEBUG 24476 --- [http-nio-8081-exec-8] c.h.i.mapper.ItemMapper.selectBatchIds   : ==>  Preparing: SELECT id,name,price,stock,image,category,brand,spec,sold,comment_count,isAD,status,create_time,update_time,creater,updater FROM item WHERE id IN ( ? , ? , ? )
16:48:07:532 DEBUG 24476 --- [http-nio-8081-exec-8] c.h.i.mapper.ItemMapper.selectBatchIds   : ==> Parameters: 100000006163(Long), 100001511821(Long), 2120808(Long)
16:48:07:533 DEBUG 24476 --- [http-nio-8081-exec-8] c.h.i.mapper.ItemMapper.selectBatchIds   : <==      Total: 3
16:48:07:630 DEBUG 25524 --- [http-nio-8083-exec-8] c.h.i.mapper.ItemMapper.selectBatchIds   : ==>  Preparing: SELECT id,name,price,stock,image,category,brand,spec,sold,comment_count,isAD,status,create_time,update_time,creater,updater FROM item WHERE id IN ( ? , ? , ? )
16:48:07:630 DEBUG 25524 --- [http-nio-8083-exec-8] c.h.i.mapper.ItemMapper.selectBatchIds   : ==> Parameters: 100000006163(Long), 100001511821(Long), 2120808(Long)
16:48:07:631 DEBUG 25524 --- [http-nio-8083-exec-8] c.h.i.mapper.ItemMapper.selectBatchIds   : <==      Total: 3
16:48:08:031 DEBUG 24476 --- [http-nio-8081-exec-9] c.h.i.mapper.ItemMapper.selectBatchIds   : ==>  Preparing: SELECT id,name,price,stock,image,category,brand,spec,sold,comment_count,isAD,status,create_time,update_time,creater,updater FROM item WHERE id IN ( ? , ? , ? )
16:48:08:031 DEBUG 24476 --- [http-nio-8081-exec-9] c.h.i.mapper.ItemMapper.selectBatchIds   : ==> Parameters: 100000006163(Long), 100001511821(Long), 2120808(Long)
16:48:08:032 DEBUG 24476 --- [http-nio-8081-exec-9] c.h.i.mapper.ItemMapper.selectBatchIds   : <==      Total: 3
16:48:08:131 DEBUG 25524 --- [http-nio-8083-exec-7] c.h.i.mapper.ItemMapper.selectBatchIds   : ==>  Preparing: SELECT id,name,price,stock,image,category,brand,spec,sold,comment_count,isAD,status,create_time,update_time,creater,updater FROM item WHERE id IN ( ? , ? , ? )
16:48:08:131 DEBUG 25524 --- [http-nio-8083-exec-7] c.h.i.mapper.ItemMapper.selectBatchIds   : ==> Parameters: 100000006163(Long), 100001511821(Long), 2120808(Long)
16:48:08:132 DEBUG 25524 --- [http-nio-8083-exec-7] c.h.i.mapper.ItemMapper.selectBatchIds   : <==      Total: 3
16:48:08:233 DEBUG 24476 --- [http-nio-8081-exec-10] c.h.i.mapper.ItemMapper.selectBatchIds   : ==>  Preparing: SELECT id,name,price,stock,image,category,brand,spec,sold,comment_count,isAD,status,create_time,update_time,creater,updater FROM item WHERE id IN ( ? , ? , ? )
16:48:08:233 DEBUG 24476 --- [http-nio-8081-exec-10] c.h.i.mapper.ItemMapper.selectBatchIds   : ==> Parameters: 100000006163(Long), 100001511821(Long), 2120808(Long)
16:48:08:234 DEBUG 24476 --- [http-nio-8081-exec-10] c.h.i.mapper.ItemMapper.selectBatchIds   : <==      Total: 3
16:48:08:332 DEBUG 25524 --- [http-nio-8083-exec-10] c.h.i.mapper.ItemMapper.selectBatchIds   : ==>  Preparing: SELECT id,name,price,stock,image,category,brand,spec,sold,comment_count,isAD,status,create_time,update_time,creater,updater FROM item WHERE id IN ( ? , ? , ? )
16:48:08:332 DEBUG 25524 --- [http-nio-8083-exec-10] c.h.i.mapper.ItemMapper.selectBatchIds   : ==> Parameters: 100000006163(Long), 100001511821(Long), 2120808(Long)
16:48:08:333 DEBUG 25524 --- [http-nio-8083-exec-10] c.h.i.mapper.ItemMapper.selectBatchIds   : <==      Total: 3
16:48:08:532 DEBUG 24476 --- [http-nio-8081-exec-1] c.h.i.mapper.ItemMapper.selectBatchIds   : ==>  Preparing: SELECT id,name,price,stock,image,category,brand,spec,sold,comment_count,isAD,status,create_time,update_time,creater,updater FROM item WHERE id IN ( ? , ? , ? )
16:48:08:532 DEBUG 24476 --- [http-nio-8081-exec-1] c.h.i.mapper.ItemMapper.selectBatchIds   : ==> Parameters: 100000006163(Long), 100001511821(Long), 2120808(Long)
16:48:08:534 DEBUG 24476 --- [http-nio-8081-exec-1] c.h.i.mapper.ItemMapper.selectBatchIds   : <==      Total: 3
16:48:08:632 DEBUG 25524 --- [http-nio-8083-exec-1] c.h.i.mapper.ItemMapper.selectBatchIds   : ==>  Preparing: SELECT id,name,price,stock,image,category,brand,spec,sold,comment_count,isAD,status,create_time,update_time,creater,updater FROM item WHERE id IN ( ? , ? , ? )
16:48:08:632 DEBUG 25524 --- [http-nio-8083-exec-1] c.h.i.mapper.ItemMapper.selectBatchIds   : ==> Parameters: 100000006163(Long), 100001511821(Long), 2120808(Long)
16:48:08:633 DEBUG 25524 --- [http-nio-8083-exec-1] c.h.i.mapper.ItemMapper.selectBatchIds   : <==      Total: 3
16:48:09:030 DEBUG 24476 --- [http-nio-8081-exec-2] c.h.i.mapper.ItemMapper.selectBatchIds   : ==>  Preparing: SELECT id,name,price,stock,image,category,brand,spec,sold,comment_count,isAD,status,create_time,update_time,creater,updater FROM item WHERE id IN ( ? , ? , ? )
16:48:09:030 DEBUG 24476 --- [http-nio-8081-exec-2] c.h.i.mapper.ItemMapper.selectBatchIds   : ==> Parameters: 100000006163(Long), 100001511821(Long), 2120808(Long)
16:48:09:032 DEBUG 24476 --- [http-nio-8081-exec-2] c.h.i.mapper.ItemMapper.selectBatchIds   : <==      Total: 3
16:48:09:131 DEBUG 25524 --- [http-nio-8083-exec-2] c.h.i.mapper.ItemMapper.selectBatchIds   : ==>  Preparing: SELECT id,name,price,stock,image,category,brand,spec,sold,comment_count,isAD,status,create_time,update_time,creater,updater FROM item WHERE id IN ( ? , ? , ? )
16:48:09:131 DEBUG 25524 --- [http-nio-8083-exec-2] c.h.i.mapper.ItemMapper.selectBatchIds   : ==> Parameters: 100000006163(Long), 100001511821(Long), 2120808(Long)
16:48:09:132 DEBUG 25524 --- [http-nio-8083-exec-2] c.h.i.mapper.ItemMapper.selectBatchIds   : <==      Total: 3
16:48:09:230 DEBUG 24476 --- [http-nio-8081-exec-3] c.h.i.mapper.ItemMapper.selectBatchIds   : ==>  Preparing: SELECT id,name,price,stock,image,category,brand,spec,sold,comment_count,isAD,status,create_time,update_time,creater,updater FROM item WHERE id IN ( ? , ? , ? )
16:48:09:230 DEBUG 24476 --- [http-nio-8081-exec-3] c.h.i.mapper.ItemMapper.selectBatchIds   : ==> Parameters: 100000006163(Long), 100001511821(Long), 2120808(Long)
16:48:09:231 DEBUG 24476 --- [http-nio-8081-exec-3] c.h.i.mapper.ItemMapper.selectBatchIds   : <==      Total: 3
16:48:09:334 DEBUG 25524 --- [http-nio-8083-exec-3] c.h.i.mapper.ItemMapper.selectBatchIds   : ==>  Preparing: SELECT id,name,price,stock,image,category,brand,spec,sold,comment_count,isAD,status,create_time,update_time,creater,updater FROM item WHERE id IN ( ? , ? , ? )
16:48:09:334 DEBUG 25524 --- [http-nio-8083-exec-3] c.h.i.mapper.ItemMapper.selectBatchIds   : ==> Parameters: 100000006163(Long), 100001511821(Long), 2120808(Long)
16:48:09:335 DEBUG 25524 --- [http-nio-8083-exec-3] c.h.i.mapper.ItemMapper.selectBatchIds   : <==      Total: 3
16:48:09:531 DEBUG 24476 --- [http-nio-8081-exec-4] c.h.i.mapper.ItemMapper.selectBatchIds   : ==>  Preparing: SELECT id,name,price,stock,image,category,brand,spec,sold,comment_count,isAD,status,create_time,update_time,creater,updater FROM item WHERE id IN ( ? , ? , ? )
16:48:09:531 DEBUG 24476 --- [http-nio-8081-exec-4] c.h.i.mapper.ItemMapper.selectBatchIds   : ==> Parameters: 100000006163(Long), 100001511821(Long), 2120808(Long)
16:48:09:532 DEBUG 24476 --- [http-nio-8081-exec-4] c.h.i.mapper.ItemMapper.selectBatchIds   : <==      Total: 3
16:48:09:631 DEBUG 25524 --- [http-nio-8083-exec-4] c.h.i.mapper.ItemMapper.selectBatchIds   : ==>  Preparing: SELECT id,name,price,stock,image,category,brand,spec,sold,comment_count,isAD,status,create_time,update_time,creater,updater FROM item WHERE id IN ( ? , ? , ? )
16:48:09:631 DEBUG 25524 --- [http-nio-8083-exec-4] c.h.i.mapper.ItemMapper.selectBatchIds   : ==> Parameters: 100000006163(Long), 100001511821(Long), 2120808(Long)
16:48:09:632 DEBUG 25524 --- [http-nio-8083-exec-4] c.h.i.mapper.ItemMapper.selectBatchIds   : <==      Total: 3
16:48:10:030 DEBUG 24476 --- [http-nio-8081-exec-5] c.h.i.mapper.ItemMapper.selectBatchIds   : ==>  Preparing: SELECT id,name,price,stock,image,category,brand,spec,sold,comment_count,isAD,status,create_time,update_time,creater,updater FROM item WHERE id IN ( ? , ? , ? )
16:48:10:030 DEBUG 24476 --- [http-nio-8081-exec-5] c.h.i.mapper.ItemMapper.selectBatchIds   : ==> Parameters: 100000006163(Long), 100001511821(Long), 2120808(Long)
16:48:10:032 DEBUG 24476 --- [http-nio-8081-exec-5] c.h.i.mapper.ItemMapper.selectBatchIds   : <==      Total: 3
16:48:10:132 DEBUG 25524 --- [http-nio-8083-exec-6] c.h.i.mapper.ItemMapper.selectBatchIds   : ==>  Preparing: SELECT id,name,price,stock,image,category,brand,spec,sold,comment_count,isAD,status,create_time,update_time,creater,updater FROM item WHERE id IN ( ? , ? , ? )
16:48:10:132 DEBUG 25524 --- [http-nio-8083-exec-6] c.h.i.mapper.ItemMapper.selectBatchIds   : ==> Parameters: 100000006163(Long), 100001511821(Long), 2120808(Long)
16:48:10:133 DEBUG 25524 --- [http-nio-8083-exec-6] c.h.i.mapper.ItemMapper.selectBatchIds   : <==      Total: 3
16:48:10:231 DEBUG 24476 --- [http-nio-8081-exec-6] c.h.i.mapper.ItemMapper.selectBatchIds   : ==>  Preparing: SELECT id,name,price,stock,image,category,brand,spec,sold,comment_count,isAD,status,create_time,update_time,creater,updater FROM item WHERE id IN ( ? , ? , ? )
16:48:10:231 DEBUG 24476 --- [http-nio-8081-exec-6] c.h.i.mapper.ItemMapper.selectBatchIds   : ==> Parameters: 100000006163(Long), 100001511821(Long), 2120808(Long)
16:48:10:232 DEBUG 24476 --- [http-nio-8081-exec-6] c.h.i.mapper.ItemMapper.selectBatchIds   : <==      Total: 3
16:48:10:333 DEBUG 25524 --- [http-nio-8083-exec-5] c.h.i.mapper.ItemMapper.selectBatchIds   : ==>  Preparing: SELECT id,name,price,stock,image,category,brand,spec,sold,comment_count,isAD,status,create_time,update_time,creater,updater FROM item WHERE id IN ( ? , ? , ? )
16:48:10:333 DEBUG 25524 --- [http-nio-8083-exec-5] c.h.i.mapper.ItemMapper.selectBatchIds   : ==> Parameters: 100000006163(Long), 100001511821(Long), 2120808(Long)
16:48:10:335 DEBUG 25524 --- [http-nio-8083-exec-5] c.h.i.mapper.ItemMapper.selectBatchIds   : <==      Total: 3
16:48:10:532 DEBUG 24476 --- [http-nio-8081-exec-7] c.h.i.mapper.ItemMapper.selectBatchIds   : ==>  Preparing: SELECT id,name,price,stock,image,category,brand,spec,sold,comment_count,isAD,status,create_time,update_time,creater,updater FROM item WHERE id IN ( ? , ? , ? )
16:48:10:533 DEBUG 24476 --- [http-nio-8081-exec-7] c.h.i.mapper.ItemMapper.selectBatchIds   : ==> Parameters: 100000006163(Long), 100001511821(Long), 2120808(Long)
16:48:10:534 DEBUG 24476 --- [http-nio-8081-exec-7] c.h.i.mapper.ItemMapper.selectBatchIds   : <==      Total: 3
16:48:10:633 DEBUG 25524 --- [http-nio-8083-exec-9] c.h.i.mapper.ItemMapper.selectBatchIds   : ==>  Preparing: SELECT id,name,price,stock,image,category,brand,spec,sold,comment_count,isAD,status,create_time,update_time,creater,updater FROM item WHERE id IN ( ? , ? , ? )
16:48:10:634 DEBUG 25524 --- [http-nio-8083-exec-9] c.h.i.mapper.ItemMapper.selectBatchIds   : ==> Parameters: 100000006163(Long), 100001511821(Long), 2120808(Long)
16:48:10:634 DEBUG 25524 --- [http-nio-8083-exec-9] c.h.i.mapper.ItemMapper.selectBatchIds   : <==      Total: 3
16:53:56:771  WARN 24476 --- [Thread-1] c.a.n.common.http.HttpClientBeanHolder   : [HttpClientBeanHolder] Start destroying common HttpClient
16:53:56:771  WARN 24476 --- [Thread-5] c.a.nacos.common.notify.NotifyCenter     : [NotifyCenter] Start destroying Publisher
16:53:56:772  WARN 24476 --- [Thread-5] c.a.nacos.common.notify.NotifyCenter     : [NotifyCenter] Destruction of the end
16:53:56:774  WARN 24476 --- [Thread-1] c.a.n.common.http.HttpClientBeanHolder   : [HttpClientBeanHolder] Destruction of the end
16:53:56:843  INFO 24476 --- [SpringApplicationShutdownHook] c.a.c.n.registry.NacosServiceRegistry    : De-registering from Nacos Server now...
16:53:56:846  INFO 24476 --- [SpringApplicationShutdownHook] c.a.c.n.registry.NacosServiceRegistry    : De-registration finished.
16:53:56:933  WARN 25524 --- [Thread-5] c.a.nacos.common.notify.NotifyCenter     : [NotifyCenter] Start destroying Publisher
16:53:56:933  WARN 25524 --- [Thread-1] c.a.n.common.http.HttpClientBeanHolder   : [HttpClientBeanHolder] Start destroying common HttpClient
16:53:56:934  WARN 25524 --- [Thread-5] c.a.nacos.common.notify.NotifyCenter     : [NotifyCenter] Destruction of the end
16:53:56:935  WARN 25524 --- [Thread-1] c.a.n.common.http.HttpClientBeanHolder   : [HttpClientBeanHolder] Destruction of the end
16:53:57:012  INFO 25524 --- [SpringApplicationShutdownHook] c.a.c.n.registry.NacosServiceRegistry    : De-registering from Nacos Server now...
16:53:57:014  INFO 25524 --- [SpringApplicationShutdownHook] c.a.c.n.registry.NacosServiceRegistry    : De-registration finished.
16:53:57:178  INFO 24476 --- [SpringApplicationShutdownHook] com.alibaba.nacos.common.remote.client   : Shutdown rpc client, set status to shutdown
16:53:57:178  INFO 24476 --- [SpringApplicationShutdownHook] com.alibaba.nacos.common.remote.client   : Shutdown client event executor java.util.concurrent.ScheduledThreadPoolExecutor@de7ab6c[Running, pool size = 2, active threads = 2, queued tasks = 0, completed tasks = 0]
16:53:57:178  INFO 24476 --- [SpringApplicationShutdownHook] com.alibaba.nacos.common.remote.client   : Close current connection 1737011189002_192.168.115.1_49670
16:53:57:180  INFO 24476 --- [nacos-grpc-client-executor-1299] c.a.n.c.remote.client.grpc.GrpcClient    : [1737011189002_192.168.115.1_49670]Ignore complete event,isRunning:false,isAbandon=false
16:53:57:186  INFO 24476 --- [SpringApplicationShutdownHook] c.a.n.c.remote.client.grpc.GrpcClient    : Shutdown grpc executor java.util.concurrent.ThreadPoolExecutor@3941d5f1[Running, pool size = 5, active threads = 0, queued tasks = 0, completed tasks = 1300]
16:53:57:197  INFO 24476 --- [SpringApplicationShutdownHook] com.zaxxer.hikari.HikariDataSource       : HikariPool-1 - Shutdown initiated...
16:53:57:206  INFO 24476 --- [SpringApplicationShutdownHook] com.zaxxer.hikari.HikariDataSource       : HikariPool-1 - Shutdown completed.
16:53:57:347  INFO 25524 --- [SpringApplicationShutdownHook] com.alibaba.nacos.common.remote.client   : Shutdown rpc client, set status to shutdown
16:53:57:347  INFO 25524 --- [SpringApplicationShutdownHook] com.alibaba.nacos.common.remote.client   : Shutdown client event executor java.util.concurrent.ScheduledThreadPoolExecutor@25b6f74b[Running, pool size = 2, active threads = 2, queued tasks = 0, completed tasks = 0]
16:53:57:347  INFO 25524 --- [SpringApplicationShutdownHook] com.alibaba.nacos.common.remote.client   : Close current connection 1737011193462_192.168.115.1_49683
16:53:57:349  INFO 25524 --- [nacos-grpc-client-executor-1301] c.a.n.c.remote.client.grpc.GrpcClient    : [1737011193462_192.168.115.1_49683]Ignore complete event,isRunning:false,isAbandon=false
16:53:57:354  INFO 25524 --- [SpringApplicationShutdownHook] c.a.n.c.remote.client.grpc.GrpcClient    : Shutdown grpc executor java.util.concurrent.ThreadPoolExecutor@78cab828[Running, pool size = 5, active threads = 0, queued tasks = 0, completed tasks = 1302]
16:53:57:363  INFO 25524 --- [SpringApplicationShutdownHook] com.zaxxer.hikari.HikariDataSource       : HikariPool-1 - Shutdown initiated...
16:53:57:371  INFO 25524 --- [SpringApplicationShutdownHook] com.zaxxer.hikari.HikariDataSource       : HikariPool-1 - Shutdown completed.
